Codigo_IBGE,UF,Padrao_Acabamento,Mes,Ano,Tipo_Projeto,Descricao,Valor_m2,Regiao
11,Rondônia,Alto,janeiro,2025,CR.1-3Q,"Casa residencial (1 pav, 3 quartos)",2398.7,Norte
11,Rondônia,Alto,janeiro,2025,PR4-3QP,Prédio residencial (4 pavimentos),2140.22,Norte
11,Rondônia,Alto,janeiro,2025,PC.12-LA,Prédio comercial (12 pavimentos),2226.95,Norte
11,Rondônia,Alto,fevereiro,2025,CR.1-3Q,"Casa residencial (1 pav, 3 quartos)",2386.66,Norte
11,Rondônia,Alto,fevereiro,2025,PR4-3QP,Prédio residencial (4 pavimentos),2125.83,Norte
11,Rondônia,Alto,fevereiro,2025,PC.12-LA,Prédio comercial (12 pavimentos),2228.55,Norte
11,Rondônia,Alto,março,2025,CR.1-3Q,"Casa residencial (1 pav, 3 quartos)",2377.95,Norte
11,Rondônia,Alto,março,2025,PR4-3QP,Prédio residencial (4 pavimentos),2102.48,Norte
11,Rondônia,Alto,março,2025,PC.12-LA,Prédio comercial (12 pavimentos),2217.28,Norte
11,Rondônia,Alto,abril,2025,CR.1-3Q,"Casa residencial (1 pav, 3 quartos)",2392.01,Norte
11,Rondônia,Alto,abril,2025,PR4-3QP,Prédio residencial (4 pavimentos),2109.25,Norte
11,Rondônia,Alto,abril,2025,PC.12-LA,Prédio comercial (12 pavimentos),2225.03,Norte
11,Rondônia,Alto,maio,2025,CR.1-3Q,"Casa residencial (1 pav, 3 quartos)",2385.29,Norte
11,Rondônia,Alto,maio,2025,PR4-3QP,Prédio residencial (4 pavimentos),2106.6,Norte
11,Rondônia,Alto,maio,2025,PC.12-LA,Prédio comercial (12 pavimentos),2222.37,Norte
11,Rondônia,Alto,junho,2025,CR.1-3Q,"Casa residencial (1 pav, 3 quartos)",2435.07,Norte
11,Rondônia,Alto,junho,2025,PR4-3QP,Prédio residencial (4 pavimentos),2150.71,Norte
11,Rondônia,Alto,junho,2025,PC.12-LA,Prédio comercial (12 pavimentos),2264.83,Norte
11,Rondônia,Alto,julho,2025,CR.1-3Q,"Casa residencial (1 pav, 3 quartos)",2434.96,Norte
11,Rondônia,Alto,julho,2025,PR4-3QP,Prédio residencial (4 pavimentos),2148.01,Norte
11,Rondônia,Alto,julho,2025,PC.12-LA,Prédio comercial (12 pavimentos),2288.35,Norte
11,Rondônia,Alto,agosto,2025,CR.1-3Q,"Casa residencial (1 pav, 3 quartos)",2450.83,Norte
11,Rondônia,Alto,agosto,2025,PR4-3QP,Prédio residencial (4 pavimentos),2156.29,Norte
11,Rondônia,Alto,agosto,2025,PC.12-LA,Prédio comercial (12 pavimentos),2292.44,Norte
11,Rondônia,Alto,setembro,2025,CR.1-3Q,"Casa residencial (1 pav, 3 quartos)",2458.17,Norte
11,Rondônia,Alto,setembro,2025,PR4-3QP,Prédio residencial (4 pavimentos),2167.85,Norte
11,Rondônia,Alto,setembro,2025,PC.12-LA,Prédio comercial (12 pavimentos),2310.19,Norte
11,Rondônia,Alto,outubro,2025,CR.1-3Q,"Casa residencial (1 pav, 3 quartos)",2490.72,Norte
11,Rondônia,Alto,outubro,2025,PR4-3QP,Prédio residencial (4 pavimentos),2185.29,Norte
11,Rondônia,Alto,outubro,2025,PC.12-LA,Prédio comercial (12 pavimentos),2327.24,Norte
11,Rondônia,Alto,novembro,2025,CR.1-3Q,"Casa residencial (1 pav, 3 quartos)",2494.83,Norte
11,Rondônia,Alto,novembro,2025,PR4-3QP,Prédio residencial (4 pavimentos),2197.7,Norte
11,Rondônia,Alto,novembro,2025,PC.12-LA,Prédio comercial (12 pavimentos),2342.32,Norte
11,Rondônia,Alto,dezembro,2025,CR.1-3Q,"Casa residencial (1 pav, 3 quartos)",2496.91,Norte
11,Rondônia,Alto,dezembro,2025,PR4-3QP,Prédio residencial (4 pavimentos),2212.25,Norte
11,Rondônia,Alto,dezembro,2025,PC.12-LA,Prédio comercial (12 pavimentos),2355.62,Norte
11,Rondônia,Normal,janeiro,2025,CP.1-2Q,"Casa popular (1 pav, varanda, sala, 2 quartos)",2009.92,Norte
11,Rondônia,Normal,janeiro,2025,CR.1-3Q,"Casa residencial (1 pav, 3 quartos)",1911.39,Norte
11,Rondônia,Normal,janeiro,2025,PR4-3QP,Prédio residencial (4 pavimentos),1666.13,Norte
11,Rondônia,Normal,janeiro,2025,PC.12-LA,Prédio comercial (12 pavimentos),1755.62,Norte
11,Rondônia,Normal,fevereiro,2025,CP.1-2Q,"Casa popular (1 pav, varanda, sala, 2 quartos)",2015.89,Norte
11,Rondônia,Normal,fevereiro,2025,CR.1-3Q,"Casa residencial (1 pav, 3 quartos)",1916.52,Norte
11,Rondônia,Normal,fevereiro,2025,PR4-3QP,Prédio residencial (4 pavimentos),1667.23,Norte
11,Rondônia,Normal,fevereiro,2025,PC.12-LA,Prédio comercial (12 pavimentos),1756.51,Norte
11,Rondônia,Normal,março,2025,CP.1-2Q,"Casa popular (1 pav, varanda, sala, 2 quartos)",2024.35,Norte
11,Rondônia,Normal,março,2025,CR.1-3Q,"Casa residencial (1 pav, 3 quartos)",1925.93,Norte
11,Rondônia,Normal,março,2025,PR4-3QP,Prédio residencial (4 pavimentos),1664.53,Norte
11,Rondônia,Normal,março,2025,PC.12-LA,Prédio comercial (12 pavimentos),1748.6,Norte
11,Rondônia,Normal,abril,2025,CP.1-2Q,"Casa popular (1 pav, varanda, sala, 2 quartos)",2032.53,Norte
11,Rondônia,Normal,abril,2025,CR.1-3Q,"Casa residencial (1 pav, 3 quartos)",1933.25,Norte
11,Rondônia,Normal,abril,2025,PR4-3QP,Prédio residencial (4 pavimentos),1663.06,Norte
11,Rondônia,Normal,abril,2025,PC.12-LA,Prédio comercial (12 pavimentos),1750.7,Norte
11,Rondônia,Normal,maio,2025,CP.1-2Q,"Casa popular (1 pav, varanda, sala, 2 quartos)",2035.99,Norte
11,Rondônia,Normal,maio,2025,CR.1-3Q,"Casa residencial (1 pav, 3 quartos)",1936.88,Norte
11,Rondônia,Normal,maio,2025,PR4-3QP,Prédio residencial (4 pavimentos),1661.86,Norte
11,Rondônia,Normal,maio,2025,PC.12-LA,Prédio comercial (12 pavimentos),1742.86,Norte
11,Rondônia,Normal,junho,2025,CP.1-2Q,"Casa popular (1 pav, varanda, sala, 2 quartos)",2073.84,Norte
11,Rondônia,Normal,junho,2025,CR.1-3Q,"Casa residencial (1 pav, 3 quartos)",1971.37,Norte
11,Rondônia,Normal,junho,2025,PR4-3QP,Prédio residencial (4 pavimentos),1696.43,Norte
11,Rondônia,Normal,junho,2025,PC.12-LA,Prédio comercial (12 pavimentos),1771.45,Norte
11,Rondônia,Normal,julho,2025,CP.1-2Q,"Casa popular (1 pav, varanda, sala, 2 quartos)",2079.81,Norte
11,Rondônia,Normal,julho,2025,CR.1-3Q,"Casa residencial (1 pav, 3 quartos)",1976.02,Norte
11,Rondônia,Normal,julho,2025,PR4-3QP,Prédio residencial (4 pavimentos),1704.8,Norte
11,Rondônia,Normal,julho,2025,PC.12-LA,Prédio comercial (12 pavimentos),1790.72,Norte
11,Rondônia,Normal,agosto,2025,CP.1-2Q,"Casa popular (1 pav, varanda, sala, 2 quartos)",2088.42,Norte
11,Rondônia,Normal,agosto,2025,CR.1-3Q,"Casa residencial (1 pav, 3 quartos)",1985.12,Norte
11,Rondônia,Normal,agosto,2025,PR4-3QP,Prédio residencial (4 pavimentos),1711.21,Norte
11,Rondônia,Normal,agosto,2025,PC.12-LA,Prédio comercial (12 pavimentos),1795.01,Norte
11,Rondônia,Normal,setembro,2025,CP.1-2Q,"Casa popular (1 pav, varanda, sala, 2 quartos)",2094.28,Norte
11,Rondônia,Normal,setembro,2025,CR.1-3Q,"Casa residencial (1 pav, 3 quartos)",1992.52,Norte
11,Rondônia,Normal,setembro,2025,PR4-3QP,Prédio residencial (4 pavimentos),1718.8,Norte
11,Rondônia,Normal,setembro,2025,PC.12-LA,Prédio comercial (12 pavimentos),1806.85,Norte
11,Rondônia,Normal,outubro,2025,CP.1-2Q,"Casa popular (1 pav, varanda, sala, 2 quartos)",2108.05,Norte
11,Rondônia,Normal,outubro,2025,CR.1-3Q,"Casa residencial (1 pav, 3 quartos)",2005.01,Norte
11,Rondônia,Normal,outubro,2025,PR4-3QP,Prédio residencial (4 pavimentos),1727.42,Norte
11,Rondônia,Normal,outubro,2025,PC.12-LA,Prédio comercial (12 pavimentos),1822.75,Norte
11,Rondônia,Normal,novembro,2025,CP.1-2Q,"Casa popular (1 pav, varanda, sala, 2 quartos)",2109.8,Norte
11,Rondônia,Normal,novembro,2025,CR.1-3Q,"Casa residencial (1 pav, 3 quartos)",2005.9,Norte
11,Rondônia,Normal,novembro,2025,PR4-3QP,Prédio residencial (4 pavimentos),1734.34,Norte
11,Rondônia,Normal,novembro,2025,PC.12-LA,Prédio comercial (12 pavimentos),1828.34,Norte
11,Rondônia,Normal,dezembro,2025,CP.1-2Q,"Casa popular (1 pav, varanda, sala, 2 quartos)",2110.51,Norte
11,Rondônia,Normal,dezembro,2025,CR.1-3Q,"Casa residencial (1 pav, 3 quartos)",2007.17,Norte
11,Rondônia,Normal,dezembro,2025,PR4-3QP,Prédio residencial (4 pavimentos),1746.27,Norte
11,Rondônia,Normal,dezembro,2025,PC.12-LA,Prédio comercial (12 pavimentos),1841.78,Norte
11,Rondônia,Baixo,janeiro,2025,CP.1-2Q,"Casa popular (1 pav, varanda, sala, 2 quartos)",1413.3,Norte
11,Rondônia,Baixo,janeiro,2025,CR.1-3Q,"Casa residencial (1 pav, 3 quartos)",1338.29,Norte
11,Rondônia,Baixo,janeiro,2025,PR4-3QP,Prédio residencial (4 pavimentos),1342.23,Norte
11,Rondônia,Baixo,fevereiro,2025,CP.1-2Q,"Casa popular (1 pav, varanda, sala, 2 quartos)",1411.77,Norte
11,Rondônia,Baixo,fevereiro,2025,CR.1-3Q,"Casa residencial (1 pav, 3 quartos)",1337.07,Norte
11,Rondônia,Baixo,fevereiro,2025,PR4-3QP,Prédio residencial (4 pavimentos),1343.2,Norte
11,Rondônia,Baixo,março,2025,CP.1-2Q,"Casa popular (1 pav, varanda, sala, 2 quartos)",1414.35,Norte
11,Rondônia,Baixo,março,2025,CR.1-3Q,"Casa residencial (1 pav, 3 quartos)",1340.4,Norte
11,Rondônia,Baixo,março,2025,PR4-3QP,Prédio residencial (4 pavimentos),1344.15,Norte
11,Rondônia,Baixo,abril,2025,CP.1-2Q,"Casa popular (1 pav, varanda, sala, 2 quartos)",1416.04,Norte
11,Rondônia,Baixo,abril,2025,CR.1-3Q,"Casa residencial (1 pav, 3 quartos)",1341.96,Norte
11,Rondônia,Baixo,abril,2025,PR4-3QP,Prédio residencial (4 pavimentos),1342.0,Norte
11,Rondônia,Baixo,maio,2025,CP.1-2Q,"Casa popular (1 pav, varanda, sala, 2 quartos)",1421.47,Norte
11,Rondônia,Baixo,maio,2025,CR.1-3Q,"Casa residencial (1 pav, 3 quartos)",1346.92,Norte
11,Rondônia,Baixo,maio,2025,PR4-3QP,Prédio residencial (4 pavimentos),1337.84,Norte
11,Rondônia,Baixo,junho,2025,CP.1-2Q,"Casa popular (1 pav, varanda, sala, 2 quartos)",1450.8,Norte
11,Rondônia,Baixo,junho,2025,CR.1-3Q,"Casa residencial (1 pav, 3 quartos)",1374.04,Norte
11,Rondônia,Baixo,junho,2025,PR4-3QP,Prédio residencial (4 pavimentos),1364.2,Norte
11,Rondônia,Baixo,julho,2025,CP.1-2Q,"Casa popular (1 pav, varanda, sala, 2 quartos)",1459.19,Norte
11,Rondônia,Baixo,julho,2025,CR.1-3Q,"Casa residencial (1 pav, 3 quartos)",1381.1,Norte
11,Rondônia,Baixo,julho,2025,PR4-3QP,Prédio residencial (4 pavimentos),1373.97,Norte
11,Rondônia,Baixo,agosto,2025,CP.1-2Q,"Casa popular (1 pav, varanda, sala, 2 quartos)",1464.6,Norte
11,Rondônia,Baixo,agosto,2025,CR.1-3Q,"Casa residencial (1 pav, 3 quartos)",1386.57,Norte
11,Rondônia,Baixo,agosto,2025,PR4-3QP,Prédio residencial (4 pavimentos),1377.0,Norte
11,Rondônia,Baixo,setembro,2025,CP.1-2Q,"Casa popular (1 pav, varanda, sala, 2 quartos)",1473.57,Norte
11,Rondônia,Baixo,setembro,2025,CR.1-3Q,"Casa residencial (1 pav, 3 quartos)",1395.81,Norte
11,Rondônia,Baixo,setembro,2025,PR4-3QP,Prédio residencial (4 pavimentos),1383.49,Norte
11,Rondônia,Baixo,outubro,2025,CP.1-2Q,"Casa popular (1 pav, varanda, sala, 2 quartos)",1482.23,Norte
11,Rondônia,Baixo,outubro,2025,CR.1-3Q,"Casa residencial (1 pav, 3 quartos)",1403.36,Norte
11,Rondônia,Baixo,outubro,2025,PR4-3QP,Prédio residencial (4 pavimentos),1389.01,Norte
11,Rondônia,Baixo,novembro,2025,CP.1-2Q,"Casa popular (1 pav, varanda, sala, 2 quartos)",1485.64,Norte
11,Rondônia,Baixo,novembro,2025,CR.1-3Q,"Casa residencial (1 pav, 3 quartos)",1406.85,Norte
11,Rondônia,Baixo,novembro,2025,PR4-3QP,Prédio residencial (4 pavimentos),1391.97,Norte
11,Rondônia,Baixo,dezembro,2025,CP.1-2Q,"Casa popular (1 pav, varanda, sala, 2 quartos)",1491.42,Norte
11,Rondônia,Baixo,dezembro,2025,CR.1-3Q,"Casa residencial (1 pav, 3 quartos)",1412.72,Norte
11,Rondônia,Baixo,dezembro,2025,PR4-3QP,Prédio residencial (4 pavimentos),1403.81,Norte
11,Rondônia,Mínimo,janeiro,2025,CP.1-2Q,"Casa popular (1 pav, varanda, sala, 2 quartos)",1215.72,Norte
11,Rondônia,Mínimo,janeiro,2025,CB-MMO,Cesta básica construção,1135.21,Norte
11,Rondônia,Mínimo,fevereiro,2025,CP.1-2Q,"Casa popular (1 pav, varanda, sala, 2 quartos)",1212.38,Norte
11,Rondônia,Mínimo,fevereiro,2025,CB-MMO,Cesta básica construção,1128.97,Norte
11,Rondônia,Mínimo,março,2025,CP.1-2Q,"Casa popular (1 pav, varanda, sala, 2 quartos)",1215.48,Norte
11,Rondônia,Mínimo,março,2025,CB-MMO,Cesta básica construção,1130.44,Norte
11,Rondônia,Mínimo,abril,2025,CP.1-2Q,"Casa popular (1 pav, varanda, sala, 2 quartos)",1218.01,Norte
11,Rondônia,Mínimo,abril,2025,CB-MMO,Cesta básica construção,1130.83,Norte
11,Rondônia,Mínimo,maio,2025,CP.1-2Q,"Casa popular (1 pav, varanda, sala, 2 quartos)",1221.17,Norte
11,Rondônia,Mínimo,maio,2025,CB-MMO,Cesta básica construção,1133.59,Norte
11,Rondônia,Mínimo,junho,2025,CP.1-2Q,"Casa popular (1 pav, varanda, sala, 2 quartos)",1248.29,Norte
11,Rondônia,Mínimo,junho,2025,CB-MMO,Cesta básica construção,1161.75,Norte
11,Rondônia,Mínimo,julho,2025,CP.1-2Q,"Casa popular (1 pav, varanda, sala, 2 quartos)",1256.6,Norte
11,Rondônia,Mínimo,julho,2025,CB-MMO,Cesta básica construção,1165.55,Norte
11,Rondônia,Mínimo,agosto,2025,CP.1-2Q,"Casa popular (1 pav, varanda, sala, 2 quartos)",1260.45,Norte
11,Rondônia,Mínimo,agosto,2025,CB-MMO,Cesta básica construção,1167.99,Norte
11,Rondônia,Mínimo,setembro,2025,CP.1-2Q,"Casa popular (1 pav, varanda, sala, 2 quartos)",1268.44,Norte
11,Rondônia,Mínimo,setembro,2025,CB-MMO,Cesta básica construção,1174.93,Norte
11,Rondônia,Mínimo,outubro,2025,CP.1-2Q,"Casa popular (1 pav, varanda, sala, 2 quartos)",1277.13,Norte
11,Rondônia,Mínimo,outubro,2025,CB-MMO,Cesta básica construção,1183.86,Norte
11,Rondônia,Mínimo,novembro,2025,CP.1-2Q,"Casa popular (1 pav, varanda, sala, 2 quartos)",1281.43,Norte
11,Rondônia,Mínimo,novembro,2025,CB-MMO,Cesta básica construção,1188.34,Norte
11,Rondônia,Mínimo,dezembro,2025,CP.1-2Q,"Casa popular (1 pav, varanda, sala, 2 quartos)",1279.42,Norte
11,Rondônia,Mínimo,dezembro,2025,CB-MMO,Cesta básica construção,1190.05,Norte
12,Acre,Alto,janeiro,2025,CR.1-3Q,"Casa residencial (1 pav, 3 quartos)",2285.41,Norte
12,Acre,Alto,janeiro,2025,PR4-3QP,Prédio residencial (4 pavimentos),2125.89,Norte
12,Acre,Alto,janeiro,2025,PC.12-LA,Prédio comercial (12 pavimentos),2231.98,Norte
12,Acre,Alto,fevereiro,2025,CR.1-3Q,"Casa residencial (1 pav, 3 quartos)",2279.87,Norte
12,Acre,Alto,fevereiro,2025,PR4-3QP,Prédio residencial (4 pavimentos),2118.84,Norte
12,Acre,Alto,fevereiro,2025,PC.12-LA,Prédio comercial (12 pavimentos),2236.0,Norte
12,Acre,Alto,março,2025,CR.1-3Q,"Casa residencial (1 pav, 3 quartos)",2363.3,Norte
12,Acre,Alto,março,2025,PR4-3QP,Prédio residencial (4 pavimentos),2190.78,Norte
12,Acre,Alto,março,2025,PC.12-LA,Prédio comercial (12 pavimentos),2308.5,Norte
12,Acre,Alto,abril,2025,CR.1-3Q,"Casa residencial (1 pav, 3 quartos)",2367.03,Norte
12,Acre,Alto,abril,2025,PR4-3QP,Prédio residencial (4 pavimentos),2194.05,Norte
12,Acre,Alto,abril,2025,PC.12-LA,Prédio comercial (12 pavimentos),2314.07,Norte
12,Acre,Alto,maio,2025,CR.1-3Q,"Casa residencial (1 pav, 3 quartos)",2372.96,Norte
12,Acre,Alto,maio,2025,PR4-3QP,Prédio residencial (4 pavimentos),2200.27,Norte
12,Acre,Alto,maio,2025,PC.12-LA,Prédio comercial (12 pavimentos),2314.13,Norte
12,Acre,Alto,junho,2025,CR.1-3Q,"Casa residencial (1 pav, 3 quartos)",2387.27,Norte
12,Acre,Alto,junho,2025,PR4-3QP,Prédio residencial (4 pavimentos),2217.72,Norte
12,Acre,Alto,junho,2025,PC.12-LA,Prédio comercial (12 pavimentos),2319.55,Norte
12,Acre,Alto,julho,2025,CR.1-3Q,"Casa residencial (1 pav, 3 quartos)",2409.74,Norte
12,Acre,Alto,julho,2025,PR4-3QP,Prédio residencial (4 pavimentos),2232.55,Norte
12,Acre,Alto,julho,2025,PC.12-LA,Prédio comercial (12 pavimentos),2324.04,Norte
12,Acre,Alto,agosto,2025,CR.1-3Q,"Casa residencial (1 pav, 3 quartos)",2420.57,Norte
12,Acre,Alto,agosto,2025,PR4-3QP,Prédio residencial (4 pavimentos),2248.06,Norte
12,Acre,Alto,agosto,2025,PC.12-LA,Prédio comercial (12 pavimentos),2339.73,Norte
12,Acre,Alto,setembro,2025,CR.1-3Q,"Casa residencial (1 pav, 3 quartos)",2443.81,Norte
12,Acre,Alto,setembro,2025,PR4-3QP,Prédio residencial (4 pavimentos),2262.7,Norte
12,Acre,Alto,setembro,2025,PC.12-LA,Prédio comercial (12 pavimentos),2347.61,Norte
12,Acre,Alto,outubro,2025,CR.1-3Q,"Casa residencial (1 pav, 3 quartos)",2448.03,Norte
12,Acre,Alto,outubro,2025,PR4-3QP,Prédio residencial (4 pavimentos),2264.96,Norte
12,Acre,Alto,outubro,2025,PC.12-LA,Prédio comercial (12 pavimentos),2349.54,Norte
12,Acre,Alto,novembro,2025,CR.1-3Q,"Casa residencial (1 pav, 3 quartos)",2448.78,Norte
12,Acre,Alto,novembro,2025,PR4-3QP,Prédio residencial (4 pavimentos),2269.13,Norte
12,Acre,Alto,novembro,2025,PC.12-LA,Prédio comercial (12 pavimentos),2352.83,Norte
12,Acre,Alto,dezembro,2025,CR.1-3Q,"Casa residencial (1 pav, 3 quartos)",2452.17,Norte
12,Acre,Alto,dezembro,2025,PR4-3QP,Prédio residencial (4 pavimentos),2271.07,Norte
12,Acre,Alto,dezembro,2025,PC.12-LA,Prédio comercial (12 pavimentos),2354.02,Norte
12,Acre,Normal,janeiro,2025,CP.1-2Q,"Casa popular (1 pav, varanda, sala, 2 quartos)",2012.09,Norte
12,Acre,Normal,janeiro,2025,CR.1-3Q,"Casa residencial (1 pav, 3 quartos)",1917.04,Norte
12,Acre,Normal,janeiro,2025,PR4-3QP,Prédio residencial (4 pavimentos),1682.94,Norte
12,Acre,Normal,janeiro,2025,PC.12-LA,Prédio comercial (12 pavimentos),1764.8,Norte
12,Acre,Normal,fevereiro,2025,CP.1-2Q,"Casa popular (1 pav, varanda, sala, 2 quartos)",2015.87,Norte
12,Acre,Normal,fevereiro,2025,CR.1-3Q,"Casa residencial (1 pav, 3 quartos)",1920.91,Norte
12,Acre,Normal,fevereiro,2025,PR4-3QP,Prédio residencial (4 pavimentos),1689.27,Norte
12,Acre,Normal,fevereiro,2025,PC.12-LA,Prédio comercial (12 pavimentos),1781.04,Norte
12,Acre,Normal,março,2025,CP.1-2Q,"Casa popular (1 pav, varanda, sala, 2 quartos)",2097.59,Norte
12,Acre,Normal,março,2025,CR.1-3Q,"Casa residencial (1 pav, 3 quartos)",2000.39,Norte
12,Acre,Normal,março,2025,PR4-3QP,Prédio residencial (4 pavimentos),1758.97,Norte
12,Acre,Normal,março,2025,PC.12-LA,Prédio comercial (12 pavimentos),1850.04,Norte
12,Acre,Normal,abril,2025,CP.1-2Q,"Casa popular (1 pav, varanda, sala, 2 quartos)",2098.58,Norte
12,Acre,Normal,abril,2025,CR.1-3Q,"Casa residencial (1 pav, 3 quartos)",1999.95,Norte
12,Acre,Normal,abril,2025,PR4-3QP,Prédio residencial (4 pavimentos),1759.74,Norte
12,Acre,Normal,abril,2025,PC.12-LA,Prédio comercial (12 pavimentos),1853.56,Norte
12,Acre,Normal,maio,2025,CP.1-2Q,"Casa popular (1 pav, varanda, sala, 2 quartos)",2101.37,Norte
12,Acre,Normal,maio,2025,CR.1-3Q,"Casa residencial (1 pav, 3 quartos)",2003.15,Norte
12,Acre,Normal,maio,2025,PR4-3QP,Prédio residencial (4 pavimentos),1759.91,Norte
12,Acre,Normal,maio,2025,PC.12-LA,Prédio comercial (12 pavimentos),1842.95,Norte
12,Acre,Normal,junho,2025,CP.1-2Q,"Casa popular (1 pav, varanda, sala, 2 quartos)",2107.76,Norte
12,Acre,Normal,junho,2025,CR.1-3Q,"Casa residencial (1 pav, 3 quartos)",2007.57,Norte
12,Acre,Normal,junho,2025,PR4-3QP,Prédio residencial (4 pavimentos),1767.82,Norte
12,Acre,Normal,junho,2025,PC.12-LA,Prédio comercial (12 pavimentos),1844.37,Norte
12,Acre,Normal,julho,2025,CP.1-2Q,"Casa popular (1 pav, varanda, sala, 2 quartos)",2127.25,Norte
12,Acre,Normal,julho,2025,CR.1-3Q,"Casa residencial (1 pav, 3 quartos)",2024.98,Norte
12,Acre,Normal,julho,2025,PR4-3QP,Prédio residencial (4 pavimentos),1778.66,Norte
12,Acre,Normal,julho,2025,PC.12-LA,Prédio comercial (12 pavimentos),1852.27,Norte
12,Acre,Normal,agosto,2025,CP.1-2Q,"Casa popular (1 pav, varanda, sala, 2 quartos)",2138.18,Norte
12,Acre,Normal,agosto,2025,CR.1-3Q,"Casa residencial (1 pav, 3 quartos)",2034.46,Norte
12,Acre,Normal,agosto,2025,PR4-3QP,Prédio residencial (4 pavimentos),1788.7,Norte
12,Acre,Normal,agosto,2025,PC.12-LA,Prédio comercial (12 pavimentos),1855.85,Norte
12,Acre,Normal,setembro,2025,CP.1-2Q,"Casa popular (1 pav, varanda, sala, 2 quartos)",2155.84,Norte
12,Acre,Normal,setembro,2025,CR.1-3Q,"Casa residencial (1 pav, 3 quartos)",2051.42,Norte
12,Acre,Normal,setembro,2025,PR4-3QP,Prédio residencial (4 pavimentos),1799.5,Norte
12,Acre,Normal,setembro,2025,PC.12-LA,Prédio comercial (12 pavimentos),1862.18,Norte
12,Acre,Normal,outubro,2025,CP.1-2Q,"Casa popular (1 pav, varanda, sala, 2 quartos)",2156.8,Norte
12,Acre,Normal,outubro,2025,CR.1-3Q,"Casa residencial (1 pav, 3 quartos)",2053.51,Norte
12,Acre,Normal,outubro,2025,PR4-3QP,Prédio residencial (4 pavimentos),1800.08,Norte
12,Acre,Normal,outubro,2025,PC.12-LA,Prédio comercial (12 pavimentos),1863.63,Norte
12,Acre,Normal,novembro,2025,CP.1-2Q,"Casa popular (1 pav, varanda, sala, 2 quartos)",2158.8,Norte
12,Acre,Normal,novembro,2025,CR.1-3Q,"Casa residencial (1 pav, 3 quartos)",2055.05,Norte
12,Acre,Normal,novembro,2025,PR4-3QP,Prédio residencial (4 pavimentos),1803.34,Norte
12,Acre,Normal,novembro,2025,PC.12-LA,Prédio comercial (12 pavimentos),1864.91,Norte
12,Acre,Normal,dezembro,2025,CP.1-2Q,"Casa popular (1 pav, varanda, sala, 2 quartos)",2159.5,Norte
12,Acre,Normal,dezembro,2025,CR.1-3Q,"Casa residencial (1 pav, 3 quartos)",2055.37,Norte
12,Acre,Normal,dezembro,2025,PR4-3QP,Prédio residencial (4 pavimentos),1802.4,Norte
12,Acre,Normal,dezembro,2025,PC.12-LA,Prédio comercial (12 pavimentos),1862.8,Norte
12,Acre,Baixo,janeiro,2025,CP.1-2Q,"Casa popular (1 pav, varanda, sala, 2 quartos)",1464.1,Norte
12,Acre,Baixo,janeiro,2025,CR.1-3Q,"Casa residencial (1 pav, 3 quartos)",1387.3,Norte
12,Acre,Baixo,janeiro,2025,PR4-3QP,Prédio residencial (4 pavimentos),1371.18,Norte
12,Acre,Baixo,fevereiro,2025,CP.1-2Q,"Casa popular (1 pav, varanda, sala, 2 quartos)",1469.79,Norte
12,Acre,Baixo,fevereiro,2025,CR.1-3Q,"Casa residencial (1 pav, 3 quartos)",1392.91,Norte
12,Acre,Baixo,fevereiro,2025,PR4-3QP,Prédio residencial (4 pavimentos),1383.58,Norte
12,Acre,Baixo,março,2025,CP.1-2Q,"Casa popular (1 pav, varanda, sala, 2 quartos)",1533.4,Norte
12,Acre,Baixo,março,2025,CR.1-3Q,"Casa residencial (1 pav, 3 quartos)",1453.78,Norte
12,Acre,Baixo,março,2025,PR4-3QP,Prédio residencial (4 pavimentos),1444.3,Norte
12,Acre,Baixo,abril,2025,CP.1-2Q,"Casa popular (1 pav, varanda, sala, 2 quartos)",1530.47,Norte
12,Acre,Baixo,abril,2025,CR.1-3Q,"Casa residencial (1 pav, 3 quartos)",1451.11,Norte
12,Acre,Baixo,abril,2025,PR4-3QP,Prédio residencial (4 pavimentos),1443.43,Norte
12,Acre,Baixo,maio,2025,CP.1-2Q,"Casa popular (1 pav, varanda, sala, 2 quartos)",1528.22,Norte
12,Acre,Baixo,maio,2025,CR.1-3Q,"Casa residencial (1 pav, 3 quartos)",1448.37,Norte
12,Acre,Baixo,maio,2025,PR4-3QP,Prédio residencial (4 pavimentos),1436.85,Norte
12,Acre,Baixo,junho,2025,CP.1-2Q,"Casa popular (1 pav, varanda, sala, 2 quartos)",1532.68,Norte
12,Acre,Baixo,junho,2025,CR.1-3Q,"Casa residencial (1 pav, 3 quartos)",1452.19,Norte
12,Acre,Baixo,junho,2025,PR4-3QP,Prédio residencial (4 pavimentos),1440.74,Norte
12,Acre,Baixo,julho,2025,CP.1-2Q,"Casa popular (1 pav, varanda, sala, 2 quartos)",1548.41,Norte
12,Acre,Baixo,julho,2025,CR.1-3Q,"Casa residencial (1 pav, 3 quartos)",1466.31,Norte
12,Acre,Baixo,julho,2025,PR4-3QP,Prédio residencial (4 pavimentos),1454.47,Norte
12,Acre,Baixo,agosto,2025,CP.1-2Q,"Casa popular (1 pav, varanda, sala, 2 quartos)",1553.99,Norte
12,Acre,Baixo,agosto,2025,CR.1-3Q,"Casa residencial (1 pav, 3 quartos)",1471.61,Norte
12,Acre,Baixo,agosto,2025,PR4-3QP,Prédio residencial (4 pavimentos),1459.04,Norte
12,Acre,Baixo,setembro,2025,CP.1-2Q,"Casa popular (1 pav, varanda, sala, 2 quartos)",1564.08,Norte
12,Acre,Baixo,setembro,2025,CR.1-3Q,"Casa residencial (1 pav, 3 quartos)",1481.34,Norte
12,Acre,Baixo,setembro,2025,PR4-3QP,Prédio residencial (4 pavimentos),1467.04,Norte
12,Acre,Baixo,outubro,2025,CP.1-2Q,"Casa popular (1 pav, varanda, sala, 2 quartos)",1561.52,Norte
12,Acre,Baixo,outubro,2025,CR.1-3Q,"Casa residencial (1 pav, 3 quartos)",1479.39,Norte
12,Acre,Baixo,outubro,2025,PR4-3QP,Prédio residencial (4 pavimentos),1466.24,Norte
12,Acre,Baixo,novembro,2025,CP.1-2Q,"Casa popular (1 pav, varanda, sala, 2 quartos)",1561.09,Norte
12,Acre,Baixo,novembro,2025,CR.1-3Q,"Casa residencial (1 pav, 3 quartos)",1478.91,Norte
12,Acre,Baixo,novembro,2025,PR4-3QP,Prédio residencial (4 pavimentos),1468.76,Norte
12,Acre,Baixo,dezembro,2025,CP.1-2Q,"Casa popular (1 pav, varanda, sala, 2 quartos)",1560.64,Norte
12,Acre,Baixo,dezembro,2025,CR.1-3Q,"Casa residencial (1 pav, 3 quartos)",1478.12,Norte
12,Acre,Baixo,dezembro,2025,PR4-3QP,Prédio residencial (4 pavimentos),1465.99,Norte
12,Acre,Mínimo,janeiro,2025,CP.1-2Q,"Casa popular (1 pav, varanda, sala, 2 quartos)",1255.08,Norte
12,Acre,Mínimo,janeiro,2025,CB-MMO,Cesta básica construção,1154.16,Norte
12,Acre,Mínimo,fevereiro,2025,CP.1-2Q,"Casa popular (1 pav, varanda, sala, 2 quartos)",1261.22,Norte
12,Acre,Mínimo,fevereiro,2025,CB-MMO,Cesta básica construção,1161.59,Norte
12,Acre,Mínimo,março,2025,CP.1-2Q,"Casa popular (1 pav, varanda, sala, 2 quartos)",1317.49,Norte
12,Acre,Mínimo,março,2025,CB-MMO,Cesta básica construção,1218.18,Norte
12,Acre,Mínimo,abril,2025,CP.1-2Q,"Casa popular (1 pav, varanda, sala, 2 quartos)",1315.32,Norte
12,Acre,Mínimo,abril,2025,CB-MMO,Cesta básica construção,1214.8,Norte
12,Acre,Mínimo,maio,2025,CP.1-2Q,"Casa popular (1 pav, varanda, sala, 2 quartos)",1312.06,Norte
12,Acre,Mínimo,maio,2025,CB-MMO,Cesta básica construção,1215.55,Norte
12,Acre,Mínimo,junho,2025,CP.1-2Q,"Casa popular (1 pav, varanda, sala, 2 quartos)",1320.58,Norte
12,Acre,Mínimo,junho,2025,CB-MMO,Cesta básica construção,1225.95,Norte
12,Acre,Mínimo,julho,2025,CP.1-2Q,"Casa popular (1 pav, varanda, sala, 2 quartos)",1338.04,Norte
12,Acre,Mínimo,julho,2025,CB-MMO,Cesta básica construção,1245.41,Norte
12,Acre,Mínimo,agosto,2025,CP.1-2Q,"Casa popular (1 pav, varanda, sala, 2 quartos)",1340.88,Norte
12,Acre,Mínimo,agosto,2025,CB-MMO,Cesta básica construção,1249.4,Norte
12,Acre,Mínimo,setembro,2025,CP.1-2Q,"Casa popular (1 pav, varanda, sala, 2 quartos)",1348.17,Norte
12,Acre,Mínimo,setembro,2025,CB-MMO,Cesta básica construção,1257.06,Norte
12,Acre,Mínimo,outubro,2025,CP.1-2Q,"Casa popular (1 pav, varanda, sala, 2 quartos)",1348.93,Norte
12,Acre,Mínimo,outubro,2025,CB-MMO,Cesta básica construção,1255.78,Norte
12,Acre,Mínimo,novembro,2025,CP.1-2Q,"Casa popular (1 pav, varanda, sala, 2 quartos)",1346.27,Norte
12,Acre,Mínimo,novembro,2025,CB-MMO,Cesta básica construção,1253.56,Norte
12,Acre,Mínimo,dezembro,2025,CP.1-2Q,"Casa popular (1 pav, varanda, sala, 2 quartos)",1345.81,Norte
12,Acre,Mínimo,dezembro,2025,CB-MMO,Cesta básica construção,1254.89,Norte
13,Amazonas,Alto,janeiro,2025,CR.1-3Q,"Casa residencial (1 pav, 3 quartos)",2165.49,Norte
13,Amazonas,Alto,janeiro,2025,PR4-3QP,Prédio residencial (4 pavimentos),2016.34,Norte
13,Amazonas,Alto,janeiro,2025,PC.12-LA,Prédio comercial (12 pavimentos),2073.12,Norte
13,Amazonas,Alto,fevereiro,2025,CR.1-3Q,"Casa residencial (1 pav, 3 quartos)",2155.62,Norte
13,Amazonas,Alto,fevereiro,2025,PR4-3QP,Prédio residencial (4 pavimentos),2015.01,Norte
13,Amazonas,Alto,fevereiro,2025,PC.12-LA,Prédio comercial (12 pavimentos),2086.28,Norte
13,Amazonas,Alto,março,2025,CR.1-3Q,"Casa residencial (1 pav, 3 quartos)",2156.44,Norte
13,Amazonas,Alto,março,2025,PR4-3QP,Prédio residencial (4 pavimentos),2015.54,Norte
13,Amazonas,Alto,março,2025,PC.12-LA,Prédio comercial (12 pavimentos),2086.22,Norte
13,Amazonas,Alto,abril,2025,CR.1-3Q,"Casa residencial (1 pav, 3 quartos)",2161.44,Norte
13,Amazonas,Alto,abril,2025,PR4-3QP,Prédio residencial (4 pavimentos),2013.0,Norte
13,Amazonas,Alto,abril,2025,PC.12-LA,Prédio comercial (12 pavimentos),2077.35,Norte
13,Amazonas,Alto,maio,2025,CR.1-3Q,"Casa residencial (1 pav, 3 quartos)",2166.36,Norte
13,Amazonas,Alto,maio,2025,PR4-3QP,Prédio residencial (4 pavimentos),2012.81,Norte
13,Amazonas,Alto,maio,2025,PC.12-LA,Prédio comercial (12 pavimentos),2071.58,Norte
13,Amazonas,Alto,junho,2025,CR.1-3Q,"Casa residencial (1 pav, 3 quartos)",2177.53,Norte
13,Amazonas,Alto,junho,2025,PR4-3QP,Prédio residencial (4 pavimentos),2015.42,Norte
13,Amazonas,Alto,junho,2025,PC.12-LA,Prédio comercial (12 pavimentos),2067.64,Norte
13,Amazonas,Alto,julho,2025,CR.1-3Q,"Casa residencial (1 pav, 3 quartos)",2181.14,Norte
13,Amazonas,Alto,julho,2025,PR4-3QP,Prédio residencial (4 pavimentos),2020.26,Norte
13,Amazonas,Alto,julho,2025,PC.12-LA,Prédio comercial (12 pavimentos),2069.7,Norte
13,Amazonas,Alto,agosto,2025,CR.1-3Q,"Casa residencial (1 pav, 3 quartos)",2217.14,Norte
13,Amazonas,Alto,agosto,2025,PR4-3QP,Prédio residencial (4 pavimentos),2073.92,Norte
13,Amazonas,Alto,agosto,2025,PC.12-LA,Prédio comercial (12 pavimentos),2129.27,Norte
13,Amazonas,Alto,setembro,2025,CR.1-3Q,"Casa residencial (1 pav, 3 quartos)",2230.64,Norte
13,Amazonas,Alto,setembro,2025,PR4-3QP,Prédio residencial (4 pavimentos),2085.63,Norte
13,Amazonas,Alto,setembro,2025,PC.12-LA,Prédio comercial (12 pavimentos),2135.3,Norte
13,Amazonas,Alto,outubro,2025,CR.1-3Q,"Casa residencial (1 pav, 3 quartos)",2237.45,Norte
13,Amazonas,Alto,outubro,2025,PR4-3QP,Prédio residencial (4 pavimentos),2092.78,Norte
13,Amazonas,Alto,outubro,2025,PC.12-LA,Prédio comercial (12 pavimentos),2137.94,Norte
13,Amazonas,Alto,novembro,2025,CR.1-3Q,"Casa residencial (1 pav, 3 quartos)",2239.56,Norte
13,Amazonas,Alto,novembro,2025,PR4-3QP,Prédio residencial (4 pavimentos),2095.64,Norte
13,Amazonas,Alto,novembro,2025,PC.12-LA,Prédio comercial (12 pavimentos),2140.0,Norte
13,Amazonas,Alto,dezembro,2025,CR.1-3Q,"Casa residencial (1 pav, 3 quartos)",2243.96,Norte
13,Amazonas,Alto,dezembro,2025,PR4-3QP,Prédio residencial (4 pavimentos),2102.78,Norte
13,Amazonas,Alto,dezembro,2025,PC.12-LA,Prédio comercial (12 pavimentos),2146.37,Norte
13,Amazonas,Normal,janeiro,2025,CP.1-2Q,"Casa popular (1 pav, varanda, sala, 2 quartos)",1898.42,Norte
13,Amazonas,Normal,janeiro,2025,CR.1-3Q,"Casa residencial (1 pav, 3 quartos)",1786.56,Norte
13,Amazonas,Normal,janeiro,2025,PR4-3QP,Prédio residencial (4 pavimentos),1588.84,Norte
13,Amazonas,Normal,janeiro,2025,PC.12-LA,Prédio comercial (12 pavimentos),1639.24,Norte
13,Amazonas,Normal,fevereiro,2025,CP.1-2Q,"Casa popular (1 pav, varanda, sala, 2 quartos)",1903.77,Norte
13,Amazonas,Normal,fevereiro,2025,CR.1-3Q,"Casa residencial (1 pav, 3 quartos)",1790.6,Norte
13,Amazonas,Normal,fevereiro,2025,PR4-3QP,Prédio residencial (4 pavimentos),1598.42,Norte
13,Amazonas,Normal,fevereiro,2025,PC.12-LA,Prédio comercial (12 pavimentos),1652.82,Norte
13,Amazonas,Normal,março,2025,CP.1-2Q,"Casa popular (1 pav, varanda, sala, 2 quartos)",1903.45,Norte
13,Amazonas,Normal,março,2025,CR.1-3Q,"Casa residencial (1 pav, 3 quartos)",1790.0,Norte
13,Amazonas,Normal,março,2025,PR4-3QP,Prédio residencial (4 pavimentos),1597.79,Norte
13,Amazonas,Normal,março,2025,PC.12-LA,Prédio comercial (12 pavimentos),1652.72,Norte
13,Amazonas,Normal,abril,2025,CP.1-2Q,"Casa popular (1 pav, varanda, sala, 2 quartos)",1905.47,Norte
13,Amazonas,Normal,abril,2025,CR.1-3Q,"Casa residencial (1 pav, 3 quartos)",1792.22,Norte
13,Amazonas,Normal,abril,2025,PR4-3QP,Prédio residencial (4 pavimentos),1593.53,Norte
13,Amazonas,Normal,abril,2025,PC.12-LA,Prédio comercial (12 pavimentos),1644.77,Norte
13,Amazonas,Normal,maio,2025,CP.1-2Q,"Casa popular (1 pav, varanda, sala, 2 quartos)",1908.75,Norte
13,Amazonas,Normal,maio,2025,CR.1-3Q,"Casa residencial (1 pav, 3 quartos)",1796.16,Norte
13,Amazonas,Normal,maio,2025,PR4-3QP,Prédio residencial (4 pavimentos),1593.33,Norte
13,Amazonas,Normal,maio,2025,PC.12-LA,Prédio comercial (12 pavimentos),1638.25,Norte
13,Amazonas,Normal,junho,2025,CP.1-2Q,"Casa popular (1 pav, varanda, sala, 2 quartos)",1913.56,Norte
13,Amazonas,Normal,junho,2025,CR.1-3Q,"Casa residencial (1 pav, 3 quartos)",1801.37,Norte
13,Amazonas,Normal,junho,2025,PR4-3QP,Prédio residencial (4 pavimentos),1588.97,Norte
13,Amazonas,Normal,junho,2025,PC.12-LA,Prédio comercial (12 pavimentos),1632.03,Norte
13,Amazonas,Normal,julho,2025,CP.1-2Q,"Casa popular (1 pav, varanda, sala, 2 quartos)",1915.46,Norte
13,Amazonas,Normal,julho,2025,CR.1-3Q,"Casa residencial (1 pav, 3 quartos)",1802.64,Norte
13,Amazonas,Normal,julho,2025,PR4-3QP,Prédio residencial (4 pavimentos),1592.45,Norte
13,Amazonas,Normal,julho,2025,PC.12-LA,Prédio comercial (12 pavimentos),1635.47,Norte
13,Amazonas,Normal,agosto,2025,CP.1-2Q,"Casa popular (1 pav, varanda, sala, 2 quartos)",1950.09,Norte
13,Amazonas,Normal,agosto,2025,CR.1-3Q,"Casa residencial (1 pav, 3 quartos)",1837.05,Norte
13,Amazonas,Normal,agosto,2025,PR4-3QP,Prédio residencial (4 pavimentos),1641.05,Norte
13,Amazonas,Normal,agosto,2025,PC.12-LA,Prédio comercial (12 pavimentos),1681.78,Norte
13,Amazonas,Normal,setembro,2025,CP.1-2Q,"Casa popular (1 pav, varanda, sala, 2 quartos)",1956.53,Norte
13,Amazonas,Normal,setembro,2025,CR.1-3Q,"Casa residencial (1 pav, 3 quartos)",1843.43,Norte
13,Amazonas,Normal,setembro,2025,PR4-3QP,Prédio residencial (4 pavimentos),1646.52,Norte
13,Amazonas,Normal,setembro,2025,PC.12-LA,Prédio comercial (12 pavimentos),1687.34,Norte
13,Amazonas,Normal,outubro,2025,CP.1-2Q,"Casa popular (1 pav, varanda, sala, 2 quartos)",1959.69,Norte
13,Amazonas,Normal,outubro,2025,CR.1-3Q,"Casa residencial (1 pav, 3 quartos)",1846.77,Norte
13,Amazonas,Normal,outubro,2025,PR4-3QP,Prédio residencial (4 pavimentos),1650.98,Norte
13,Amazonas,Normal,outubro,2025,PC.12-LA,Prédio comercial (12 pavimentos),1689.47,Norte
13,Amazonas,Normal,novembro,2025,CP.1-2Q,"Casa popular (1 pav, varanda, sala, 2 quartos)",1960.54,Norte
13,Amazonas,Normal,novembro,2025,CR.1-3Q,"Casa residencial (1 pav, 3 quartos)",1846.09,Norte
13,Amazonas,Normal,novembro,2025,PR4-3QP,Prédio residencial (4 pavimentos),1650.23,Norte
13,Amazonas,Normal,novembro,2025,PC.12-LA,Prédio comercial (12 pavimentos),1688.76,Norte
13,Amazonas,Normal,dezembro,2025,CP.1-2Q,"Casa popular (1 pav, varanda, sala, 2 quartos)",1962.1,Norte
13,Amazonas,Normal,dezembro,2025,CR.1-3Q,"Casa residencial (1 pav, 3 quartos)",1847.69,Norte
13,Amazonas,Normal,dezembro,2025,PR4-3QP,Prédio residencial (4 pavimentos),1654.72,Norte
13,Amazonas,Normal,dezembro,2025,PC.12-LA,Prédio comercial (12 pavimentos),1690.75,Norte
13,Amazonas,Baixo,janeiro,2025,CP.1-2Q,"Casa popular (1 pav, varanda, sala, 2 quartos)",1380.62,Norte
13,Amazonas,Baixo,janeiro,2025,CR.1-3Q,"Casa residencial (1 pav, 3 quartos)",1296.71,Norte
13,Amazonas,Baixo,janeiro,2025,PR4-3QP,Prédio residencial (4 pavimentos),1270.89,Norte
13,Amazonas,Baixo,fevereiro,2025,CP.1-2Q,"Casa popular (1 pav, varanda, sala, 2 quartos)",1386.47,Norte
13,Amazonas,Baixo,fevereiro,2025,CR.1-3Q,"Casa residencial (1 pav, 3 quartos)",1301.85,Norte
13,Amazonas,Baixo,fevereiro,2025,PR4-3QP,Prédio residencial (4 pavimentos),1280.94,Norte
13,Amazonas,Baixo,março,2025,CP.1-2Q,"Casa popular (1 pav, varanda, sala, 2 quartos)",1389.51,Norte
13,Amazonas,Baixo,março,2025,CR.1-3Q,"Casa residencial (1 pav, 3 quartos)",1303.8,Norte
13,Amazonas,Baixo,março,2025,PR4-3QP,Prédio residencial (4 pavimentos),1280.13,Norte
13,Amazonas,Baixo,abril,2025,CP.1-2Q,"Casa popular (1 pav, varanda, sala, 2 quartos)",1389.69,Norte
13,Amazonas,Baixo,abril,2025,CR.1-3Q,"Casa residencial (1 pav, 3 quartos)",1304.03,Norte
13,Amazonas,Baixo,abril,2025,PR4-3QP,Prédio residencial (4 pavimentos),1275.65,Norte
13,Amazonas,Baixo,maio,2025,CP.1-2Q,"Casa popular (1 pav, varanda, sala, 2 quartos)",1392.71,Norte
13,Amazonas,Baixo,maio,2025,CR.1-3Q,"Casa residencial (1 pav, 3 quartos)",1307.5,Norte
13,Amazonas,Baixo,maio,2025,PR4-3QP,Prédio residencial (4 pavimentos),1273.17,Norte
13,Amazonas,Baixo,junho,2025,CP.1-2Q,"Casa popular (1 pav, varanda, sala, 2 quartos)",1389.19,Norte
13,Amazonas,Baixo,junho,2025,CR.1-3Q,"Casa residencial (1 pav, 3 quartos)",1304.5,Norte
13,Amazonas,Baixo,junho,2025,PR4-3QP,Prédio residencial (4 pavimentos),1268.3,Norte
13,Amazonas,Baixo,julho,2025,CP.1-2Q,"Casa popular (1 pav, varanda, sala, 2 quartos)",1392.3,Norte
13,Amazonas,Baixo,julho,2025,CR.1-3Q,"Casa residencial (1 pav, 3 quartos)",1306.65,Norte
13,Amazonas,Baixo,julho,2025,PR4-3QP,Prédio residencial (4 pavimentos),1269.9,Norte
13,Amazonas,Baixo,agosto,2025,CP.1-2Q,"Casa popular (1 pav, varanda, sala, 2 quartos)",1423.35,Norte
13,Amazonas,Baixo,agosto,2025,CR.1-3Q,"Casa residencial (1 pav, 3 quartos)",1337.07,Norte
13,Amazonas,Baixo,agosto,2025,PR4-3QP,Prédio residencial (4 pavimentos),1311.33,Norte
13,Amazonas,Baixo,setembro,2025,CP.1-2Q,"Casa popular (1 pav, varanda, sala, 2 quartos)",1423.87,Norte
13,Amazonas,Baixo,setembro,2025,CR.1-3Q,"Casa residencial (1 pav, 3 quartos)",1338.42,Norte
13,Amazonas,Baixo,setembro,2025,PR4-3QP,Prédio residencial (4 pavimentos),1316.62,Norte
13,Amazonas,Baixo,outubro,2025,CP.1-2Q,"Casa popular (1 pav, varanda, sala, 2 quartos)",1431.06,Norte
13,Amazonas,Baixo,outubro,2025,CR.1-3Q,"Casa residencial (1 pav, 3 quartos)",1344.53,Norte
13,Amazonas,Baixo,outubro,2025,PR4-3QP,Prédio residencial (4 pavimentos),1321.4,Norte
13,Amazonas,Baixo,novembro,2025,CP.1-2Q,"Casa popular (1 pav, varanda, sala, 2 quartos)",1428.45,Norte
13,Amazonas,Baixo,novembro,2025,CR.1-3Q,"Casa residencial (1 pav, 3 quartos)",1341.58,Norte
13,Amazonas,Baixo,novembro,2025,PR4-3QP,Prédio residencial (4 pavimentos),1319.16,Norte
13,Amazonas,Baixo,dezembro,2025,CP.1-2Q,"Casa popular (1 pav, varanda, sala, 2 quartos)",1429.58,Norte
13,Amazonas,Baixo,dezembro,2025,CR.1-3Q,"Casa residencial (1 pav, 3 quartos)",1342.65,Norte
13,Amazonas,Baixo,dezembro,2025,PR4-3QP,Prédio residencial (4 pavimentos),1321.04,Norte
13,Amazonas,Mínimo,janeiro,2025,CP.1-2Q,"Casa popular (1 pav, varanda, sala, 2 quartos)",1199.63,Norte
13,Amazonas,Mínimo,janeiro,2025,CB-MMO,Cesta básica construção,1103.3,Norte
13,Amazonas,Mínimo,fevereiro,2025,CP.1-2Q,"Casa popular (1 pav, varanda, sala, 2 quartos)",1201.55,Norte
13,Amazonas,Mínimo,fevereiro,2025,CB-MMO,Cesta básica construção,1104.01,Norte
13,Amazonas,Mínimo,março,2025,CP.1-2Q,"Casa popular (1 pav, varanda, sala, 2 quartos)",1204.72,Norte
13,Amazonas,Mínimo,março,2025,CB-MMO,Cesta básica construção,1106.4,Norte
13,Amazonas,Mínimo,abril,2025,CP.1-2Q,"Casa popular (1 pav, varanda, sala, 2 quartos)",1203.88,Norte
13,Amazonas,Mínimo,abril,2025,CB-MMO,Cesta básica construção,1106.15,Norte
13,Amazonas,Mínimo,maio,2025,CP.1-2Q,"Casa popular (1 pav, varanda, sala, 2 quartos)",1206.75,Norte
13,Amazonas,Mínimo,maio,2025,CB-MMO,Cesta básica construção,1112.44,Norte
13,Amazonas,Mínimo,junho,2025,CP.1-2Q,"Casa popular (1 pav, varanda, sala, 2 quartos)",1205.34,Norte
13,Amazonas,Mínimo,junho,2025,CB-MMO,Cesta básica construção,1110.36,Norte
13,Amazonas,Mínimo,julho,2025,CP.1-2Q,"Casa popular (1 pav, varanda, sala, 2 quartos)",1207.07,Norte
13,Amazonas,Mínimo,julho,2025,CB-MMO,Cesta básica construção,1110.71,Norte
13,Amazonas,Mínimo,agosto,2025,CP.1-2Q,"Casa popular (1 pav, varanda, sala, 2 quartos)",1235.77,Norte
13,Amazonas,Mínimo,agosto,2025,CB-MMO,Cesta básica construção,1144.79,Norte
13,Amazonas,Mínimo,setembro,2025,CP.1-2Q,"Casa popular (1 pav, varanda, sala, 2 quartos)",1235.72,Norte
13,Amazonas,Mínimo,setembro,2025,CB-MMO,Cesta básica construção,1144.29,Norte
13,Amazonas,Mínimo,outubro,2025,CP.1-2Q,"Casa popular (1 pav, varanda, sala, 2 quartos)",1244.18,Norte
13,Amazonas,Mínimo,outubro,2025,CB-MMO,Cesta básica construção,1152.58,Norte
13,Amazonas,Mínimo,novembro,2025,CP.1-2Q,"Casa popular (1 pav, varanda, sala, 2 quartos)",1243.26,Norte
13,Amazonas,Mínimo,novembro,2025,CB-MMO,Cesta básica construção,1153.73,Norte
13,Amazonas,Mínimo,dezembro,2025,CP.1-2Q,"Casa popular (1 pav, varanda, sala, 2 quartos)",1242.37,Norte
13,Amazonas,Mínimo,dezembro,2025,CB-MMO,Cesta básica construção,1155.1,Norte
14,Roraima,Alto,janeiro,2025,CR.1-3Q,"Casa residencial (1 pav, 3 quartos)",2244.31,Norte
14,Roraima,Alto,janeiro,2025,PR4-3QP,Prédio residencial (4 pavimentos),2147.24,Norte
14,Roraima,Alto,janeiro,2025,PC.12-LA,Prédio comercial (12 pavimentos),2218.22,Norte
14,Roraima,Alto,fevereiro,2025,CR.1-3Q,"Casa residencial (1 pav, 3 quartos)",2239.71,Norte
14,Roraima,Alto,fevereiro,2025,PR4-3QP,Prédio residencial (4 pavimentos),2143.66,Norte
14,Roraima,Alto,fevereiro,2025,PC.12-LA,Prédio comercial (12 pavimentos),2218.08,Norte
14,Roraima,Alto,março,2025,CR.1-3Q,"Casa residencial (1 pav, 3 quartos)",2247.42,Norte
14,Roraima,Alto,março,2025,PR4-3QP,Prédio residencial (4 pavimentos),2146.55,Norte
14,Roraima,Alto,março,2025,PC.12-LA,Prédio comercial (12 pavimentos),2224.74,Norte
14,Roraima,Alto,abril,2025,CR.1-3Q,"Casa residencial (1 pav, 3 quartos)",2267.72,Norte
14,Roraima,Alto,abril,2025,PR4-3QP,Prédio residencial (4 pavimentos),2155.06,Norte
14,Roraima,Alto,abril,2025,PC.12-LA,Prédio comercial (12 pavimentos),2226.79,Norte
14,Roraima,Alto,maio,2025,CR.1-3Q,"Casa residencial (1 pav, 3 quartos)",2276.55,Norte
14,Roraima,Alto,maio,2025,PR4-3QP,Prédio residencial (4 pavimentos),2171.66,Norte
14,Roraima,Alto,maio,2025,PC.12-LA,Prédio comercial (12 pavimentos),2228.28,Norte
14,Roraima,Alto,junho,2025,CR.1-3Q,"Casa residencial (1 pav, 3 quartos)",2284.61,Norte
14,Roraima,Alto,junho,2025,PR4-3QP,Prédio residencial (4 pavimentos),2185.04,Norte
14,Roraima,Alto,junho,2025,PC.12-LA,Prédio comercial (12 pavimentos),2239.99,Norte
14,Roraima,Alto,julho,2025,CR.1-3Q,"Casa residencial (1 pav, 3 quartos)",2288.86,Norte
14,Roraima,Alto,julho,2025,PR4-3QP,Prédio residencial (4 pavimentos),2180.51,Norte
14,Roraima,Alto,julho,2025,PC.12-LA,Prédio comercial (12 pavimentos),2237.38,Norte
14,Roraima,Alto,agosto,2025,CR.1-3Q,"Casa residencial (1 pav, 3 quartos)",2299.55,Norte
14,Roraima,Alto,agosto,2025,PR4-3QP,Prédio residencial (4 pavimentos),2196.84,Norte
14,Roraima,Alto,agosto,2025,PC.12-LA,Prédio comercial (12 pavimentos),2255.32,Norte
14,Roraima,Alto,setembro,2025,CR.1-3Q,"Casa residencial (1 pav, 3 quartos)",2307.97,Norte
14,Roraima,Alto,setembro,2025,PR4-3QP,Prédio residencial (4 pavimentos),2202.67,Norte
14,Roraima,Alto,setembro,2025,PC.12-LA,Prédio comercial (12 pavimentos),2258.02,Norte
14,Roraima,Alto,outubro,2025,CR.1-3Q,"Casa residencial (1 pav, 3 quartos)",2315.84,Norte
14,Roraima,Alto,outubro,2025,PR4-3QP,Prédio residencial (4 pavimentos),2208.46,Norte
14,Roraima,Alto,outubro,2025,PC.12-LA,Prédio comercial (12 pavimentos),2260.16,Norte
14,Roraima,Alto,novembro,2025,CR.1-3Q,"Casa residencial (1 pav, 3 quartos)",2349.88,Norte
14,Roraima,Alto,novembro,2025,PR4-3QP,Prédio residencial (4 pavimentos),2242.45,Norte
14,Roraima,Alto,novembro,2025,PC.12-LA,Prédio comercial (12 pavimentos),2296.24,Norte
14,Roraima,Alto,dezembro,2025,CR.1-3Q,"Casa residencial (1 pav, 3 quartos)",2354.75,Norte
14,Roraima,Alto,dezembro,2025,PR4-3QP,Prédio residencial (4 pavimentos),2245.62,Norte
14,Roraima,Alto,dezembro,2025,PC.12-LA,Prédio comercial (12 pavimentos),2299.0,Norte
14,Roraima,Normal,janeiro,2025,CP.1-2Q,"Casa popular (1 pav, varanda, sala, 2 quartos)",1989.45,Norte
14,Roraima,Normal,janeiro,2025,CR.1-3Q,"Casa residencial (1 pav, 3 quartos)",1896.9,Norte
14,Roraima,Normal,janeiro,2025,PR4-3QP,Prédio residencial (4 pavimentos),1723.52,Norte
14,Roraima,Normal,janeiro,2025,PC.12-LA,Prédio comercial (12 pavimentos),1781.67,Norte
14,Roraima,Normal,fevereiro,2025,CP.1-2Q,"Casa popular (1 pav, varanda, sala, 2 quartos)",1988.66,Norte
14,Roraima,Normal,fevereiro,2025,CR.1-3Q,"Casa residencial (1 pav, 3 quartos)",1895.52,Norte
14,Roraima,Normal,fevereiro,2025,PR4-3QP,Prédio residencial (4 pavimentos),1721.55,Norte
14,Roraima,Normal,fevereiro,2025,PC.12-LA,Prédio comercial (12 pavimentos),1779.77,Norte
14,Roraima,Normal,março,2025,CP.1-2Q,"Casa popular (1 pav, varanda, sala, 2 quartos)",1990.75,Norte
14,Roraima,Normal,março,2025,CR.1-3Q,"Casa residencial (1 pav, 3 quartos)",1896.99,Norte
14,Roraima,Normal,março,2025,PR4-3QP,Prédio residencial (4 pavimentos),1719.31,Norte
14,Roraima,Normal,março,2025,PC.12-LA,Prédio comercial (12 pavimentos),1781.53,Norte
14,Roraima,Normal,abril,2025,CP.1-2Q,"Casa popular (1 pav, varanda, sala, 2 quartos)",2004.68,Norte
14,Roraima,Normal,abril,2025,CR.1-3Q,"Casa residencial (1 pav, 3 quartos)",1909.21,Norte
14,Roraima,Normal,abril,2025,PR4-3QP,Prédio residencial (4 pavimentos),1723.45,Norte
14,Roraima,Normal,abril,2025,PC.12-LA,Prédio comercial (12 pavimentos),1783.8,Norte
14,Roraima,Normal,maio,2025,CP.1-2Q,"Casa popular (1 pav, varanda, sala, 2 quartos)",2013.79,Norte
14,Roraima,Normal,maio,2025,CR.1-3Q,"Casa residencial (1 pav, 3 quartos)",1917.57,Norte
14,Roraima,Normal,maio,2025,PR4-3QP,Prédio residencial (4 pavimentos),1725.06,Norte
14,Roraima,Normal,maio,2025,PC.12-LA,Prédio comercial (12 pavimentos),1781.61,Norte
14,Roraima,Normal,junho,2025,CP.1-2Q,"Casa popular (1 pav, varanda, sala, 2 quartos)",2019.52,Norte
14,Roraima,Normal,junho,2025,CR.1-3Q,"Casa residencial (1 pav, 3 quartos)",1920.45,Norte
14,Roraima,Normal,junho,2025,PR4-3QP,Prédio residencial (4 pavimentos),1729.83,Norte
14,Roraima,Normal,junho,2025,PC.12-LA,Prédio comercial (12 pavimentos),1781.51,Norte
14,Roraima,Normal,julho,2025,CP.1-2Q,"Casa popular (1 pav, varanda, sala, 2 quartos)",2023.57,Norte
14,Roraima,Normal,julho,2025,CR.1-3Q,"Casa residencial (1 pav, 3 quartos)",1924.09,Norte
14,Roraima,Normal,julho,2025,PR4-3QP,Prédio residencial (4 pavimentos),1725.93,Norte
14,Roraima,Normal,julho,2025,PC.12-LA,Prédio comercial (12 pavimentos),1777.0,Norte
14,Roraima,Normal,agosto,2025,CP.1-2Q,"Casa popular (1 pav, varanda, sala, 2 quartos)",2031.12,Norte
14,Roraima,Normal,agosto,2025,CR.1-3Q,"Casa residencial (1 pav, 3 quartos)",1930.34,Norte
14,Roraima,Normal,agosto,2025,PR4-3QP,Prédio residencial (4 pavimentos),1730.08,Norte
14,Roraima,Normal,agosto,2025,PC.12-LA,Prédio comercial (12 pavimentos),1777.05,Norte
14,Roraima,Normal,setembro,2025,CP.1-2Q,"Casa popular (1 pav, varanda, sala, 2 quartos)",2034.34,Norte
14,Roraima,Normal,setembro,2025,CR.1-3Q,"Casa residencial (1 pav, 3 quartos)",1932.09,Norte
14,Roraima,Normal,setembro,2025,PR4-3QP,Prédio residencial (4 pavimentos),1729.37,Norte
14,Roraima,Normal,setembro,2025,PC.12-LA,Prédio comercial (12 pavimentos),1778.74,Norte
14,Roraima,Normal,outubro,2025,CP.1-2Q,"Casa popular (1 pav, varanda, sala, 2 quartos)",2037.76,Norte
14,Roraima,Normal,outubro,2025,CR.1-3Q,"Casa residencial (1 pav, 3 quartos)",1935.24,Norte
14,Roraima,Normal,outubro,2025,PR4-3QP,Prédio residencial (4 pavimentos),1731.88,Norte
14,Roraima,Normal,outubro,2025,PC.12-LA,Prédio comercial (12 pavimentos),1779.63,Norte
14,Roraima,Normal,novembro,2025,CP.1-2Q,"Casa popular (1 pav, varanda, sala, 2 quartos)",2071.79,Norte
14,Roraima,Normal,novembro,2025,CR.1-3Q,"Casa residencial (1 pav, 3 quartos)",1969.71,Norte
14,Roraima,Normal,novembro,2025,PR4-3QP,Prédio residencial (4 pavimentos),1766.35,Norte
14,Roraima,Normal,novembro,2025,PC.12-LA,Prédio comercial (12 pavimentos),1811.48,Norte
14,Roraima,Normal,dezembro,2025,CP.1-2Q,"Casa popular (1 pav, varanda, sala, 2 quartos)",2075.38,Norte
14,Roraima,Normal,dezembro,2025,CR.1-3Q,"Casa residencial (1 pav, 3 quartos)",1971.88,Norte
14,Roraima,Normal,dezembro,2025,PR4-3QP,Prédio residencial (4 pavimentos),1766.87,Norte
14,Roraima,Normal,dezembro,2025,PC.12-LA,Prédio comercial (12 pavimentos),1810.74,Norte
14,Roraima,Baixo,janeiro,2025,CP.1-2Q,"Casa popular (1 pav, varanda, sala, 2 quartos)",1471.31,Norte
14,Roraima,Baixo,janeiro,2025,CR.1-3Q,"Casa residencial (1 pav, 3 quartos)",1392.1,Norte
14,Roraima,Baixo,janeiro,2025,PR4-3QP,Prédio residencial (4 pavimentos),1406.02,Norte
14,Roraima,Baixo,fevereiro,2025,CP.1-2Q,"Casa popular (1 pav, varanda, sala, 2 quartos)",1473.49,Norte
14,Roraima,Baixo,fevereiro,2025,CR.1-3Q,"Casa residencial (1 pav, 3 quartos)",1394.27,Norte
14,Roraima,Baixo,fevereiro,2025,PR4-3QP,Prédio residencial (4 pavimentos),1403.69,Norte
14,Roraima,Baixo,março,2025,CP.1-2Q,"Casa popular (1 pav, varanda, sala, 2 quartos)",1474.0,Norte
14,Roraima,Baixo,março,2025,CR.1-3Q,"Casa residencial (1 pav, 3 quartos)",1394.14,Norte
14,Roraima,Baixo,março,2025,PR4-3QP,Prédio residencial (4 pavimentos),1400.16,Norte
14,Roraima,Baixo,abril,2025,CP.1-2Q,"Casa popular (1 pav, varanda, sala, 2 quartos)",1471.19,Norte
14,Roraima,Baixo,abril,2025,CR.1-3Q,"Casa residencial (1 pav, 3 quartos)",1391.12,Norte
14,Roraima,Baixo,abril,2025,PR4-3QP,Prédio residencial (4 pavimentos),1399.4,Norte
14,Roraima,Baixo,maio,2025,CP.1-2Q,"Casa popular (1 pav, varanda, sala, 2 quartos)",1478.47,Norte
14,Roraima,Baixo,maio,2025,CR.1-3Q,"Casa residencial (1 pav, 3 quartos)",1398.3,Norte
14,Roraima,Baixo,maio,2025,PR4-3QP,Prédio residencial (4 pavimentos),1400.82,Norte
14,Roraima,Baixo,junho,2025,CP.1-2Q,"Casa popular (1 pav, varanda, sala, 2 quartos)",1476.22,Norte
14,Roraima,Baixo,junho,2025,CR.1-3Q,"Casa residencial (1 pav, 3 quartos)",1395.42,Norte
14,Roraima,Baixo,junho,2025,PR4-3QP,Prédio residencial (4 pavimentos),1403.2,Norte
14,Roraima,Baixo,julho,2025,CP.1-2Q,"Casa popular (1 pav, varanda, sala, 2 quartos)",1474.13,Norte
14,Roraima,Baixo,julho,2025,CR.1-3Q,"Casa residencial (1 pav, 3 quartos)",1393.37,Norte
14,Roraima,Baixo,julho,2025,PR4-3QP,Prédio residencial (4 pavimentos),1397.67,Norte
14,Roraima,Baixo,agosto,2025,CP.1-2Q,"Casa popular (1 pav, varanda, sala, 2 quartos)",1473.19,Norte
14,Roraima,Baixo,agosto,2025,CR.1-3Q,"Casa residencial (1 pav, 3 quartos)",1392.53,Norte
14,Roraima,Baixo,agosto,2025,PR4-3QP,Prédio residencial (4 pavimentos),1394.75,Norte
14,Roraima,Baixo,setembro,2025,CP.1-2Q,"Casa popular (1 pav, varanda, sala, 2 quartos)",1481.62,Norte
14,Roraima,Baixo,setembro,2025,CR.1-3Q,"Casa residencial (1 pav, 3 quartos)",1399.65,Norte
14,Roraima,Baixo,setembro,2025,PR4-3QP,Prédio residencial (4 pavimentos),1395.66,Norte
14,Roraima,Baixo,outubro,2025,CP.1-2Q,"Casa popular (1 pav, varanda, sala, 2 quartos)",1483.29,Norte
14,Roraima,Baixo,outubro,2025,CR.1-3Q,"Casa residencial (1 pav, 3 quartos)",1401.54,Norte
14,Roraima,Baixo,outubro,2025,PR4-3QP,Prédio residencial (4 pavimentos),1398.5,Norte
14,Roraima,Baixo,novembro,2025,CP.1-2Q,"Casa popular (1 pav, varanda, sala, 2 quartos)",1510.99,Norte
14,Roraima,Baixo,novembro,2025,CR.1-3Q,"Casa residencial (1 pav, 3 quartos)",1428.35,Norte
14,Roraima,Baixo,novembro,2025,PR4-3QP,Prédio residencial (4 pavimentos),1426.98,Norte
14,Roraima,Baixo,dezembro,2025,CP.1-2Q,"Casa popular (1 pav, varanda, sala, 2 quartos)",1515.34,Norte
14,Roraima,Baixo,dezembro,2025,CR.1-3Q,"Casa residencial (1 pav, 3 quartos)",1431.83,Norte
14,Roraima,Baixo,dezembro,2025,PR4-3QP,Prédio residencial (4 pavimentos),1425.4,Norte
14,Roraima,Mínimo,janeiro,2025,CP.1-2Q,"Casa popular (1 pav, varanda, sala, 2 quartos)",1268.87,Norte
14,Roraima,Mínimo,janeiro,2025,CB-MMO,Cesta básica construção,1196.04,Norte
14,Roraima,Mínimo,fevereiro,2025,CP.1-2Q,"Casa popular (1 pav, varanda, sala, 2 quartos)",1273.44,Norte
14,Roraima,Mínimo,fevereiro,2025,CB-MMO,Cesta básica construção,1199.12,Norte
14,Roraima,Mínimo,março,2025,CP.1-2Q,"Casa popular (1 pav, varanda, sala, 2 quartos)",1274.55,Norte
14,Roraima,Mínimo,março,2025,CB-MMO,Cesta básica construção,1200.21,Norte
14,Roraima,Mínimo,abril,2025,CP.1-2Q,"Casa popular (1 pav, varanda, sala, 2 quartos)",1272.02,Norte
14,Roraima,Mínimo,abril,2025,CB-MMO,Cesta básica construção,1198.06,Norte
14,Roraima,Mínimo,maio,2025,CP.1-2Q,"Casa popular (1 pav, varanda, sala, 2 quartos)",1277.16,Norte
14,Roraima,Mínimo,maio,2025,CB-MMO,Cesta básica construção,1203.76,Norte
14,Roraima,Mínimo,junho,2025,CP.1-2Q,"Casa popular (1 pav, varanda, sala, 2 quartos)",1275.13,Norte
14,Roraima,Mínimo,junho,2025,CB-MMO,Cesta básica construção,1201.02,Norte
14,Roraima,Mínimo,julho,2025,CP.1-2Q,"Casa popular (1 pav, varanda, sala, 2 quartos)",1272.83,Norte
14,Roraima,Mínimo,julho,2025,CB-MMO,Cesta básica construção,1197.05,Norte
14,Roraima,Mínimo,agosto,2025,CP.1-2Q,"Casa popular (1 pav, varanda, sala, 2 quartos)",1270.83,Norte
14,Roraima,Mínimo,agosto,2025,CB-MMO,Cesta básica construção,1194.81,Norte
14,Roraima,Mínimo,setembro,2025,CP.1-2Q,"Casa popular (1 pav, varanda, sala, 2 quartos)",1279.34,Norte
14,Roraima,Mínimo,setembro,2025,CB-MMO,Cesta básica construção,1204.62,Norte
14,Roraima,Mínimo,outubro,2025,CP.1-2Q,"Casa popular (1 pav, varanda, sala, 2 quartos)",1282.01,Norte
14,Roraima,Mínimo,outubro,2025,CB-MMO,Cesta básica construção,1208.31,Norte
14,Roraima,Mínimo,novembro,2025,CP.1-2Q,"Casa popular (1 pav, varanda, sala, 2 quartos)",1302.59,Norte
14,Roraima,Mínimo,novembro,2025,CB-MMO,Cesta básica construção,1233.22,Norte
14,Roraima,Mínimo,dezembro,2025,CP.1-2Q,"Casa popular (1 pav, varanda, sala, 2 quartos)",1307.08,Norte
14,Roraima,Mínimo,dezembro,2025,CB-MMO,Cesta básica construção,1236.66,Norte
15,Pará,Alto,janeiro,2025,CR.1-3Q,"Casa residencial (1 pav, 3 quartos)",2138.93,Norte
15,Pará,Alto,janeiro,2025,PR4-3QP,Prédio residencial (4 pavimentos),1965.71,Norte
15,Pará,Alto,janeiro,2025,PC.12-LA,Prédio comercial (12 pavimentos),2037.55,Norte
15,Pará,Alto,fevereiro,2025,CR.1-3Q,"Casa residencial (1 pav, 3 quartos)",2139.79,Norte
15,Pará,Alto,fevereiro,2025,PR4-3QP,Prédio residencial (4 pavimentos),1962.76,Norte
15,Pará,Alto,fevereiro,2025,PC.12-LA,Prédio comercial (12 pavimentos),2030.67,Norte
15,Pará,Alto,março,2025,CR.1-3Q,"Casa residencial (1 pav, 3 quartos)",2144.58,Norte
15,Pará,Alto,março,2025,PR4-3QP,Prédio residencial (4 pavimentos),1967.27,Norte
15,Pará,Alto,março,2025,PC.12-LA,Prédio comercial (12 pavimentos),2029.84,Norte
15,Pará,Alto,abril,2025,CR.1-3Q,"Casa residencial (1 pav, 3 quartos)",2155.65,Norte
15,Pará,Alto,abril,2025,PR4-3QP,Prédio residencial (4 pavimentos),1978.43,Norte
15,Pará,Alto,abril,2025,PC.12-LA,Prédio comercial (12 pavimentos),2043.92,Norte
15,Pará,Alto,maio,2025,CR.1-3Q,"Casa residencial (1 pav, 3 quartos)",2164.15,Norte
15,Pará,Alto,maio,2025,PR4-3QP,Prédio residencial (4 pavimentos),1983.55,Norte
15,Pará,Alto,maio,2025,PC.12-LA,Prédio comercial (12 pavimentos),2045.32,Norte
15,Pará,Alto,junho,2025,CR.1-3Q,"Casa residencial (1 pav, 3 quartos)",2187.48,Norte
15,Pará,Alto,junho,2025,PR4-3QP,Prédio residencial (4 pavimentos),2000.87,Norte
15,Pará,Alto,junho,2025,PC.12-LA,Prédio comercial (12 pavimentos),2054.35,Norte
15,Pará,Alto,julho,2025,CR.1-3Q,"Casa residencial (1 pav, 3 quartos)",2194.38,Norte
15,Pará,Alto,julho,2025,PR4-3QP,Prédio residencial (4 pavimentos),1995.16,Norte
15,Pará,Alto,julho,2025,PC.12-LA,Prédio comercial (12 pavimentos),2044.54,Norte
15,Pará,Alto,agosto,2025,CR.1-3Q,"Casa residencial (1 pav, 3 quartos)",2203.07,Norte
15,Pará,Alto,agosto,2025,PR4-3QP,Prédio residencial (4 pavimentos),2001.91,Norte
15,Pará,Alto,agosto,2025,PC.12-LA,Prédio comercial (12 pavimentos),2054.11,Norte
15,Pará,Alto,setembro,2025,CR.1-3Q,"Casa residencial (1 pav, 3 quartos)",2204.97,Norte
15,Pará,Alto,setembro,2025,PR4-3QP,Prédio residencial (4 pavimentos),2003.04,Norte
15,Pará,Alto,setembro,2025,PC.12-LA,Prédio comercial (12 pavimentos),2052.23,Norte
15,Pará,Alto,outubro,2025,CR.1-3Q,"Casa residencial (1 pav, 3 quartos)",2233.92,Norte
15,Pará,Alto,outubro,2025,PR4-3QP,Prédio residencial (4 pavimentos),2030.33,Norte
15,Pará,Alto,outubro,2025,PC.12-LA,Prédio comercial (12 pavimentos),2079.38,Norte
15,Pará,Alto,novembro,2025,CR.1-3Q,"Casa residencial (1 pav, 3 quartos)",2232.02,Norte
15,Pará,Alto,novembro,2025,PR4-3QP,Prédio residencial (4 pavimentos),2030.56,Norte
15,Pará,Alto,novembro,2025,PC.12-LA,Prédio comercial (12 pavimentos),2084.08,Norte
15,Pará,Alto,dezembro,2025,CR.1-3Q,"Casa residencial (1 pav, 3 quartos)",2234.97,Norte
15,Pará,Alto,dezembro,2025,PR4-3QP,Prédio residencial (4 pavimentos),2031.84,Norte
15,Pará,Alto,dezembro,2025,PC.12-LA,Prédio comercial (12 pavimentos),2081.42,Norte
15,Pará,Normal,janeiro,2025,CP.1-2Q,"Casa popular (1 pav, varanda, sala, 2 quartos)",1890.13,Norte
15,Pará,Normal,janeiro,2025,CR.1-3Q,"Casa residencial (1 pav, 3 quartos)",1795.09,Norte
15,Pará,Normal,janeiro,2025,PR4-3QP,Prédio residencial (4 pavimentos),1572.83,Norte
15,Pará,Normal,janeiro,2025,PC.12-LA,Prédio comercial (12 pavimentos),1606.12,Norte
15,Pará,Normal,fevereiro,2025,CP.1-2Q,"Casa popular (1 pav, varanda, sala, 2 quartos)",1897.12,Norte
15,Pará,Normal,fevereiro,2025,CR.1-3Q,"Casa residencial (1 pav, 3 quartos)",1803.15,Norte
15,Pará,Normal,fevereiro,2025,PR4-3QP,Prédio residencial (4 pavimentos),1574.69,Norte
15,Pará,Normal,fevereiro,2025,PC.12-LA,Prédio comercial (12 pavimentos),1606.74,Norte
15,Pará,Normal,março,2025,CP.1-2Q,"Casa popular (1 pav, varanda, sala, 2 quartos)",1899.82,Norte
15,Pará,Normal,março,2025,CR.1-3Q,"Casa residencial (1 pav, 3 quartos)",1805.62,Norte
15,Pará,Normal,março,2025,PR4-3QP,Prédio residencial (4 pavimentos),1578.06,Norte
15,Pará,Normal,março,2025,PC.12-LA,Prédio comercial (12 pavimentos),1607.78,Norte
15,Pará,Normal,abril,2025,CP.1-2Q,"Casa popular (1 pav, varanda, sala, 2 quartos)",1906.46,Norte
15,Pará,Normal,abril,2025,CR.1-3Q,"Casa residencial (1 pav, 3 quartos)",1811.93,Norte
15,Pará,Normal,abril,2025,PR4-3QP,Prédio residencial (4 pavimentos),1581.2,Norte
15,Pará,Normal,abril,2025,PC.12-LA,Prédio comercial (12 pavimentos),1614.28,Norte
15,Pará,Normal,maio,2025,CP.1-2Q,"Casa popular (1 pav, varanda, sala, 2 quartos)",1913.24,Norte
15,Pará,Normal,maio,2025,CR.1-3Q,"Casa residencial (1 pav, 3 quartos)",1818.79,Norte
15,Pará,Normal,maio,2025,PR4-3QP,Prédio residencial (4 pavimentos),1584.56,Norte
15,Pará,Normal,maio,2025,PC.12-LA,Prédio comercial (12 pavimentos),1612.97,Norte
15,Pará,Normal,junho,2025,CP.1-2Q,"Casa popular (1 pav, varanda, sala, 2 quartos)",1927.35,Norte
15,Pará,Normal,junho,2025,CR.1-3Q,"Casa residencial (1 pav, 3 quartos)",1832.03,Norte
15,Pará,Normal,junho,2025,PR4-3QP,Prédio residencial (4 pavimentos),1592.65,Norte
15,Pará,Normal,junho,2025,PC.12-LA,Prédio comercial (12 pavimentos),1613.66,Norte
15,Pará,Normal,julho,2025,CP.1-2Q,"Casa popular (1 pav, varanda, sala, 2 quartos)",1936.92,Norte
15,Pará,Normal,julho,2025,CR.1-3Q,"Casa residencial (1 pav, 3 quartos)",1840.15,Norte
15,Pará,Normal,julho,2025,PR4-3QP,Prédio residencial (4 pavimentos),1584.43,Norte
15,Pará,Normal,julho,2025,PC.12-LA,Prédio comercial (12 pavimentos),1603.75,Norte
15,Pará,Normal,agosto,2025,CP.1-2Q,"Casa popular (1 pav, varanda, sala, 2 quartos)",1943.61,Norte
15,Pará,Normal,agosto,2025,CR.1-3Q,"Casa residencial (1 pav, 3 quartos)",1845.44,Norte
15,Pará,Normal,agosto,2025,PR4-3QP,Prédio residencial (4 pavimentos),1586.87,Norte
15,Pará,Normal,agosto,2025,PC.12-LA,Prédio comercial (12 pavimentos),1609.2,Norte
15,Pará,Normal,setembro,2025,CP.1-2Q,"Casa popular (1 pav, varanda, sala, 2 quartos)",1943.8,Norte
15,Pará,Normal,setembro,2025,CR.1-3Q,"Casa residencial (1 pav, 3 quartos)",1845.9,Norte
15,Pará,Normal,setembro,2025,PR4-3QP,Prédio residencial (4 pavimentos),1588.16,Norte
15,Pará,Normal,setembro,2025,PC.12-LA,Prédio comercial (12 pavimentos),1600.98,Norte
15,Pará,Normal,outubro,2025,CP.1-2Q,"Casa popular (1 pav, varanda, sala, 2 quartos)",1972.27,Norte
15,Pará,Normal,outubro,2025,CR.1-3Q,"Casa residencial (1 pav, 3 quartos)",1873.92,Norte
15,Pará,Normal,outubro,2025,PR4-3QP,Prédio residencial (4 pavimentos),1620.92,Norte
15,Pará,Normal,outubro,2025,PC.12-LA,Prédio comercial (12 pavimentos),1631.16,Norte
15,Pará,Normal,novembro,2025,CP.1-2Q,"Casa popular (1 pav, varanda, sala, 2 quartos)",1973.22,Norte
15,Pará,Normal,novembro,2025,CR.1-3Q,"Casa residencial (1 pav, 3 quartos)",1875.1,Norte
15,Pará,Normal,novembro,2025,PR4-3QP,Prédio residencial (4 pavimentos),1622.48,Norte
15,Pará,Normal,novembro,2025,PC.12-LA,Prédio comercial (12 pavimentos),1633.87,Norte
15,Pará,Normal,dezembro,2025,CP.1-2Q,"Casa popular (1 pav, varanda, sala, 2 quartos)",1973.35,Norte
15,Pará,Normal,dezembro,2025,CR.1-3Q,"Casa residencial (1 pav, 3 quartos)",1875.69,Norte
15,Pará,Normal,dezembro,2025,PR4-3QP,Prédio residencial (4 pavimentos),1621.76,Norte
15,Pará,Normal,dezembro,2025,PC.12-LA,Prédio comercial (12 pavimentos),1629.66,Norte
15,Pará,Baixo,janeiro,2025,CP.1-2Q,"Casa popular (1 pav, varanda, sala, 2 quartos)",1407.97,Norte
15,Pará,Baixo,janeiro,2025,CR.1-3Q,"Casa residencial (1 pav, 3 quartos)",1331.84,Norte
15,Pará,Baixo,janeiro,2025,PR4-3QP,Prédio residencial (4 pavimentos),1289.3,Norte
15,Pará,Baixo,fevereiro,2025,CP.1-2Q,"Casa popular (1 pav, varanda, sala, 2 quartos)",1413.2,Norte
15,Pará,Baixo,fevereiro,2025,CR.1-3Q,"Casa residencial (1 pav, 3 quartos)",1337.52,Norte
15,Pará,Baixo,fevereiro,2025,PR4-3QP,Prédio residencial (4 pavimentos),1293.71,Norte
15,Pará,Baixo,março,2025,CP.1-2Q,"Casa popular (1 pav, varanda, sala, 2 quartos)",1409.24,Norte
15,Pará,Baixo,março,2025,CR.1-3Q,"Casa residencial (1 pav, 3 quartos)",1333.7,Norte
15,Pará,Baixo,março,2025,PR4-3QP,Prédio residencial (4 pavimentos),1294.36,Norte
15,Pará,Baixo,abril,2025,CP.1-2Q,"Casa popular (1 pav, varanda, sala, 2 quartos)",1413.71,Norte
15,Pará,Baixo,abril,2025,CR.1-3Q,"Casa residencial (1 pav, 3 quartos)",1338.41,Norte
15,Pará,Baixo,abril,2025,PR4-3QP,Prédio residencial (4 pavimentos),1298.0,Norte
15,Pará,Baixo,maio,2025,CP.1-2Q,"Casa popular (1 pav, varanda, sala, 2 quartos)",1420.0,Norte
15,Pará,Baixo,maio,2025,CR.1-3Q,"Casa residencial (1 pav, 3 quartos)",1344.72,Norte
15,Pará,Baixo,maio,2025,PR4-3QP,Prédio residencial (4 pavimentos),1300.0,Norte
15,Pará,Baixo,junho,2025,CP.1-2Q,"Casa popular (1 pav, varanda, sala, 2 quartos)",1425.12,Norte
15,Pará,Baixo,junho,2025,CR.1-3Q,"Casa residencial (1 pav, 3 quartos)",1349.43,Norte
15,Pará,Baixo,junho,2025,PR4-3QP,Prédio residencial (4 pavimentos),1302.35,Norte
15,Pará,Baixo,julho,2025,CP.1-2Q,"Casa popular (1 pav, varanda, sala, 2 quartos)",1420.47,Norte
15,Pará,Baixo,julho,2025,CR.1-3Q,"Casa residencial (1 pav, 3 quartos)",1344.81,Norte
15,Pará,Baixo,julho,2025,PR4-3QP,Prédio residencial (4 pavimentos),1294.48,Norte
15,Pará,Baixo,agosto,2025,CP.1-2Q,"Casa popular (1 pav, varanda, sala, 2 quartos)",1431.81,Norte
15,Pará,Baixo,agosto,2025,CR.1-3Q,"Casa residencial (1 pav, 3 quartos)",1355.09,Norte
15,Pará,Baixo,agosto,2025,PR4-3QP,Prédio residencial (4 pavimentos),1296.15,Norte
15,Pará,Baixo,setembro,2025,CP.1-2Q,"Casa popular (1 pav, varanda, sala, 2 quartos)",1431.68,Norte
15,Pará,Baixo,setembro,2025,CR.1-3Q,"Casa residencial (1 pav, 3 quartos)",1355.48,Norte
15,Pará,Baixo,setembro,2025,PR4-3QP,Prédio residencial (4 pavimentos),1294.46,Norte
15,Pará,Baixo,outubro,2025,CP.1-2Q,"Casa popular (1 pav, varanda, sala, 2 quartos)",1456.64,Norte
15,Pará,Baixo,outubro,2025,CR.1-3Q,"Casa residencial (1 pav, 3 quartos)",1379.01,Norte
15,Pará,Baixo,outubro,2025,PR4-3QP,Prédio residencial (4 pavimentos),1320.04,Norte
15,Pará,Baixo,novembro,2025,CP.1-2Q,"Casa popular (1 pav, varanda, sala, 2 quartos)",1457.36,Norte
15,Pará,Baixo,novembro,2025,CR.1-3Q,"Casa residencial (1 pav, 3 quartos)",1379.82,Norte
15,Pará,Baixo,novembro,2025,PR4-3QP,Prédio residencial (4 pavimentos),1323.14,Norte
15,Pará,Baixo,dezembro,2025,CP.1-2Q,"Casa popular (1 pav, varanda, sala, 2 quartos)",1458.6,Norte
15,Pará,Baixo,dezembro,2025,CR.1-3Q,"Casa residencial (1 pav, 3 quartos)",1380.87,Norte
15,Pará,Baixo,dezembro,2025,PR4-3QP,Prédio residencial (4 pavimentos),1321.07,Norte
15,Pará,Mínimo,janeiro,2025,CP.1-2Q,"Casa popular (1 pav, varanda, sala, 2 quartos)",1217.0,Norte
15,Pará,Mínimo,janeiro,2025,CB-MMO,Cesta básica construção,1126.7,Norte
15,Pará,Mínimo,fevereiro,2025,CP.1-2Q,"Casa popular (1 pav, varanda, sala, 2 quartos)",1222.68,Norte
15,Pará,Mínimo,fevereiro,2025,CB-MMO,Cesta básica construção,1136.01,Norte
15,Pará,Mínimo,março,2025,CP.1-2Q,"Casa popular (1 pav, varanda, sala, 2 quartos)",1216.19,Norte
15,Pará,Mínimo,março,2025,CB-MMO,Cesta básica construção,1129.06,Norte
15,Pará,Mínimo,abril,2025,CP.1-2Q,"Casa popular (1 pav, varanda, sala, 2 quartos)",1221.19,Norte
15,Pará,Mínimo,abril,2025,CB-MMO,Cesta básica construção,1132.55,Norte
15,Pará,Mínimo,maio,2025,CP.1-2Q,"Casa popular (1 pav, varanda, sala, 2 quartos)",1227.88,Norte
15,Pará,Mínimo,maio,2025,CB-MMO,Cesta básica construção,1138.69,Norte
15,Pará,Mínimo,junho,2025,CP.1-2Q,"Casa popular (1 pav, varanda, sala, 2 quartos)",1232.12,Norte
15,Pará,Mínimo,junho,2025,CB-MMO,Cesta básica construção,1144.16,Norte
15,Pará,Mínimo,julho,2025,CP.1-2Q,"Casa popular (1 pav, varanda, sala, 2 quartos)",1227.11,Norte
15,Pará,Mínimo,julho,2025,CB-MMO,Cesta básica construção,1136.27,Norte
15,Pará,Mínimo,agosto,2025,CP.1-2Q,"Casa popular (1 pav, varanda, sala, 2 quartos)",1238.2,Norte
15,Pará,Mínimo,agosto,2025,CB-MMO,Cesta básica construção,1147.65,Norte
15,Pará,Mínimo,setembro,2025,CP.1-2Q,"Casa popular (1 pav, varanda, sala, 2 quartos)",1237.82,Norte
15,Pará,Mínimo,setembro,2025,CB-MMO,Cesta básica construção,1150.49,Norte
15,Pará,Mínimo,outubro,2025,CP.1-2Q,"Casa popular (1 pav, varanda, sala, 2 quartos)",1264.05,Norte
15,Pará,Mínimo,outubro,2025,CB-MMO,Cesta básica construção,1179.51,Norte
15,Pará,Mínimo,novembro,2025,CP.1-2Q,"Casa popular (1 pav, varanda, sala, 2 quartos)",1262.27,Norte
15,Pará,Mínimo,novembro,2025,CB-MMO,Cesta básica construção,1178.63,Norte
15,Pará,Mínimo,dezembro,2025,CP.1-2Q,"Casa popular (1 pav, varanda, sala, 2 quartos)",1264.79,Norte
15,Pará,Mínimo,dezembro,2025,CB-MMO,Cesta básica construção,1181.38,Norte
16,Amapá,Alto,janeiro,2025,CR.1-3Q,"Casa residencial (1 pav, 3 quartos)",2264.92,Norte
16,Amapá,Alto,janeiro,2025,PR4-3QP,Prédio residencial (4 pavimentos),2104.6,Norte
16,Amapá,Alto,janeiro,2025,PC.12-LA,Prédio comercial (12 pavimentos),2184.92,Norte
16,Amapá,Alto,fevereiro,2025,CR.1-3Q,"Casa residencial (1 pav, 3 quartos)",2255.12,Norte
16,Amapá,Alto,fevereiro,2025,PR4-3QP,Prédio residencial (4 pavimentos),2108.9,Norte
16,Amapá,Alto,fevereiro,2025,PC.12-LA,Prédio comercial (12 pavimentos),2190.7,Norte
16,Amapá,Alto,março,2025,CR.1-3Q,"Casa residencial (1 pav, 3 quartos)",2260.42,Norte
16,Amapá,Alto,março,2025,PR4-3QP,Prédio residencial (4 pavimentos),2120.83,Norte
16,Amapá,Alto,março,2025,PC.12-LA,Prédio comercial (12 pavimentos),2194.68,Norte
16,Amapá,Alto,abril,2025,CR.1-3Q,"Casa residencial (1 pav, 3 quartos)",2273.69,Norte
16,Amapá,Alto,abril,2025,PR4-3QP,Prédio residencial (4 pavimentos),2132.13,Norte
16,Amapá,Alto,abril,2025,PC.12-LA,Prédio comercial (12 pavimentos),2185.87,Norte
16,Amapá,Alto,maio,2025,CR.1-3Q,"Casa residencial (1 pav, 3 quartos)",2281.5,Norte
16,Amapá,Alto,maio,2025,PR4-3QP,Prédio residencial (4 pavimentos),2135.26,Norte
16,Amapá,Alto,maio,2025,PC.12-LA,Prédio comercial (12 pavimentos),2215.48,Norte
16,Amapá,Alto,junho,2025,CR.1-3Q,"Casa residencial (1 pav, 3 quartos)",2310.32,Norte
16,Amapá,Alto,junho,2025,PR4-3QP,Prédio residencial (4 pavimentos),2164.06,Norte
16,Amapá,Alto,junho,2025,PC.12-LA,Prédio comercial (12 pavimentos),2263.52,Norte
16,Amapá,Alto,julho,2025,CR.1-3Q,"Casa residencial (1 pav, 3 quartos)",2321.25,Norte
16,Amapá,Alto,julho,2025,PR4-3QP,Prédio residencial (4 pavimentos),2169.76,Norte
16,Amapá,Alto,julho,2025,PC.12-LA,Prédio comercial (12 pavimentos),2264.09,Norte
16,Amapá,Alto,agosto,2025,CR.1-3Q,"Casa residencial (1 pav, 3 quartos)",2330.93,Norte
16,Amapá,Alto,agosto,2025,PR4-3QP,Prédio residencial (4 pavimentos),2180.88,Norte
16,Amapá,Alto,agosto,2025,PC.12-LA,Prédio comercial (12 pavimentos),2249.5,Norte
16,Amapá,Alto,setembro,2025,CR.1-3Q,"Casa residencial (1 pav, 3 quartos)",2361.64,Norte
16,Amapá,Alto,setembro,2025,PR4-3QP,Prédio residencial (4 pavimentos),2206.28,Norte
16,Amapá,Alto,setembro,2025,PC.12-LA,Prédio comercial (12 pavimentos),2227.73,Norte
16,Amapá,Alto,outubro,2025,CR.1-3Q,"Casa residencial (1 pav, 3 quartos)",2364.84,Norte
16,Amapá,Alto,outubro,2025,PR4-3QP,Prédio residencial (4 pavimentos),2212.08,Norte
16,Amapá,Alto,outubro,2025,PC.12-LA,Prédio comercial (12 pavimentos),2237.69,Norte
16,Amapá,Alto,novembro,2025,CR.1-3Q,"Casa residencial (1 pav, 3 quartos)",2374.6,Norte
16,Amapá,Alto,novembro,2025,PR4-3QP,Prédio residencial (4 pavimentos),2212.93,Norte
16,Amapá,Alto,novembro,2025,PC.12-LA,Prédio comercial (12 pavimentos),2234.18,Norte
16,Amapá,Alto,dezembro,2025,CR.1-3Q,"Casa residencial (1 pav, 3 quartos)",2375.28,Norte
16,Amapá,Alto,dezembro,2025,PR4-3QP,Prédio residencial (4 pavimentos),2208.63,Norte
16,Amapá,Alto,dezembro,2025,PC.12-LA,Prédio comercial (12 pavimentos),2226.07,Norte
16,Amapá,Normal,janeiro,2025,CP.1-2Q,"Casa popular (1 pav, varanda, sala, 2 quartos)",1954.93,Norte
16,Amapá,Normal,janeiro,2025,CR.1-3Q,"Casa residencial (1 pav, 3 quartos)",1859.18,Norte
16,Amapá,Normal,janeiro,2025,PR4-3QP,Prédio residencial (4 pavimentos),1671.59,Norte
16,Amapá,Normal,janeiro,2025,PC.12-LA,Prédio comercial (12 pavimentos),1744.65,Norte
16,Amapá,Normal,fevereiro,2025,CP.1-2Q,"Casa popular (1 pav, varanda, sala, 2 quartos)",1953.96,Norte
16,Amapá,Normal,fevereiro,2025,CR.1-3Q,"Casa residencial (1 pav, 3 quartos)",1857.36,Norte
16,Amapá,Normal,fevereiro,2025,PR4-3QP,Prédio residencial (4 pavimentos),1671.06,Norte
16,Amapá,Normal,fevereiro,2025,PC.12-LA,Prédio comercial (12 pavimentos),1742.82,Norte
16,Amapá,Normal,março,2025,CP.1-2Q,"Casa popular (1 pav, varanda, sala, 2 quartos)",1958.06,Norte
16,Amapá,Normal,março,2025,CR.1-3Q,"Casa residencial (1 pav, 3 quartos)",1861.19,Norte
16,Amapá,Normal,março,2025,PR4-3QP,Prédio residencial (4 pavimentos),1683.21,Norte
16,Amapá,Normal,março,2025,PC.12-LA,Prédio comercial (12 pavimentos),1750.69,Norte
16,Amapá,Normal,abril,2025,CP.1-2Q,"Casa popular (1 pav, varanda, sala, 2 quartos)",1964.48,Norte
16,Amapá,Normal,abril,2025,CR.1-3Q,"Casa residencial (1 pav, 3 quartos)",1868.78,Norte
16,Amapá,Normal,abril,2025,PR4-3QP,Prédio residencial (4 pavimentos),1690.89,Norte
16,Amapá,Normal,abril,2025,PC.12-LA,Prédio comercial (12 pavimentos),1744.82,Norte
16,Amapá,Normal,maio,2025,CP.1-2Q,"Casa popular (1 pav, varanda, sala, 2 quartos)",1974.68,Norte
16,Amapá,Normal,maio,2025,CR.1-3Q,"Casa residencial (1 pav, 3 quartos)",1878.73,Norte
16,Amapá,Normal,maio,2025,PR4-3QP,Prédio residencial (4 pavimentos),1694.0,Norte
16,Amapá,Normal,maio,2025,PC.12-LA,Prédio comercial (12 pavimentos),1760.78,Norte
16,Amapá,Normal,junho,2025,CP.1-2Q,"Casa popular (1 pav, varanda, sala, 2 quartos)",1981.4,Norte
16,Amapá,Normal,junho,2025,CR.1-3Q,"Casa residencial (1 pav, 3 quartos)",1885.79,Norte
16,Amapá,Normal,junho,2025,PR4-3QP,Prédio residencial (4 pavimentos),1701.24,Norte
16,Amapá,Normal,junho,2025,PC.12-LA,Prédio comercial (12 pavimentos),1785.82,Norte
16,Amapá,Normal,julho,2025,CP.1-2Q,"Casa popular (1 pav, varanda, sala, 2 quartos)",1994.59,Norte
16,Amapá,Normal,julho,2025,CR.1-3Q,"Casa residencial (1 pav, 3 quartos)",1900.14,Norte
16,Amapá,Normal,julho,2025,PR4-3QP,Prédio residencial (4 pavimentos),1710.02,Norte
16,Amapá,Normal,julho,2025,PC.12-LA,Prédio comercial (12 pavimentos),1789.24,Norte
16,Amapá,Normal,agosto,2025,CP.1-2Q,"Casa popular (1 pav, varanda, sala, 2 quartos)",2003.63,Norte
16,Amapá,Normal,agosto,2025,CR.1-3Q,"Casa residencial (1 pav, 3 quartos)",1908.86,Norte
16,Amapá,Normal,agosto,2025,PR4-3QP,Prédio residencial (4 pavimentos),1719.14,Norte
16,Amapá,Normal,agosto,2025,PC.12-LA,Prédio comercial (12 pavimentos),1784.97,Norte
16,Amapá,Normal,setembro,2025,CP.1-2Q,"Casa popular (1 pav, varanda, sala, 2 quartos)",2022.84,Norte
16,Amapá,Normal,setembro,2025,CR.1-3Q,"Casa residencial (1 pav, 3 quartos)",1927.57,Norte
16,Amapá,Normal,setembro,2025,PR4-3QP,Prédio residencial (4 pavimentos),1736.66,Norte
16,Amapá,Normal,setembro,2025,PC.12-LA,Prédio comercial (12 pavimentos),1780.08,Norte
16,Amapá,Normal,outubro,2025,CP.1-2Q,"Casa popular (1 pav, varanda, sala, 2 quartos)",2024.93,Norte
16,Amapá,Normal,outubro,2025,CR.1-3Q,"Casa residencial (1 pav, 3 quartos)",1928.54,Norte
16,Amapá,Normal,outubro,2025,PR4-3QP,Prédio residencial (4 pavimentos),1740.32,Norte
16,Amapá,Normal,outubro,2025,PC.12-LA,Prédio comercial (12 pavimentos),1786.24,Norte
16,Amapá,Normal,novembro,2025,CP.1-2Q,"Casa popular (1 pav, varanda, sala, 2 quartos)",2028.93,Norte
16,Amapá,Normal,novembro,2025,CR.1-3Q,"Casa residencial (1 pav, 3 quartos)",1931.85,Norte
16,Amapá,Normal,novembro,2025,PR4-3QP,Prédio residencial (4 pavimentos),1735.03,Norte
16,Amapá,Normal,novembro,2025,PC.12-LA,Prédio comercial (12 pavimentos),1780.0,Norte
16,Amapá,Normal,dezembro,2025,CP.1-2Q,"Casa popular (1 pav, varanda, sala, 2 quartos)",2031.47,Norte
16,Amapá,Normal,dezembro,2025,CR.1-3Q,"Casa residencial (1 pav, 3 quartos)",1933.7,Norte
16,Amapá,Normal,dezembro,2025,PR4-3QP,Prédio residencial (4 pavimentos),1731.66,Norte
16,Amapá,Normal,dezembro,2025,PC.12-LA,Prédio comercial (12 pavimentos),1772.77,Norte
16,Amapá,Baixo,janeiro,2025,CP.1-2Q,"Casa popular (1 pav, varanda, sala, 2 quartos)",1381.27,Norte
16,Amapá,Baixo,janeiro,2025,CR.1-3Q,"Casa residencial (1 pav, 3 quartos)",1312.15,Norte
16,Amapá,Baixo,janeiro,2025,PR4-3QP,Prédio residencial (4 pavimentos),1386.27,Norte
16,Amapá,Baixo,fevereiro,2025,CP.1-2Q,"Casa popular (1 pav, varanda, sala, 2 quartos)",1374.16,Norte
16,Amapá,Baixo,fevereiro,2025,CR.1-3Q,"Casa residencial (1 pav, 3 quartos)",1306.0,Norte
16,Amapá,Baixo,fevereiro,2025,PR4-3QP,Prédio residencial (4 pavimentos),1383.52,Norte
16,Amapá,Baixo,março,2025,CP.1-2Q,"Casa popular (1 pav, varanda, sala, 2 quartos)",1379.55,Norte
16,Amapá,Baixo,março,2025,CR.1-3Q,"Casa residencial (1 pav, 3 quartos)",1311.24,Norte
16,Amapá,Baixo,março,2025,PR4-3QP,Prédio residencial (4 pavimentos),1393.59,Norte
16,Amapá,Baixo,abril,2025,CP.1-2Q,"Casa popular (1 pav, varanda, sala, 2 quartos)",1378.1,Norte
16,Amapá,Baixo,abril,2025,CR.1-3Q,"Casa residencial (1 pav, 3 quartos)",1310.21,Norte
16,Amapá,Baixo,abril,2025,PR4-3QP,Prédio residencial (4 pavimentos),1400.6,Norte
16,Amapá,Baixo,maio,2025,CP.1-2Q,"Casa popular (1 pav, varanda, sala, 2 quartos)",1386.52,Norte
16,Amapá,Baixo,maio,2025,CR.1-3Q,"Casa residencial (1 pav, 3 quartos)",1318.57,Norte
16,Amapá,Baixo,maio,2025,PR4-3QP,Prédio residencial (4 pavimentos),1403.06,Norte
16,Amapá,Baixo,junho,2025,CP.1-2Q,"Casa popular (1 pav, varanda, sala, 2 quartos)",1393.44,Norte
16,Amapá,Baixo,junho,2025,CR.1-3Q,"Casa residencial (1 pav, 3 quartos)",1325.79,Norte
16,Amapá,Baixo,junho,2025,PR4-3QP,Prédio residencial (4 pavimentos),1407.4,Norte
16,Amapá,Baixo,julho,2025,CP.1-2Q,"Casa popular (1 pav, varanda, sala, 2 quartos)",1406.1,Norte
16,Amapá,Baixo,julho,2025,CR.1-3Q,"Casa residencial (1 pav, 3 quartos)",1337.95,Norte
16,Amapá,Baixo,julho,2025,PR4-3QP,Prédio residencial (4 pavimentos),1414.11,Norte
16,Amapá,Baixo,agosto,2025,CP.1-2Q,"Casa popular (1 pav, varanda, sala, 2 quartos)",1406.49,Norte
16,Amapá,Baixo,agosto,2025,CR.1-3Q,"Casa residencial (1 pav, 3 quartos)",1338.32,Norte
16,Amapá,Baixo,agosto,2025,PR4-3QP,Prédio residencial (4 pavimentos),1423.38,Norte
16,Amapá,Baixo,setembro,2025,CP.1-2Q,"Casa popular (1 pav, varanda, sala, 2 quartos)",1409.68,Norte
16,Amapá,Baixo,setembro,2025,CR.1-3Q,"Casa residencial (1 pav, 3 quartos)",1341.53,Norte
16,Amapá,Baixo,setembro,2025,PR4-3QP,Prédio residencial (4 pavimentos),1440.76,Norte
16,Amapá,Baixo,outubro,2025,CP.1-2Q,"Casa popular (1 pav, varanda, sala, 2 quartos)",1413.43,Norte
16,Amapá,Baixo,outubro,2025,CR.1-3Q,"Casa residencial (1 pav, 3 quartos)",1344.7,Norte
16,Amapá,Baixo,outubro,2025,PR4-3QP,Prédio residencial (4 pavimentos),1444.08,Norte
16,Amapá,Baixo,novembro,2025,CP.1-2Q,"Casa popular (1 pav, varanda, sala, 2 quartos)",1412.43,Norte
16,Amapá,Baixo,novembro,2025,CR.1-3Q,"Casa residencial (1 pav, 3 quartos)",1343.5,Norte
16,Amapá,Baixo,novembro,2025,PR4-3QP,Prédio residencial (4 pavimentos),1437.91,Norte
16,Amapá,Baixo,dezembro,2025,CP.1-2Q,"Casa popular (1 pav, varanda, sala, 2 quartos)",1415.99,Norte
16,Amapá,Baixo,dezembro,2025,CR.1-3Q,"Casa residencial (1 pav, 3 quartos)",1346.58,Norte
16,Amapá,Baixo,dezembro,2025,PR4-3QP,Prédio residencial (4 pavimentos),1436.45,Norte
16,Amapá,Mínimo,janeiro,2025,CP.1-2Q,"Casa popular (1 pav, varanda, sala, 2 quartos)",1201.56,Norte
16,Amapá,Mínimo,janeiro,2025,CB-MMO,Cesta básica construção,1125.63,Norte
16,Amapá,Mínimo,fevereiro,2025,CP.1-2Q,"Casa popular (1 pav, varanda, sala, 2 quartos)",1196.53,Norte
16,Amapá,Mínimo,fevereiro,2025,CB-MMO,Cesta básica construção,1122.24,Norte
16,Amapá,Mínimo,março,2025,CP.1-2Q,"Casa popular (1 pav, varanda, sala, 2 quartos)",1202.15,Norte
16,Amapá,Mínimo,março,2025,CB-MMO,Cesta básica construção,1126.25,Norte
16,Amapá,Mínimo,abril,2025,CP.1-2Q,"Casa popular (1 pav, varanda, sala, 2 quartos)",1200.63,Norte
16,Amapá,Mínimo,abril,2025,CB-MMO,Cesta básica construção,1126.81,Norte
16,Amapá,Mínimo,maio,2025,CP.1-2Q,"Casa popular (1 pav, varanda, sala, 2 quartos)",1207.57,Norte
16,Amapá,Mínimo,maio,2025,CB-MMO,Cesta básica construção,1130.69,Norte
16,Amapá,Mínimo,junho,2025,CP.1-2Q,"Casa popular (1 pav, varanda, sala, 2 quartos)",1214.2,Norte
16,Amapá,Mínimo,junho,2025,CB-MMO,Cesta básica construção,1134.91,Norte
16,Amapá,Mínimo,julho,2025,CP.1-2Q,"Casa popular (1 pav, varanda, sala, 2 quartos)",1222.45,Norte
16,Amapá,Mínimo,julho,2025,CB-MMO,Cesta básica construção,1138.84,Norte
16,Amapá,Mínimo,agosto,2025,CP.1-2Q,"Casa popular (1 pav, varanda, sala, 2 quartos)",1221.62,Norte
16,Amapá,Mínimo,agosto,2025,CB-MMO,Cesta básica construção,1138.32,Norte
16,Amapá,Mínimo,setembro,2025,CP.1-2Q,"Casa popular (1 pav, varanda, sala, 2 quartos)",1225.37,Norte
16,Amapá,Mínimo,setembro,2025,CB-MMO,Cesta básica construção,1138.42,Norte
16,Amapá,Mínimo,outubro,2025,CP.1-2Q,"Casa popular (1 pav, varanda, sala, 2 quartos)",1226.53,Norte
16,Amapá,Mínimo,outubro,2025,CB-MMO,Cesta básica construção,1138.58,Norte
16,Amapá,Mínimo,novembro,2025,CP.1-2Q,"Casa popular (1 pav, varanda, sala, 2 quartos)",1226.11,Norte
16,Amapá,Mínimo,novembro,2025,CB-MMO,Cesta básica construção,1138.51,Norte
16,Amapá,Mínimo,dezembro,2025,CP.1-2Q,"Casa popular (1 pav, varanda, sala, 2 quartos)",1228.62,Norte
16,Amapá,Mínimo,dezembro,2025,CB-MMO,Cesta básica construção,1143.5,Norte
17,Tocantins,Alto,janeiro,2025,CR.1-3Q,"Casa residencial (1 pav, 3 quartos)",2172.27,Norte
17,Tocantins,Alto,janeiro,2025,PR4-3QP,Prédio residencial (4 pavimentos),1977.0,Norte
17,Tocantins,Alto,janeiro,2025,PC.12-LA,Prédio comercial (12 pavimentos),1970.7,Norte
17,Tocantins,Alto,fevereiro,2025,CR.1-3Q,"Casa residencial (1 pav, 3 quartos)",2161.51,Norte
17,Tocantins,Alto,fevereiro,2025,PR4-3QP,Prédio residencial (4 pavimentos),1981.41,Norte
17,Tocantins,Alto,fevereiro,2025,PC.12-LA,Prédio comercial (12 pavimentos),1987.37,Norte
17,Tocantins,Alto,março,2025,CR.1-3Q,"Casa residencial (1 pav, 3 quartos)",2167.58,Norte
17,Tocantins,Alto,março,2025,PR4-3QP,Prédio residencial (4 pavimentos),1982.52,Norte
17,Tocantins,Alto,março,2025,PC.12-LA,Prédio comercial (12 pavimentos),1992.89,Norte
17,Tocantins,Alto,abril,2025,CR.1-3Q,"Casa residencial (1 pav, 3 quartos)",2176.51,Norte
17,Tocantins,Alto,abril,2025,PR4-3QP,Prédio residencial (4 pavimentos),1980.51,Norte
17,Tocantins,Alto,abril,2025,PC.12-LA,Prédio comercial (12 pavimentos),1986.45,Norte
17,Tocantins,Alto,maio,2025,CR.1-3Q,"Casa residencial (1 pav, 3 quartos)",2174.77,Norte
17,Tocantins,Alto,maio,2025,PR4-3QP,Prédio residencial (4 pavimentos),1976.75,Norte
17,Tocantins,Alto,maio,2025,PC.12-LA,Prédio comercial (12 pavimentos),1988.24,Norte
17,Tocantins,Alto,junho,2025,CR.1-3Q,"Casa residencial (1 pav, 3 quartos)",2176.21,Norte
17,Tocantins,Alto,junho,2025,PR4-3QP,Prédio residencial (4 pavimentos),1980.73,Norte
17,Tocantins,Alto,junho,2025,PC.12-LA,Prédio comercial (12 pavimentos),1990.18,Norte
17,Tocantins,Alto,julho,2025,CR.1-3Q,"Casa residencial (1 pav, 3 quartos)",2189.8,Norte
17,Tocantins,Alto,julho,2025,PR4-3QP,Prédio residencial (4 pavimentos),1988.4,Norte
17,Tocantins,Alto,julho,2025,PC.12-LA,Prédio comercial (12 pavimentos),1991.33,Norte
17,Tocantins,Alto,agosto,2025,CR.1-3Q,"Casa residencial (1 pav, 3 quartos)",2192.21,Norte
17,Tocantins,Alto,agosto,2025,PR4-3QP,Prédio residencial (4 pavimentos),2000.19,Norte
17,Tocantins,Alto,agosto,2025,PC.12-LA,Prédio comercial (12 pavimentos),2006.98,Norte
17,Tocantins,Alto,setembro,2025,CR.1-3Q,"Casa residencial (1 pav, 3 quartos)",2196.7,Norte
17,Tocantins,Alto,setembro,2025,PR4-3QP,Prédio residencial (4 pavimentos),2007.1,Norte
17,Tocantins,Alto,setembro,2025,PC.12-LA,Prédio comercial (12 pavimentos),2016.08,Norte
17,Tocantins,Alto,outubro,2025,CR.1-3Q,"Casa residencial (1 pav, 3 quartos)",2213.86,Norte
17,Tocantins,Alto,outubro,2025,PR4-3QP,Prédio residencial (4 pavimentos),2020.49,Norte
17,Tocantins,Alto,outubro,2025,PC.12-LA,Prédio comercial (12 pavimentos),2026.09,Norte
17,Tocantins,Alto,novembro,2025,CR.1-3Q,"Casa residencial (1 pav, 3 quartos)",2228.48,Norte
17,Tocantins,Alto,novembro,2025,PR4-3QP,Prédio residencial (4 pavimentos),2021.92,Norte
17,Tocantins,Alto,novembro,2025,PC.12-LA,Prédio comercial (12 pavimentos),2025.62,Norte
17,Tocantins,Alto,dezembro,2025,CR.1-3Q,"Casa residencial (1 pav, 3 quartos)",2235.46,Norte
17,Tocantins,Alto,dezembro,2025,PR4-3QP,Prédio residencial (4 pavimentos),2029.64,Norte
17,Tocantins,Alto,dezembro,2025,PC.12-LA,Prédio comercial (12 pavimentos),2033.37,Norte
17,Tocantins,Normal,janeiro,2025,CP.1-2Q,"Casa popular (1 pav, varanda, sala, 2 quartos)",1918.85,Norte
17,Tocantins,Normal,janeiro,2025,CR.1-3Q,"Casa residencial (1 pav, 3 quartos)",1816.8,Norte
17,Tocantins,Normal,janeiro,2025,PR4-3QP,Prédio residencial (4 pavimentos),1582.0,Norte
17,Tocantins,Normal,janeiro,2025,PC.12-LA,Prédio comercial (12 pavimentos),1578.37,Norte
17,Tocantins,Normal,fevereiro,2025,CP.1-2Q,"Casa popular (1 pav, varanda, sala, 2 quartos)",1921.05,Norte
17,Tocantins,Normal,fevereiro,2025,CR.1-3Q,"Casa residencial (1 pav, 3 quartos)",1819.89,Norte
17,Tocantins,Normal,fevereiro,2025,PR4-3QP,Prédio residencial (4 pavimentos),1596.91,Norte
17,Tocantins,Normal,fevereiro,2025,PC.12-LA,Prédio comercial (12 pavimentos),1598.55,Norte
17,Tocantins,Normal,março,2025,CP.1-2Q,"Casa popular (1 pav, varanda, sala, 2 quartos)",1921.93,Norte
17,Tocantins,Normal,março,2025,CR.1-3Q,"Casa residencial (1 pav, 3 quartos)",1820.11,Norte
17,Tocantins,Normal,março,2025,PR4-3QP,Prédio residencial (4 pavimentos),1593.79,Norte
17,Tocantins,Normal,março,2025,PC.12-LA,Prédio comercial (12 pavimentos),1598.49,Norte
17,Tocantins,Normal,abril,2025,CP.1-2Q,"Casa popular (1 pav, varanda, sala, 2 quartos)",1926.93,Norte
17,Tocantins,Normal,abril,2025,CR.1-3Q,"Casa residencial (1 pav, 3 quartos)",1824.92,Norte
17,Tocantins,Normal,abril,2025,PR4-3QP,Prédio residencial (4 pavimentos),1591.68,Norte
17,Tocantins,Normal,abril,2025,PC.12-LA,Prédio comercial (12 pavimentos),1593.99,Norte
17,Tocantins,Normal,maio,2025,CP.1-2Q,"Casa popular (1 pav, varanda, sala, 2 quartos)",1929.95,Norte
17,Tocantins,Normal,maio,2025,CR.1-3Q,"Casa residencial (1 pav, 3 quartos)",1828.05,Norte
17,Tocantins,Normal,maio,2025,PR4-3QP,Prédio residencial (4 pavimentos),1589.37,Norte
17,Tocantins,Normal,maio,2025,PC.12-LA,Prédio comercial (12 pavimentos),1589.33,Norte
17,Tocantins,Normal,junho,2025,CP.1-2Q,"Casa popular (1 pav, varanda, sala, 2 quartos)",1925.8,Norte
17,Tocantins,Normal,junho,2025,CR.1-3Q,"Casa residencial (1 pav, 3 quartos)",1823.83,Norte
17,Tocantins,Normal,junho,2025,PR4-3QP,Prédio residencial (4 pavimentos),1586.08,Norte
17,Tocantins,Normal,junho,2025,PC.12-LA,Prédio comercial (12 pavimentos),1584.97,Norte
17,Tocantins,Normal,julho,2025,CP.1-2Q,"Casa popular (1 pav, varanda, sala, 2 quartos)",1939.38,Norte
17,Tocantins,Normal,julho,2025,CR.1-3Q,"Casa residencial (1 pav, 3 quartos)",1835.1,Norte
17,Tocantins,Normal,julho,2025,PR4-3QP,Prédio residencial (4 pavimentos),1593.32,Norte
17,Tocantins,Normal,julho,2025,PC.12-LA,Prédio comercial (12 pavimentos),1587.65,Norte
17,Tocantins,Normal,agosto,2025,CP.1-2Q,"Casa popular (1 pav, varanda, sala, 2 quartos)",1942.03,Norte
17,Tocantins,Normal,agosto,2025,CR.1-3Q,"Casa residencial (1 pav, 3 quartos)",1837.02,Norte
17,Tocantins,Normal,agosto,2025,PR4-3QP,Prédio residencial (4 pavimentos),1600.34,Norte
17,Tocantins,Normal,agosto,2025,PC.12-LA,Prédio comercial (12 pavimentos),1589.69,Norte
17,Tocantins,Normal,setembro,2025,CP.1-2Q,"Casa popular (1 pav, varanda, sala, 2 quartos)",1941.48,Norte
17,Tocantins,Normal,setembro,2025,CR.1-3Q,"Casa residencial (1 pav, 3 quartos)",1837.93,Norte
17,Tocantins,Normal,setembro,2025,PR4-3QP,Prédio residencial (4 pavimentos),1607.39,Norte
17,Tocantins,Normal,setembro,2025,PC.12-LA,Prédio comercial (12 pavimentos),1597.6,Norte
17,Tocantins,Normal,outubro,2025,CP.1-2Q,"Casa popular (1 pav, varanda, sala, 2 quartos)",1957.69,Norte
17,Tocantins,Normal,outubro,2025,CR.1-3Q,"Casa residencial (1 pav, 3 quartos)",1854.44,Norte
17,Tocantins,Normal,outubro,2025,PR4-3QP,Prédio residencial (4 pavimentos),1619.67,Norte
17,Tocantins,Normal,outubro,2025,PC.12-LA,Prédio comercial (12 pavimentos),1606.96,Norte
17,Tocantins,Normal,novembro,2025,CP.1-2Q,"Casa popular (1 pav, varanda, sala, 2 quartos)",1972.41,Norte
17,Tocantins,Normal,novembro,2025,CR.1-3Q,"Casa residencial (1 pav, 3 quartos)",1868.12,Norte
17,Tocantins,Normal,novembro,2025,PR4-3QP,Prédio residencial (4 pavimentos),1618.67,Norte
17,Tocantins,Normal,novembro,2025,PC.12-LA,Prédio comercial (12 pavimentos),1603.91,Norte
17,Tocantins,Normal,dezembro,2025,CP.1-2Q,"Casa popular (1 pav, varanda, sala, 2 quartos)",1976.82,Norte
17,Tocantins,Normal,dezembro,2025,CR.1-3Q,"Casa residencial (1 pav, 3 quartos)",1872.56,Norte
17,Tocantins,Normal,dezembro,2025,PR4-3QP,Prédio residencial (4 pavimentos),1623.85,Norte
17,Tocantins,Normal,dezembro,2025,PC.12-LA,Prédio comercial (12 pavimentos),1607.44,Norte
17,Tocantins,Baixo,janeiro,2025,CP.1-2Q,"Casa popular (1 pav, varanda, sala, 2 quartos)",1336.36,Norte
17,Tocantins,Baixo,janeiro,2025,CR.1-3Q,"Casa residencial (1 pav, 3 quartos)",1262.97,Norte
17,Tocantins,Baixo,janeiro,2025,PR4-3QP,Prédio residencial (4 pavimentos),1270.82,Norte
17,Tocantins,Baixo,fevereiro,2025,CP.1-2Q,"Casa popular (1 pav, varanda, sala, 2 quartos)",1345.92,Norte
17,Tocantins,Baixo,fevereiro,2025,CR.1-3Q,"Casa residencial (1 pav, 3 quartos)",1272.48,Norte
17,Tocantins,Baixo,fevereiro,2025,PR4-3QP,Prédio residencial (4 pavimentos),1290.89,Norte
17,Tocantins,Baixo,março,2025,CP.1-2Q,"Casa popular (1 pav, varanda, sala, 2 quartos)",1347.39,Norte
17,Tocantins,Baixo,março,2025,CR.1-3Q,"Casa residencial (1 pav, 3 quartos)",1273.36,Norte
17,Tocantins,Baixo,março,2025,PR4-3QP,Prédio residencial (4 pavimentos),1284.07,Norte
17,Tocantins,Baixo,abril,2025,CP.1-2Q,"Casa popular (1 pav, varanda, sala, 2 quartos)",1350.77,Norte
17,Tocantins,Baixo,abril,2025,CR.1-3Q,"Casa residencial (1 pav, 3 quartos)",1275.81,Norte
17,Tocantins,Baixo,abril,2025,PR4-3QP,Prédio residencial (4 pavimentos),1279.97,Norte
17,Tocantins,Baixo,maio,2025,CP.1-2Q,"Casa popular (1 pav, varanda, sala, 2 quartos)",1356.33,Norte
17,Tocantins,Baixo,maio,2025,CR.1-3Q,"Casa residencial (1 pav, 3 quartos)",1280.59,Norte
17,Tocantins,Baixo,maio,2025,PR4-3QP,Prédio residencial (4 pavimentos),1276.67,Norte
17,Tocantins,Baixo,junho,2025,CP.1-2Q,"Casa popular (1 pav, varanda, sala, 2 quartos)",1353.03,Norte
17,Tocantins,Baixo,junho,2025,CR.1-3Q,"Casa residencial (1 pav, 3 quartos)",1277.05,Norte
17,Tocantins,Baixo,junho,2025,PR4-3QP,Prédio residencial (4 pavimentos),1270.41,Norte
17,Tocantins,Baixo,julho,2025,CP.1-2Q,"Casa popular (1 pav, varanda, sala, 2 quartos)",1369.52,Norte
17,Tocantins,Baixo,julho,2025,CR.1-3Q,"Casa residencial (1 pav, 3 quartos)",1291.75,Norte
17,Tocantins,Baixo,julho,2025,PR4-3QP,Prédio residencial (4 pavimentos),1275.71,Norte
17,Tocantins,Baixo,agosto,2025,CP.1-2Q,"Casa popular (1 pav, varanda, sala, 2 quartos)",1372.11,Norte
17,Tocantins,Baixo,agosto,2025,CR.1-3Q,"Casa residencial (1 pav, 3 quartos)",1294.2,Norte
17,Tocantins,Baixo,agosto,2025,PR4-3QP,Prédio residencial (4 pavimentos),1277.17,Norte
17,Tocantins,Baixo,setembro,2025,CP.1-2Q,"Casa popular (1 pav, varanda, sala, 2 quartos)",1373.08,Norte
17,Tocantins,Baixo,setembro,2025,CR.1-3Q,"Casa residencial (1 pav, 3 quartos)",1295.8,Norte
17,Tocantins,Baixo,setembro,2025,PR4-3QP,Prédio residencial (4 pavimentos),1283.06,Norte
17,Tocantins,Baixo,outubro,2025,CP.1-2Q,"Casa popular (1 pav, varanda, sala, 2 quartos)",1384.71,Norte
17,Tocantins,Baixo,outubro,2025,CR.1-3Q,"Casa residencial (1 pav, 3 quartos)",1307.14,Norte
17,Tocantins,Baixo,outubro,2025,PR4-3QP,Prédio residencial (4 pavimentos),1292.72,Norte
17,Tocantins,Baixo,novembro,2025,CP.1-2Q,"Casa popular (1 pav, varanda, sala, 2 quartos)",1387.67,Norte
17,Tocantins,Baixo,novembro,2025,CR.1-3Q,"Casa residencial (1 pav, 3 quartos)",1309.89,Norte
17,Tocantins,Baixo,novembro,2025,PR4-3QP,Prédio residencial (4 pavimentos),1291.97,Norte
17,Tocantins,Baixo,dezembro,2025,CP.1-2Q,"Casa popular (1 pav, varanda, sala, 2 quartos)",1392.46,Norte
17,Tocantins,Baixo,dezembro,2025,CR.1-3Q,"Casa residencial (1 pav, 3 quartos)",1314.29,Norte
17,Tocantins,Baixo,dezembro,2025,PR4-3QP,Prédio residencial (4 pavimentos),1294.38,Norte
17,Tocantins,Mínimo,janeiro,2025,CP.1-2Q,"Casa popular (1 pav, varanda, sala, 2 quartos)",1160.03,Norte
17,Tocantins,Mínimo,janeiro,2025,CB-MMO,Cesta básica construção,1077.04,Norte
17,Tocantins,Mínimo,fevereiro,2025,CP.1-2Q,"Casa popular (1 pav, varanda, sala, 2 quartos)",1165.2,Norte
17,Tocantins,Mínimo,fevereiro,2025,CB-MMO,Cesta básica construção,1082.63,Norte
17,Tocantins,Mínimo,março,2025,CP.1-2Q,"Casa popular (1 pav, varanda, sala, 2 quartos)",1168.24,Norte
17,Tocantins,Mínimo,março,2025,CB-MMO,Cesta básica construção,1085.03,Norte
17,Tocantins,Mínimo,abril,2025,CP.1-2Q,"Casa popular (1 pav, varanda, sala, 2 quartos)",1168.6,Norte
17,Tocantins,Mínimo,abril,2025,CB-MMO,Cesta básica construção,1085.31,Norte
17,Tocantins,Mínimo,maio,2025,CP.1-2Q,"Casa popular (1 pav, varanda, sala, 2 quartos)",1176.39,Norte
17,Tocantins,Mínimo,maio,2025,CB-MMO,Cesta básica construção,1092.86,Norte
17,Tocantins,Mínimo,junho,2025,CP.1-2Q,"Casa popular (1 pav, varanda, sala, 2 quartos)",1173.27,Norte
17,Tocantins,Mínimo,junho,2025,CB-MMO,Cesta básica construção,1091.29,Norte
17,Tocantins,Mínimo,julho,2025,CP.1-2Q,"Casa popular (1 pav, varanda, sala, 2 quartos)",1189.67,Norte
17,Tocantins,Mínimo,julho,2025,CB-MMO,Cesta básica construção,1107.81,Norte
17,Tocantins,Mínimo,agosto,2025,CP.1-2Q,"Casa popular (1 pav, varanda, sala, 2 quartos)",1192.15,Norte
17,Tocantins,Mínimo,agosto,2025,CB-MMO,Cesta básica construção,1109.22,Norte
17,Tocantins,Mínimo,setembro,2025,CP.1-2Q,"Casa popular (1 pav, varanda, sala, 2 quartos)",1190.72,Norte
17,Tocantins,Mínimo,setembro,2025,CB-MMO,Cesta básica construção,1111.53,Norte
17,Tocantins,Mínimo,outubro,2025,CP.1-2Q,"Casa popular (1 pav, varanda, sala, 2 quartos)",1198.34,Norte
17,Tocantins,Mínimo,outubro,2025,CB-MMO,Cesta básica construção,1116.52,Norte
17,Tocantins,Mínimo,novembro,2025,CP.1-2Q,"Casa popular (1 pav, varanda, sala, 2 quartos)",1203.22,Norte
17,Tocantins,Mínimo,novembro,2025,CB-MMO,Cesta básica construção,1119.98,Norte
17,Tocantins,Mínimo,dezembro,2025,CP.1-2Q,"Casa popular (1 pav, varanda, sala, 2 quartos)",1207.28,Norte
17,Tocantins,Mínimo,dezembro,2025,CB-MMO,Cesta básica construção,1122.87,Norte
21,Maranhão,Alto,janeiro,2025,CR.1-3Q,"Casa residencial (1 pav, 3 quartos)",2076.62,Nordeste
21,Maranhão,Alto,janeiro,2025,PR4-3QP,Prédio residencial (4 pavimentos),1872.03,Nordeste
21,Maranhão,Alto,janeiro,2025,PC.12-LA,Prédio comercial (12 pavimentos),1900.21,Nordeste
21,Maranhão,Alto,fevereiro,2025,CR.1-3Q,"Casa residencial (1 pav, 3 quartos)",2060.77,Nordeste
21,Maranhão,Alto,fevereiro,2025,PR4-3QP,Prédio residencial (4 pavimentos),1858.24,Nordeste
21,Maranhão,Alto,fevereiro,2025,PC.12-LA,Prédio comercial (12 pavimentos),1898.15,Nordeste
21,Maranhão,Alto,março,2025,CR.1-3Q,"Casa residencial (1 pav, 3 quartos)",2068.29,Nordeste
21,Maranhão,Alto,março,2025,PR4-3QP,Prédio residencial (4 pavimentos),1864.77,Nordeste
21,Maranhão,Alto,março,2025,PC.12-LA,Prédio comercial (12 pavimentos),1902.65,Nordeste
21,Maranhão,Alto,abril,2025,CR.1-3Q,"Casa residencial (1 pav, 3 quartos)",2073.35,Nordeste
21,Maranhão,Alto,abril,2025,PR4-3QP,Prédio residencial (4 pavimentos),1883.34,Nordeste
21,Maranhão,Alto,abril,2025,PC.12-LA,Prédio comercial (12 pavimentos),1917.31,Nordeste
21,Maranhão,Alto,maio,2025,CR.1-3Q,"Casa residencial (1 pav, 3 quartos)",2079.65,Nordeste
21,Maranhão,Alto,maio,2025,PR4-3QP,Prédio residencial (4 pavimentos),1872.08,Nordeste
21,Maranhão,Alto,maio,2025,PC.12-LA,Prédio comercial (12 pavimentos),1906.14,Nordeste
21,Maranhão,Alto,junho,2025,CR.1-3Q,"Casa residencial (1 pav, 3 quartos)",2130.63,Nordeste
21,Maranhão,Alto,junho,2025,PR4-3QP,Prédio residencial (4 pavimentos),1903.44,Nordeste
21,Maranhão,Alto,junho,2025,PC.12-LA,Prédio comercial (12 pavimentos),1925.71,Nordeste
21,Maranhão,Alto,julho,2025,CR.1-3Q,"Casa residencial (1 pav, 3 quartos)",2144.91,Nordeste
21,Maranhão,Alto,julho,2025,PR4-3QP,Prédio residencial (4 pavimentos),1906.32,Nordeste
21,Maranhão,Alto,julho,2025,PC.12-LA,Prédio comercial (12 pavimentos),1926.48,Nordeste
21,Maranhão,Alto,agosto,2025,CR.1-3Q,"Casa residencial (1 pav, 3 quartos)",2150.94,Nordeste
21,Maranhão,Alto,agosto,2025,PR4-3QP,Prédio residencial (4 pavimentos),1914.25,Nordeste
21,Maranhão,Alto,agosto,2025,PC.12-LA,Prédio comercial (12 pavimentos),1939.06,Nordeste
21,Maranhão,Alto,setembro,2025,CR.1-3Q,"Casa residencial (1 pav, 3 quartos)",2157.93,Nordeste
21,Maranhão,Alto,setembro,2025,PR4-3QP,Prédio residencial (4 pavimentos),1915.51,Nordeste
21,Maranhão,Alto,setembro,2025,PC.12-LA,Prédio comercial (12 pavimentos),1933.19,Nordeste
21,Maranhão,Alto,outubro,2025,CR.1-3Q,"Casa residencial (1 pav, 3 quartos)",2173.31,Nordeste
21,Maranhão,Alto,outubro,2025,PR4-3QP,Prédio residencial (4 pavimentos),1923.56,Nordeste
21,Maranhão,Alto,outubro,2025,PC.12-LA,Prédio comercial (12 pavimentos),1929.66,Nordeste
21,Maranhão,Alto,novembro,2025,CR.1-3Q,"Casa residencial (1 pav, 3 quartos)",2183.1,Nordeste
21,Maranhão,Alto,novembro,2025,PR4-3QP,Prédio residencial (4 pavimentos),1945.84,Nordeste
21,Maranhão,Alto,novembro,2025,PC.12-LA,Prédio comercial (12 pavimentos),1960.07,Nordeste
21,Maranhão,Alto,dezembro,2025,CR.1-3Q,"Casa residencial (1 pav, 3 quartos)",2186.73,Nordeste
21,Maranhão,Alto,dezembro,2025,PR4-3QP,Prédio residencial (4 pavimentos),1954.38,Nordeste
21,Maranhão,Alto,dezembro,2025,PC.12-LA,Prédio comercial (12 pavimentos),1958.33,Nordeste
21,Maranhão,Normal,janeiro,2025,CP.1-2Q,"Casa popular (1 pav, varanda, sala, 2 quartos)",1821.84,Nordeste
21,Maranhão,Normal,janeiro,2025,CR.1-3Q,"Casa residencial (1 pav, 3 quartos)",1732.04,Nordeste
21,Maranhão,Normal,janeiro,2025,PR4-3QP,Prédio residencial (4 pavimentos),1507.1,Nordeste
21,Maranhão,Normal,janeiro,2025,PC.12-LA,Prédio comercial (12 pavimentos),1543.21,Nordeste
21,Maranhão,Normal,fevereiro,2025,CP.1-2Q,"Casa popular (1 pav, varanda, sala, 2 quartos)",1815.87,Nordeste
21,Maranhão,Normal,fevereiro,2025,CR.1-3Q,"Casa residencial (1 pav, 3 quartos)",1726.02,Nordeste
21,Maranhão,Normal,fevereiro,2025,PR4-3QP,Prédio residencial (4 pavimentos),1506.63,Nordeste
21,Maranhão,Normal,fevereiro,2025,PC.12-LA,Prédio comercial (12 pavimentos),1542.62,Nordeste
21,Maranhão,Normal,março,2025,CP.1-2Q,"Casa popular (1 pav, varanda, sala, 2 quartos)",1822.39,Nordeste
21,Maranhão,Normal,março,2025,CR.1-3Q,"Casa residencial (1 pav, 3 quartos)",1732.24,Nordeste
21,Maranhão,Normal,março,2025,PR4-3QP,Prédio residencial (4 pavimentos),1511.58,Nordeste
21,Maranhão,Normal,março,2025,PC.12-LA,Prédio comercial (12 pavimentos),1546.4,Nordeste
21,Maranhão,Normal,abril,2025,CP.1-2Q,"Casa popular (1 pav, varanda, sala, 2 quartos)",1823.52,Nordeste
21,Maranhão,Normal,abril,2025,CR.1-3Q,"Casa residencial (1 pav, 3 quartos)",1733.92,Nordeste
21,Maranhão,Normal,abril,2025,PR4-3QP,Prédio residencial (4 pavimentos),1519.02,Nordeste
21,Maranhão,Normal,abril,2025,PC.12-LA,Prédio comercial (12 pavimentos),1556.18,Nordeste
21,Maranhão,Normal,maio,2025,CP.1-2Q,"Casa popular (1 pav, varanda, sala, 2 quartos)",1831.42,Nordeste
21,Maranhão,Normal,maio,2025,CR.1-3Q,"Casa residencial (1 pav, 3 quartos)",1741.61,Nordeste
21,Maranhão,Normal,maio,2025,PR4-3QP,Prédio residencial (4 pavimentos),1520.06,Nordeste
21,Maranhão,Normal,maio,2025,PC.12-LA,Prédio comercial (12 pavimentos),1549.09,Nordeste
21,Maranhão,Normal,junho,2025,CP.1-2Q,"Casa popular (1 pav, varanda, sala, 2 quartos)",1870.81,Nordeste
21,Maranhão,Normal,junho,2025,CR.1-3Q,"Casa residencial (1 pav, 3 quartos)",1779.07,Nordeste
21,Maranhão,Normal,junho,2025,PR4-3QP,Prédio residencial (4 pavimentos),1540.6,Nordeste
21,Maranhão,Normal,junho,2025,PC.12-LA,Prédio comercial (12 pavimentos),1565.87,Nordeste
21,Maranhão,Normal,julho,2025,CP.1-2Q,"Casa popular (1 pav, varanda, sala, 2 quartos)",1884.74,Nordeste
21,Maranhão,Normal,julho,2025,CR.1-3Q,"Casa residencial (1 pav, 3 quartos)",1792.99,Nordeste
21,Maranhão,Normal,julho,2025,PR4-3QP,Prédio residencial (4 pavimentos),1544.87,Nordeste
21,Maranhão,Normal,julho,2025,PC.12-LA,Prédio comercial (12 pavimentos),1567.83,Nordeste
21,Maranhão,Normal,agosto,2025,CP.1-2Q,"Casa popular (1 pav, varanda, sala, 2 quartos)",1888.61,Nordeste
21,Maranhão,Normal,agosto,2025,CR.1-3Q,"Casa residencial (1 pav, 3 quartos)",1795.36,Nordeste
21,Maranhão,Normal,agosto,2025,PR4-3QP,Prédio residencial (4 pavimentos),1549.01,Nordeste
21,Maranhão,Normal,agosto,2025,PC.12-LA,Prédio comercial (12 pavimentos),1572.83,Nordeste
21,Maranhão,Normal,setembro,2025,CP.1-2Q,"Casa popular (1 pav, varanda, sala, 2 quartos)",1895.2,Nordeste
21,Maranhão,Normal,setembro,2025,CR.1-3Q,"Casa residencial (1 pav, 3 quartos)",1801.39,Nordeste
21,Maranhão,Normal,setembro,2025,PR4-3QP,Prédio residencial (4 pavimentos),1547.14,Nordeste
21,Maranhão,Normal,setembro,2025,PC.12-LA,Prédio comercial (12 pavimentos),1566.75,Nordeste
21,Maranhão,Normal,outubro,2025,CP.1-2Q,"Casa popular (1 pav, varanda, sala, 2 quartos)",1905.55,Nordeste
21,Maranhão,Normal,outubro,2025,CR.1-3Q,"Casa residencial (1 pav, 3 quartos)",1812.04,Nordeste
21,Maranhão,Normal,outubro,2025,PR4-3QP,Prédio residencial (4 pavimentos),1550.9,Nordeste
21,Maranhão,Normal,outubro,2025,PC.12-LA,Prédio comercial (12 pavimentos),1567.59,Nordeste
21,Maranhão,Normal,novembro,2025,CP.1-2Q,"Casa popular (1 pav, varanda, sala, 2 quartos)",1912.44,Nordeste
21,Maranhão,Normal,novembro,2025,CR.1-3Q,"Casa residencial (1 pav, 3 quartos)",1818.96,Nordeste
21,Maranhão,Normal,novembro,2025,PR4-3QP,Prédio residencial (4 pavimentos),1563.34,Nordeste
21,Maranhão,Normal,novembro,2025,PC.12-LA,Prédio comercial (12 pavimentos),1586.79,Nordeste
21,Maranhão,Normal,dezembro,2025,CP.1-2Q,"Casa popular (1 pav, varanda, sala, 2 quartos)",1913.11,Nordeste
21,Maranhão,Normal,dezembro,2025,CR.1-3Q,"Casa residencial (1 pav, 3 quartos)",1818.44,Nordeste
21,Maranhão,Normal,dezembro,2025,PR4-3QP,Prédio residencial (4 pavimentos),1565.78,Nordeste
21,Maranhão,Normal,dezembro,2025,PC.12-LA,Prédio comercial (12 pavimentos),1587.78,Nordeste
21,Maranhão,Baixo,janeiro,2025,CP.1-2Q,"Casa popular (1 pav, varanda, sala, 2 quartos)",1321.17,Nordeste
21,Maranhão,Baixo,janeiro,2025,CR.1-3Q,"Casa residencial (1 pav, 3 quartos)",1249.94,Nordeste
21,Maranhão,Baixo,janeiro,2025,PR4-3QP,Prédio residencial (4 pavimentos),1234.75,Nordeste
21,Maranhão,Baixo,fevereiro,2025,CP.1-2Q,"Casa popular (1 pav, varanda, sala, 2 quartos)",1321.19,Nordeste
21,Maranhão,Baixo,fevereiro,2025,CR.1-3Q,"Casa residencial (1 pav, 3 quartos)",1249.38,Nordeste
21,Maranhão,Baixo,fevereiro,2025,PR4-3QP,Prédio residencial (4 pavimentos),1233.07,Nordeste
21,Maranhão,Baixo,março,2025,CP.1-2Q,"Casa popular (1 pav, varanda, sala, 2 quartos)",1326.37,Nordeste
21,Maranhão,Baixo,março,2025,CR.1-3Q,"Casa residencial (1 pav, 3 quartos)",1254.43,Nordeste
21,Maranhão,Baixo,março,2025,PR4-3QP,Prédio residencial (4 pavimentos),1237.14,Nordeste
21,Maranhão,Baixo,abril,2025,CP.1-2Q,"Casa popular (1 pav, varanda, sala, 2 quartos)",1325.58,Nordeste
21,Maranhão,Baixo,abril,2025,CR.1-3Q,"Casa residencial (1 pav, 3 quartos)",1253.85,Nordeste
21,Maranhão,Baixo,abril,2025,PR4-3QP,Prédio residencial (4 pavimentos),1243.19,Nordeste
21,Maranhão,Baixo,maio,2025,CP.1-2Q,"Casa popular (1 pav, varanda, sala, 2 quartos)",1330.88,Nordeste
21,Maranhão,Baixo,maio,2025,CR.1-3Q,"Casa residencial (1 pav, 3 quartos)",1259.04,Nordeste
21,Maranhão,Baixo,maio,2025,PR4-3QP,Prédio residencial (4 pavimentos),1239.97,Nordeste
21,Maranhão,Baixo,junho,2025,CP.1-2Q,"Casa popular (1 pav, varanda, sala, 2 quartos)",1356.05,Nordeste
21,Maranhão,Baixo,junho,2025,CR.1-3Q,"Casa residencial (1 pav, 3 quartos)",1282.42,Nordeste
21,Maranhão,Baixo,junho,2025,PR4-3QP,Prédio residencial (4 pavimentos),1254.61,Nordeste
21,Maranhão,Baixo,julho,2025,CP.1-2Q,"Casa popular (1 pav, varanda, sala, 2 quartos)",1362.85,Nordeste
21,Maranhão,Baixo,julho,2025,CR.1-3Q,"Casa residencial (1 pav, 3 quartos)",1288.83,Nordeste
21,Maranhão,Baixo,julho,2025,PR4-3QP,Prédio residencial (4 pavimentos),1256.6,Nordeste
21,Maranhão,Baixo,agosto,2025,CP.1-2Q,"Casa popular (1 pav, varanda, sala, 2 quartos)",1359.62,Nordeste
21,Maranhão,Baixo,agosto,2025,CR.1-3Q,"Casa residencial (1 pav, 3 quartos)",1285.97,Nordeste
21,Maranhão,Baixo,agosto,2025,PR4-3QP,Prédio residencial (4 pavimentos),1260.25,Nordeste
21,Maranhão,Baixo,setembro,2025,CP.1-2Q,"Casa popular (1 pav, varanda, sala, 2 quartos)",1361.57,Nordeste
21,Maranhão,Baixo,setembro,2025,CR.1-3Q,"Casa residencial (1 pav, 3 quartos)",1287.27,Nordeste
21,Maranhão,Baixo,setembro,2025,PR4-3QP,Prédio residencial (4 pavimentos),1256.78,Nordeste
21,Maranhão,Baixo,outubro,2025,CP.1-2Q,"Casa popular (1 pav, varanda, sala, 2 quartos)",1364.14,Nordeste
21,Maranhão,Baixo,outubro,2025,CR.1-3Q,"Casa residencial (1 pav, 3 quartos)",1290.1,Nordeste
21,Maranhão,Baixo,outubro,2025,PR4-3QP,Prédio residencial (4 pavimentos),1260.83,Nordeste
21,Maranhão,Baixo,novembro,2025,CP.1-2Q,"Casa popular (1 pav, varanda, sala, 2 quartos)",1367.28,Nordeste
21,Maranhão,Baixo,novembro,2025,CR.1-3Q,"Casa residencial (1 pav, 3 quartos)",1293.86,Nordeste
21,Maranhão,Baixo,novembro,2025,PR4-3QP,Prédio residencial (4 pavimentos),1271.09,Nordeste
21,Maranhão,Baixo,dezembro,2025,CP.1-2Q,"Casa popular (1 pav, varanda, sala, 2 quartos)",1367.58,Nordeste
21,Maranhão,Baixo,dezembro,2025,CR.1-3Q,"Casa residencial (1 pav, 3 quartos)",1293.12,Nordeste
21,Maranhão,Baixo,dezembro,2025,PR4-3QP,Prédio residencial (4 pavimentos),1273.37,Nordeste
21,Maranhão,Mínimo,janeiro,2025,CP.1-2Q,"Casa popular (1 pav, varanda, sala, 2 quartos)",1135.54,Nordeste
21,Maranhão,Mínimo,janeiro,2025,CB-MMO,Cesta básica construção,1056.1,Nordeste
21,Maranhão,Mínimo,fevereiro,2025,CP.1-2Q,"Casa popular (1 pav, varanda, sala, 2 quartos)",1136.1,Nordeste
21,Maranhão,Mínimo,fevereiro,2025,CB-MMO,Cesta básica construção,1060.43,Nordeste
21,Maranhão,Mínimo,março,2025,CP.1-2Q,"Casa popular (1 pav, varanda, sala, 2 quartos)",1139.92,Nordeste
21,Maranhão,Mínimo,março,2025,CB-MMO,Cesta básica construção,1062.6,Nordeste
21,Maranhão,Mínimo,abril,2025,CP.1-2Q,"Casa popular (1 pav, varanda, sala, 2 quartos)",1138.57,Nordeste
21,Maranhão,Mínimo,abril,2025,CB-MMO,Cesta básica construção,1060.19,Nordeste
21,Maranhão,Mínimo,maio,2025,CP.1-2Q,"Casa popular (1 pav, varanda, sala, 2 quartos)",1144.02,Nordeste
21,Maranhão,Mínimo,maio,2025,CB-MMO,Cesta básica construção,1064.04,Nordeste
21,Maranhão,Mínimo,junho,2025,CP.1-2Q,"Casa popular (1 pav, varanda, sala, 2 quartos)",1168.88,Nordeste
21,Maranhão,Mínimo,junho,2025,CB-MMO,Cesta básica construção,1092.49,Nordeste
21,Maranhão,Mínimo,julho,2025,CP.1-2Q,"Casa popular (1 pav, varanda, sala, 2 quartos)",1174.12,Nordeste
21,Maranhão,Mínimo,julho,2025,CB-MMO,Cesta básica construção,1097.33,Nordeste
21,Maranhão,Mínimo,agosto,2025,CP.1-2Q,"Casa popular (1 pav, varanda, sala, 2 quartos)",1169.53,Nordeste
21,Maranhão,Mínimo,agosto,2025,CB-MMO,Cesta básica construção,1092.14,Nordeste
21,Maranhão,Mínimo,setembro,2025,CP.1-2Q,"Casa popular (1 pav, varanda, sala, 2 quartos)",1170.61,Nordeste
21,Maranhão,Mínimo,setembro,2025,CB-MMO,Cesta básica construção,1094.29,Nordeste
21,Maranhão,Mínimo,outubro,2025,CP.1-2Q,"Casa popular (1 pav, varanda, sala, 2 quartos)",1173.81,Nordeste
21,Maranhão,Mínimo,outubro,2025,CB-MMO,Cesta básica construção,1099.64,Nordeste
21,Maranhão,Mínimo,novembro,2025,CP.1-2Q,"Casa popular (1 pav, varanda, sala, 2 quartos)",1176.53,Nordeste
21,Maranhão,Mínimo,novembro,2025,CB-MMO,Cesta básica construção,1100.02,Nordeste
21,Maranhão,Mínimo,dezembro,2025,CP.1-2Q,"Casa popular (1 pav, varanda, sala, 2 quartos)",1177.8,Nordeste
21,Maranhão,Mínimo,dezembro,2025,CB-MMO,Cesta básica construção,1101.51,Nordeste
22,Piauí,Alto,janeiro,2025,CR.1-3Q,"Casa residencial (1 pav, 3 quartos)",2080.98,Nordeste
22,Piauí,Alto,janeiro,2025,PR4-3QP,Prédio residencial (4 pavimentos),1920.78,Nordeste
22,Piauí,Alto,janeiro,2025,PC.12-LA,Prédio comercial (12 pavimentos),1922.64,Nordeste
22,Piauí,Alto,fevereiro,2025,CR.1-3Q,"Casa residencial (1 pav, 3 quartos)",2067.46,Nordeste
22,Piauí,Alto,fevereiro,2025,PR4-3QP,Prédio residencial (4 pavimentos),1895.22,Nordeste
22,Piauí,Alto,fevereiro,2025,PC.12-LA,Prédio comercial (12 pavimentos),1904.97,Nordeste
22,Piauí,Alto,março,2025,CR.1-3Q,"Casa residencial (1 pav, 3 quartos)",2075.62,Nordeste
22,Piauí,Alto,março,2025,PR4-3QP,Prédio residencial (4 pavimentos),1899.48,Nordeste
22,Piauí,Alto,março,2025,PC.12-LA,Prédio comercial (12 pavimentos),1905.68,Nordeste
22,Piauí,Alto,abril,2025,CR.1-3Q,"Casa residencial (1 pav, 3 quartos)",2081.76,Nordeste
22,Piauí,Alto,abril,2025,PR4-3QP,Prédio residencial (4 pavimentos),1903.67,Nordeste
22,Piauí,Alto,abril,2025,PC.12-LA,Prédio comercial (12 pavimentos),1903.35,Nordeste
22,Piauí,Alto,maio,2025,CR.1-3Q,"Casa residencial (1 pav, 3 quartos)",2084.57,Nordeste
22,Piauí,Alto,maio,2025,PR4-3QP,Prédio residencial (4 pavimentos),1913.53,Nordeste
22,Piauí,Alto,maio,2025,PC.12-LA,Prédio comercial (12 pavimentos),1919.58,Nordeste
22,Piauí,Alto,junho,2025,CR.1-3Q,"Casa residencial (1 pav, 3 quartos)",2091.85,Nordeste
22,Piauí,Alto,junho,2025,PR4-3QP,Prédio residencial (4 pavimentos),1926.08,Nordeste
22,Piauí,Alto,junho,2025,PC.12-LA,Prédio comercial (12 pavimentos),1928.88,Nordeste
22,Piauí,Alto,julho,2025,CR.1-3Q,"Casa residencial (1 pav, 3 quartos)",2098.2,Nordeste
22,Piauí,Alto,julho,2025,PR4-3QP,Prédio residencial (4 pavimentos),1931.41,Nordeste
22,Piauí,Alto,julho,2025,PC.12-LA,Prédio comercial (12 pavimentos),1929.88,Nordeste
22,Piauí,Alto,agosto,2025,CR.1-3Q,"Casa residencial (1 pav, 3 quartos)",2110.37,Nordeste
22,Piauí,Alto,agosto,2025,PR4-3QP,Prédio residencial (4 pavimentos),1925.98,Nordeste
22,Piauí,Alto,agosto,2025,PC.12-LA,Prédio comercial (12 pavimentos),1922.05,Nordeste
22,Piauí,Alto,setembro,2025,CR.1-3Q,"Casa residencial (1 pav, 3 quartos)",2115.38,Nordeste
22,Piauí,Alto,setembro,2025,PR4-3QP,Prédio residencial (4 pavimentos),1931.28,Nordeste
22,Piauí,Alto,setembro,2025,PC.12-LA,Prédio comercial (12 pavimentos),1926.74,Nordeste
22,Piauí,Alto,outubro,2025,CR.1-3Q,"Casa residencial (1 pav, 3 quartos)",2118.28,Nordeste
22,Piauí,Alto,outubro,2025,PR4-3QP,Prédio residencial (4 pavimentos),1929.5,Nordeste
22,Piauí,Alto,outubro,2025,PC.12-LA,Prédio comercial (12 pavimentos),1927.44,Nordeste
22,Piauí,Alto,novembro,2025,CR.1-3Q,"Casa residencial (1 pav, 3 quartos)",2122.33,Nordeste
22,Piauí,Alto,novembro,2025,PR4-3QP,Prédio residencial (4 pavimentos),1943.82,Nordeste
22,Piauí,Alto,novembro,2025,PC.12-LA,Prédio comercial (12 pavimentos),1940.96,Nordeste
22,Piauí,Alto,dezembro,2025,CR.1-3Q,"Casa residencial (1 pav, 3 quartos)",2127.21,Nordeste
22,Piauí,Alto,dezembro,2025,PR4-3QP,Prédio residencial (4 pavimentos),1948.37,Nordeste
22,Piauí,Alto,dezembro,2025,PC.12-LA,Prédio comercial (12 pavimentos),1944.89,Nordeste
22,Piauí,Normal,janeiro,2025,CP.1-2Q,"Casa popular (1 pav, varanda, sala, 2 quartos)",1822.58,Nordeste
22,Piauí,Normal,janeiro,2025,CR.1-3Q,"Casa residencial (1 pav, 3 quartos)",1731.54,Nordeste
22,Piauí,Normal,janeiro,2025,PR4-3QP,Prédio residencial (4 pavimentos),1530.74,Nordeste
22,Piauí,Normal,janeiro,2025,PC.12-LA,Prédio comercial (12 pavimentos),1535.43,Nordeste
22,Piauí,Normal,fevereiro,2025,CP.1-2Q,"Casa popular (1 pav, varanda, sala, 2 quartos)",1824.38,Nordeste
22,Piauí,Normal,fevereiro,2025,CR.1-3Q,"Casa residencial (1 pav, 3 quartos)",1733.56,Nordeste
22,Piauí,Normal,fevereiro,2025,PR4-3QP,Prédio residencial (4 pavimentos),1520.51,Nordeste
22,Piauí,Normal,fevereiro,2025,PC.12-LA,Prédio comercial (12 pavimentos),1522.39,Nordeste
22,Piauí,Normal,março,2025,CP.1-2Q,"Casa popular (1 pav, varanda, sala, 2 quartos)",1831.64,Nordeste
22,Piauí,Normal,março,2025,CR.1-3Q,"Casa residencial (1 pav, 3 quartos)",1740.46,Nordeste
22,Piauí,Normal,março,2025,PR4-3QP,Prédio residencial (4 pavimentos),1523.33,Nordeste
22,Piauí,Normal,março,2025,PC.12-LA,Prédio comercial (12 pavimentos),1523.1,Nordeste
22,Piauí,Normal,abril,2025,CP.1-2Q,"Casa popular (1 pav, varanda, sala, 2 quartos)",1834.54,Nordeste
22,Piauí,Normal,abril,2025,CR.1-3Q,"Casa residencial (1 pav, 3 quartos)",1742.1,Nordeste
22,Piauí,Normal,abril,2025,PR4-3QP,Prédio residencial (4 pavimentos),1524.11,Nordeste
22,Piauí,Normal,abril,2025,PC.12-LA,Prédio comercial (12 pavimentos),1519.68,Nordeste
22,Piauí,Normal,maio,2025,CP.1-2Q,"Casa popular (1 pav, varanda, sala, 2 quartos)",1840.19,Nordeste
22,Piauí,Normal,maio,2025,CR.1-3Q,"Casa residencial (1 pav, 3 quartos)",1748.35,Nordeste
22,Piauí,Normal,maio,2025,PR4-3QP,Prédio residencial (4 pavimentos),1535.01,Nordeste
22,Piauí,Normal,maio,2025,PC.12-LA,Prédio comercial (12 pavimentos),1531.68,Nordeste
22,Piauí,Normal,junho,2025,CP.1-2Q,"Casa popular (1 pav, varanda, sala, 2 quartos)",1840.5,Nordeste
22,Piauí,Normal,junho,2025,CR.1-3Q,"Casa residencial (1 pav, 3 quartos)",1748.49,Nordeste
22,Piauí,Normal,junho,2025,PR4-3QP,Prédio residencial (4 pavimentos),1539.29,Nordeste
22,Piauí,Normal,junho,2025,PC.12-LA,Prédio comercial (12 pavimentos),1533.24,Nordeste
22,Piauí,Normal,julho,2025,CP.1-2Q,"Casa popular (1 pav, varanda, sala, 2 quartos)",1843.45,Nordeste
22,Piauí,Normal,julho,2025,CR.1-3Q,"Casa residencial (1 pav, 3 quartos)",1751.36,Nordeste
22,Piauí,Normal,julho,2025,PR4-3QP,Prédio residencial (4 pavimentos),1542.12,Nordeste
22,Piauí,Normal,julho,2025,PC.12-LA,Prédio comercial (12 pavimentos),1533.87,Nordeste
22,Piauí,Normal,agosto,2025,CP.1-2Q,"Casa popular (1 pav, varanda, sala, 2 quartos)",1854.1,Nordeste
22,Piauí,Normal,agosto,2025,CR.1-3Q,"Casa residencial (1 pav, 3 quartos)",1761.75,Nordeste
22,Piauí,Normal,agosto,2025,PR4-3QP,Prédio residencial (4 pavimentos),1540.38,Nordeste
22,Piauí,Normal,agosto,2025,PC.12-LA,Prédio comercial (12 pavimentos),1519.38,Nordeste
22,Piauí,Normal,setembro,2025,CP.1-2Q,"Casa popular (1 pav, varanda, sala, 2 quartos)",1857.17,Nordeste
22,Piauí,Normal,setembro,2025,CR.1-3Q,"Casa residencial (1 pav, 3 quartos)",1764.8,Nordeste
22,Piauí,Normal,setembro,2025,PR4-3QP,Prédio residencial (4 pavimentos),1543.91,Nordeste
22,Piauí,Normal,setembro,2025,PC.12-LA,Prédio comercial (12 pavimentos),1523.26,Nordeste
22,Piauí,Normal,outubro,2025,CP.1-2Q,"Casa popular (1 pav, varanda, sala, 2 quartos)",1859.24,Nordeste
22,Piauí,Normal,outubro,2025,CR.1-3Q,"Casa residencial (1 pav, 3 quartos)",1765.89,Nordeste
22,Piauí,Normal,outubro,2025,PR4-3QP,Prédio residencial (4 pavimentos),1540.85,Nordeste
22,Piauí,Normal,outubro,2025,PC.12-LA,Prédio comercial (12 pavimentos),1523.03,Nordeste
22,Piauí,Normal,novembro,2025,CP.1-2Q,"Casa popular (1 pav, varanda, sala, 2 quartos)",1861.57,Nordeste
22,Piauí,Normal,novembro,2025,CR.1-3Q,"Casa residencial (1 pav, 3 quartos)",1767.87,Nordeste
22,Piauí,Normal,novembro,2025,PR4-3QP,Prédio residencial (4 pavimentos),1545.76,Nordeste
22,Piauí,Normal,novembro,2025,PC.12-LA,Prédio comercial (12 pavimentos),1531.92,Nordeste
22,Piauí,Normal,dezembro,2025,CP.1-2Q,"Casa popular (1 pav, varanda, sala, 2 quartos)",1863.68,Nordeste
22,Piauí,Normal,dezembro,2025,CR.1-3Q,"Casa residencial (1 pav, 3 quartos)",1770.26,Nordeste
22,Piauí,Normal,dezembro,2025,PR4-3QP,Prédio residencial (4 pavimentos),1548.04,Nordeste
22,Piauí,Normal,dezembro,2025,PC.12-LA,Prédio comercial (12 pavimentos),1534.08,Nordeste
22,Piauí,Baixo,janeiro,2025,CP.1-2Q,"Casa popular (1 pav, varanda, sala, 2 quartos)",1296.78,Nordeste
22,Piauí,Baixo,janeiro,2025,CR.1-3Q,"Casa residencial (1 pav, 3 quartos)",1225.49,Nordeste
22,Piauí,Baixo,janeiro,2025,PR4-3QP,Prédio residencial (4 pavimentos),1245.3,Nordeste
22,Piauí,Baixo,fevereiro,2025,CP.1-2Q,"Casa popular (1 pav, varanda, sala, 2 quartos)",1296.47,Nordeste
22,Piauí,Baixo,fevereiro,2025,CR.1-3Q,"Casa residencial (1 pav, 3 quartos)",1225.12,Nordeste
22,Piauí,Baixo,fevereiro,2025,PR4-3QP,Prédio residencial (4 pavimentos),1236.0,Nordeste
22,Piauí,Baixo,março,2025,CP.1-2Q,"Casa popular (1 pav, varanda, sala, 2 quartos)",1300.15,Nordeste
22,Piauí,Baixo,março,2025,CR.1-3Q,"Casa residencial (1 pav, 3 quartos)",1228.65,Nordeste
22,Piauí,Baixo,março,2025,PR4-3QP,Prédio residencial (4 pavimentos),1237.23,Nordeste
22,Piauí,Baixo,abril,2025,CP.1-2Q,"Casa popular (1 pav, varanda, sala, 2 quartos)",1302.32,Nordeste
22,Piauí,Baixo,abril,2025,CR.1-3Q,"Casa residencial (1 pav, 3 quartos)",1229.91,Nordeste
22,Piauí,Baixo,abril,2025,PR4-3QP,Prédio residencial (4 pavimentos),1233.42,Nordeste
22,Piauí,Baixo,maio,2025,CP.1-2Q,"Casa popular (1 pav, varanda, sala, 2 quartos)",1305.43,Nordeste
22,Piauí,Baixo,maio,2025,CR.1-3Q,"Casa residencial (1 pav, 3 quartos)",1233.02,Nordeste
22,Piauí,Baixo,maio,2025,PR4-3QP,Prédio residencial (4 pavimentos),1242.89,Nordeste
22,Piauí,Baixo,junho,2025,CP.1-2Q,"Casa popular (1 pav, varanda, sala, 2 quartos)",1304.0,Nordeste
22,Piauí,Baixo,junho,2025,CR.1-3Q,"Casa residencial (1 pav, 3 quartos)",1232.1,Nordeste
22,Piauí,Baixo,junho,2025,PR4-3QP,Prédio residencial (4 pavimentos),1243.56,Nordeste
22,Piauí,Baixo,julho,2025,CP.1-2Q,"Casa popular (1 pav, varanda, sala, 2 quartos)",1305.03,Nordeste
22,Piauí,Baixo,julho,2025,CR.1-3Q,"Casa residencial (1 pav, 3 quartos)",1233.01,Nordeste
22,Piauí,Baixo,julho,2025,PR4-3QP,Prédio residencial (4 pavimentos),1243.37,Nordeste
22,Piauí,Baixo,agosto,2025,CP.1-2Q,"Casa popular (1 pav, varanda, sala, 2 quartos)",1310.4,Nordeste
22,Piauí,Baixo,agosto,2025,CR.1-3Q,"Casa residencial (1 pav, 3 quartos)",1238.04,Nordeste
22,Piauí,Baixo,agosto,2025,PR4-3QP,Prédio residencial (4 pavimentos),1234.49,Nordeste
22,Piauí,Baixo,setembro,2025,CP.1-2Q,"Casa popular (1 pav, varanda, sala, 2 quartos)",1311.89,Nordeste
22,Piauí,Baixo,setembro,2025,CR.1-3Q,"Casa residencial (1 pav, 3 quartos)",1240.06,Nordeste
22,Piauí,Baixo,setembro,2025,PR4-3QP,Prédio residencial (4 pavimentos),1238.18,Nordeste
22,Piauí,Baixo,outubro,2025,CP.1-2Q,"Casa popular (1 pav, varanda, sala, 2 quartos)",1315.68,Nordeste
22,Piauí,Baixo,outubro,2025,CR.1-3Q,"Casa residencial (1 pav, 3 quartos)",1243.07,Nordeste
22,Piauí,Baixo,outubro,2025,PR4-3QP,Prédio residencial (4 pavimentos),1236.03,Nordeste
22,Piauí,Baixo,novembro,2025,CP.1-2Q,"Casa popular (1 pav, varanda, sala, 2 quartos)",1318.54,Nordeste
22,Piauí,Baixo,novembro,2025,CR.1-3Q,"Casa residencial (1 pav, 3 quartos)",1245.52,Nordeste
22,Piauí,Baixo,novembro,2025,PR4-3QP,Prédio residencial (4 pavimentos),1241.48,Nordeste
22,Piauí,Baixo,dezembro,2025,CP.1-2Q,"Casa popular (1 pav, varanda, sala, 2 quartos)",1318.91,Nordeste
22,Piauí,Baixo,dezembro,2025,CR.1-3Q,"Casa residencial (1 pav, 3 quartos)",1246.14,Nordeste
22,Piauí,Baixo,dezembro,2025,PR4-3QP,Prédio residencial (4 pavimentos),1242.75,Nordeste
22,Piauí,Mínimo,janeiro,2025,CP.1-2Q,"Casa popular (1 pav, varanda, sala, 2 quartos)",1124.08,Nordeste
22,Piauí,Mínimo,janeiro,2025,CB-MMO,Cesta básica construção,1055.51,Nordeste
22,Piauí,Mínimo,fevereiro,2025,CP.1-2Q,"Casa popular (1 pav, varanda, sala, 2 quartos)",1123.51,Nordeste
22,Piauí,Mínimo,fevereiro,2025,CB-MMO,Cesta básica construção,1054.69,Nordeste
22,Piauí,Mínimo,março,2025,CP.1-2Q,"Casa popular (1 pav, varanda, sala, 2 quartos)",1124.01,Nordeste
22,Piauí,Mínimo,março,2025,CB-MMO,Cesta básica construção,1054.92,Nordeste
22,Piauí,Mínimo,abril,2025,CP.1-2Q,"Casa popular (1 pav, varanda, sala, 2 quartos)",1128.86,Nordeste
22,Piauí,Mínimo,abril,2025,CB-MMO,Cesta básica construção,1059.41,Nordeste
22,Piauí,Mínimo,maio,2025,CP.1-2Q,"Casa popular (1 pav, varanda, sala, 2 quartos)",1129.1,Nordeste
22,Piauí,Mínimo,maio,2025,CB-MMO,Cesta básica construção,1059.39,Nordeste
22,Piauí,Mínimo,junho,2025,CP.1-2Q,"Casa popular (1 pav, varanda, sala, 2 quartos)",1127.78,Nordeste
22,Piauí,Mínimo,junho,2025,CB-MMO,Cesta básica construção,1057.19,Nordeste
22,Piauí,Mínimo,julho,2025,CP.1-2Q,"Casa popular (1 pav, varanda, sala, 2 quartos)",1128.57,Nordeste
22,Piauí,Mínimo,julho,2025,CB-MMO,Cesta básica construção,1057.36,Nordeste
22,Piauí,Mínimo,agosto,2025,CP.1-2Q,"Casa popular (1 pav, varanda, sala, 2 quartos)",1132.36,Nordeste
22,Piauí,Mínimo,agosto,2025,CB-MMO,Cesta básica construção,1063.82,Nordeste
22,Piauí,Mínimo,setembro,2025,CP.1-2Q,"Casa popular (1 pav, varanda, sala, 2 quartos)",1134.4,Nordeste
22,Piauí,Mínimo,setembro,2025,CB-MMO,Cesta básica construção,1064.91,Nordeste
22,Piauí,Mínimo,outubro,2025,CP.1-2Q,"Casa popular (1 pav, varanda, sala, 2 quartos)",1139.32,Nordeste
22,Piauí,Mínimo,outubro,2025,CB-MMO,Cesta básica construção,1068.5,Nordeste
22,Piauí,Mínimo,novembro,2025,CP.1-2Q,"Casa popular (1 pav, varanda, sala, 2 quartos)",1142.56,Nordeste
22,Piauí,Mínimo,novembro,2025,CB-MMO,Cesta básica construção,1070.81,Nordeste
22,Piauí,Mínimo,dezembro,2025,CP.1-2Q,"Casa popular (1 pav, varanda, sala, 2 quartos)",1143.71,Nordeste
22,Piauí,Mínimo,dezembro,2025,CB-MMO,Cesta básica construção,1073.07,Nordeste
23,Ceará,Alto,janeiro,2025,CR.1-3Q,"Casa residencial (1 pav, 3 quartos)",2070.94,Nordeste
23,Ceará,Alto,janeiro,2025,PR4-3QP,Prédio residencial (4 pavimentos),1878.92,Nordeste
23,Ceará,Alto,janeiro,2025,PC.12-LA,Prédio comercial (12 pavimentos),2019.91,Nordeste
23,Ceará,Alto,fevereiro,2025,CR.1-3Q,"Casa residencial (1 pav, 3 quartos)",2066.93,Nordeste
23,Ceará,Alto,fevereiro,2025,PR4-3QP,Prédio residencial (4 pavimentos),1864.3,Nordeste
23,Ceará,Alto,fevereiro,2025,PC.12-LA,Prédio comercial (12 pavimentos),1984.41,Nordeste
23,Ceará,Alto,março,2025,CR.1-3Q,"Casa residencial (1 pav, 3 quartos)",2072.14,Nordeste
23,Ceará,Alto,março,2025,PR4-3QP,Prédio residencial (4 pavimentos),1876.33,Nordeste
23,Ceará,Alto,março,2025,PC.12-LA,Prédio comercial (12 pavimentos),2002.69,Nordeste
23,Ceará,Alto,abril,2025,CR.1-3Q,"Casa residencial (1 pav, 3 quartos)",2079.83,Nordeste
23,Ceará,Alto,abril,2025,PR4-3QP,Prédio residencial (4 pavimentos),1878.22,Nordeste
23,Ceará,Alto,abril,2025,PC.12-LA,Prédio comercial (12 pavimentos),2000.55,Nordeste
23,Ceará,Alto,maio,2025,CR.1-3Q,"Casa residencial (1 pav, 3 quartos)",2093.06,Nordeste
23,Ceará,Alto,maio,2025,PR4-3QP,Prédio residencial (4 pavimentos),1886.33,Nordeste
23,Ceará,Alto,maio,2025,PC.12-LA,Prédio comercial (12 pavimentos),2001.56,Nordeste
23,Ceará,Alto,junho,2025,CR.1-3Q,"Casa residencial (1 pav, 3 quartos)",2106.4,Nordeste
23,Ceará,Alto,junho,2025,PR4-3QP,Prédio residencial (4 pavimentos),1901.41,Nordeste
23,Ceará,Alto,junho,2025,PC.12-LA,Prédio comercial (12 pavimentos),2028.24,Nordeste
23,Ceará,Alto,julho,2025,CR.1-3Q,"Casa residencial (1 pav, 3 quartos)",2152.41,Nordeste
23,Ceará,Alto,julho,2025,PR4-3QP,Prédio residencial (4 pavimentos),1940.13,Nordeste
23,Ceará,Alto,julho,2025,PC.12-LA,Prédio comercial (12 pavimentos),2056.22,Nordeste
23,Ceará,Alto,agosto,2025,CR.1-3Q,"Casa residencial (1 pav, 3 quartos)",2161.23,Nordeste
23,Ceará,Alto,agosto,2025,PR4-3QP,Prédio residencial (4 pavimentos),1950.74,Nordeste
23,Ceará,Alto,agosto,2025,PC.12-LA,Prédio comercial (12 pavimentos),2068.81,Nordeste
23,Ceará,Alto,setembro,2025,CR.1-3Q,"Casa residencial (1 pav, 3 quartos)",2175.05,Nordeste
23,Ceará,Alto,setembro,2025,PR4-3QP,Prédio residencial (4 pavimentos),1968.87,Nordeste
23,Ceará,Alto,setembro,2025,PC.12-LA,Prédio comercial (12 pavimentos),2099.4,Nordeste
23,Ceará,Alto,outubro,2025,CR.1-3Q,"Casa residencial (1 pav, 3 quartos)",2182.61,Nordeste
23,Ceará,Alto,outubro,2025,PR4-3QP,Prédio residencial (4 pavimentos),1980.73,Nordeste
23,Ceará,Alto,outubro,2025,PC.12-LA,Prédio comercial (12 pavimentos),2117.72,Nordeste
23,Ceará,Alto,novembro,2025,CR.1-3Q,"Casa residencial (1 pav, 3 quartos)",2195.5,Nordeste
23,Ceará,Alto,novembro,2025,PR4-3QP,Prédio residencial (4 pavimentos),1985.64,Nordeste
23,Ceará,Alto,novembro,2025,PC.12-LA,Prédio comercial (12 pavimentos),2114.89,Nordeste
23,Ceará,Alto,dezembro,2025,CR.1-3Q,"Casa residencial (1 pav, 3 quartos)",2201.85,Nordeste
23,Ceará,Alto,dezembro,2025,PR4-3QP,Prédio residencial (4 pavimentos),1989.29,Nordeste
23,Ceará,Alto,dezembro,2025,PC.12-LA,Prédio comercial (12 pavimentos),2113.86,Nordeste
23,Ceará,Normal,janeiro,2025,CP.1-2Q,"Casa popular (1 pav, varanda, sala, 2 quartos)",1837.6,Nordeste
23,Ceará,Normal,janeiro,2025,CR.1-3Q,"Casa residencial (1 pav, 3 quartos)",1744.16,Nordeste
23,Ceará,Normal,janeiro,2025,PR4-3QP,Prédio residencial (4 pavimentos),1513.51,Nordeste
23,Ceará,Normal,janeiro,2025,PC.12-LA,Prédio comercial (12 pavimentos),1567.78,Nordeste
23,Ceará,Normal,fevereiro,2025,CP.1-2Q,"Casa popular (1 pav, varanda, sala, 2 quartos)",1844.96,Nordeste
23,Ceará,Normal,fevereiro,2025,CR.1-3Q,"Casa residencial (1 pav, 3 quartos)",1753.33,Nordeste
23,Ceará,Normal,fevereiro,2025,PR4-3QP,Prédio residencial (4 pavimentos),1513.72,Nordeste
23,Ceará,Normal,fevereiro,2025,PC.12-LA,Prédio comercial (12 pavimentos),1552.97,Nordeste
23,Ceará,Normal,março,2025,CP.1-2Q,"Casa popular (1 pav, varanda, sala, 2 quartos)",1847.2,Nordeste
23,Ceará,Normal,março,2025,CR.1-3Q,"Casa residencial (1 pav, 3 quartos)",1755.44,Nordeste
23,Ceará,Normal,março,2025,PR4-3QP,Prédio residencial (4 pavimentos),1520.2,Nordeste
23,Ceará,Normal,março,2025,PC.12-LA,Prédio comercial (12 pavimentos),1564.7,Nordeste
23,Ceará,Normal,abril,2025,CP.1-2Q,"Casa popular (1 pav, varanda, sala, 2 quartos)",1850.47,Nordeste
23,Ceará,Normal,abril,2025,CR.1-3Q,"Casa residencial (1 pav, 3 quartos)",1757.35,Nordeste
23,Ceará,Normal,abril,2025,PR4-3QP,Prédio residencial (4 pavimentos),1519.46,Nordeste
23,Ceará,Normal,abril,2025,PC.12-LA,Prédio comercial (12 pavimentos),1562.34,Nordeste
23,Ceará,Normal,maio,2025,CP.1-2Q,"Casa popular (1 pav, varanda, sala, 2 quartos)",1866.56,Nordeste
23,Ceará,Normal,maio,2025,CR.1-3Q,"Casa residencial (1 pav, 3 quartos)",1773.11,Nordeste
23,Ceará,Normal,maio,2025,PR4-3QP,Prédio residencial (4 pavimentos),1526.45,Nordeste
23,Ceará,Normal,maio,2025,PC.12-LA,Prédio comercial (12 pavimentos),1557.24,Nordeste
23,Ceará,Normal,junho,2025,CP.1-2Q,"Casa popular (1 pav, varanda, sala, 2 quartos)",1874.6,Nordeste
23,Ceará,Normal,junho,2025,CR.1-3Q,"Casa residencial (1 pav, 3 quartos)",1779.24,Nordeste
23,Ceará,Normal,junho,2025,PR4-3QP,Prédio residencial (4 pavimentos),1531.45,Nordeste
23,Ceará,Normal,junho,2025,PC.12-LA,Prédio comercial (12 pavimentos),1566.81,Nordeste
23,Ceará,Normal,julho,2025,CP.1-2Q,"Casa popular (1 pav, varanda, sala, 2 quartos)",1918.73,Nordeste
23,Ceará,Normal,julho,2025,CR.1-3Q,"Casa residencial (1 pav, 3 quartos)",1822.19,Nordeste
23,Ceará,Normal,julho,2025,PR4-3QP,Prédio residencial (4 pavimentos),1566.17,Nordeste
23,Ceará,Normal,julho,2025,PC.12-LA,Prédio comercial (12 pavimentos),1593.48,Nordeste
23,Ceará,Normal,agosto,2025,CP.1-2Q,"Casa popular (1 pav, varanda, sala, 2 quartos)",1926.89,Nordeste
23,Ceará,Normal,agosto,2025,CR.1-3Q,"Casa residencial (1 pav, 3 quartos)",1829.16,Nordeste
23,Ceará,Normal,agosto,2025,PR4-3QP,Prédio residencial (4 pavimentos),1573.41,Nordeste
23,Ceará,Normal,agosto,2025,PC.12-LA,Prédio comercial (12 pavimentos),1594.84,Nordeste
23,Ceará,Normal,setembro,2025,CP.1-2Q,"Casa popular (1 pav, varanda, sala, 2 quartos)",1936.9,Nordeste
23,Ceará,Normal,setembro,2025,CR.1-3Q,"Casa residencial (1 pav, 3 quartos)",1837.01,Nordeste
23,Ceará,Normal,setembro,2025,PR4-3QP,Prédio residencial (4 pavimentos),1584.38,Nordeste
23,Ceará,Normal,setembro,2025,PC.12-LA,Prédio comercial (12 pavimentos),1615.27,Nordeste
23,Ceará,Normal,outubro,2025,CP.1-2Q,"Casa popular (1 pav, varanda, sala, 2 quartos)",1941.9,Nordeste
23,Ceará,Normal,outubro,2025,CR.1-3Q,"Casa residencial (1 pav, 3 quartos)",1841.21,Nordeste
23,Ceará,Normal,outubro,2025,PR4-3QP,Prédio residencial (4 pavimentos),1594.64,Nordeste
23,Ceará,Normal,outubro,2025,PC.12-LA,Prédio comercial (12 pavimentos),1629.36,Nordeste
23,Ceará,Normal,novembro,2025,CP.1-2Q,"Casa popular (1 pav, varanda, sala, 2 quartos)",1953.19,Nordeste
23,Ceará,Normal,novembro,2025,CR.1-3Q,"Casa residencial (1 pav, 3 quartos)",1851.88,Nordeste
23,Ceará,Normal,novembro,2025,PR4-3QP,Prédio residencial (4 pavimentos),1596.94,Nordeste
23,Ceará,Normal,novembro,2025,PC.12-LA,Prédio comercial (12 pavimentos),1626.19,Nordeste
23,Ceará,Normal,dezembro,2025,CP.1-2Q,"Casa popular (1 pav, varanda, sala, 2 quartos)",1957.17,Nordeste
23,Ceará,Normal,dezembro,2025,CR.1-3Q,"Casa residencial (1 pav, 3 quartos)",1857.09,Nordeste
23,Ceará,Normal,dezembro,2025,PR4-3QP,Prédio residencial (4 pavimentos),1598.54,Nordeste
23,Ceará,Normal,dezembro,2025,PC.12-LA,Prédio comercial (12 pavimentos),1622.48,Nordeste
23,Ceará,Baixo,janeiro,2025,CP.1-2Q,"Casa popular (1 pav, varanda, sala, 2 quartos)",1305.49,Nordeste
23,Ceará,Baixo,janeiro,2025,CR.1-3Q,"Casa residencial (1 pav, 3 quartos)",1235.85,Nordeste
23,Ceará,Baixo,janeiro,2025,PR4-3QP,Prédio residencial (4 pavimentos),1221.13,Nordeste
23,Ceará,Baixo,fevereiro,2025,CP.1-2Q,"Casa popular (1 pav, varanda, sala, 2 quartos)",1308.91,Nordeste
23,Ceará,Baixo,fevereiro,2025,CR.1-3Q,"Casa residencial (1 pav, 3 quartos)",1239.34,Nordeste
23,Ceará,Baixo,fevereiro,2025,PR4-3QP,Prédio residencial (4 pavimentos),1216.49,Nordeste
23,Ceará,Baixo,março,2025,CP.1-2Q,"Casa popular (1 pav, varanda, sala, 2 quartos)",1305.33,Nordeste
23,Ceará,Baixo,março,2025,CR.1-3Q,"Casa residencial (1 pav, 3 quartos)",1236.1,Nordeste
23,Ceará,Baixo,março,2025,PR4-3QP,Prédio residencial (4 pavimentos),1221.9,Nordeste
23,Ceará,Baixo,abril,2025,CP.1-2Q,"Casa popular (1 pav, varanda, sala, 2 quartos)",1301.71,Nordeste
23,Ceará,Baixo,abril,2025,CR.1-3Q,"Casa residencial (1 pav, 3 quartos)",1232.18,Nordeste
23,Ceará,Baixo,abril,2025,PR4-3QP,Prédio residencial (4 pavimentos),1218.89,Nordeste
23,Ceará,Baixo,maio,2025,CP.1-2Q,"Casa popular (1 pav, varanda, sala, 2 quartos)",1308.95,Nordeste
23,Ceará,Baixo,maio,2025,CR.1-3Q,"Casa residencial (1 pav, 3 quartos)",1239.49,Nordeste
23,Ceará,Baixo,maio,2025,PR4-3QP,Prédio residencial (4 pavimentos),1218.38,Nordeste
23,Ceará,Baixo,junho,2025,CP.1-2Q,"Casa popular (1 pav, varanda, sala, 2 quartos)",1314.83,Nordeste
23,Ceará,Baixo,junho,2025,CR.1-3Q,"Casa residencial (1 pav, 3 quartos)",1244.13,Nordeste
23,Ceará,Baixo,junho,2025,PR4-3QP,Prédio residencial (4 pavimentos),1220.72,Nordeste
23,Ceará,Baixo,julho,2025,CP.1-2Q,"Casa popular (1 pav, varanda, sala, 2 quartos)",1357.19,Nordeste
23,Ceará,Baixo,julho,2025,CR.1-3Q,"Casa residencial (1 pav, 3 quartos)",1284.32,Nordeste
23,Ceará,Baixo,julho,2025,PR4-3QP,Prédio residencial (4 pavimentos),1250.41,Nordeste
23,Ceará,Baixo,agosto,2025,CP.1-2Q,"Casa popular (1 pav, varanda, sala, 2 quartos)",1360.04,Nordeste
23,Ceará,Baixo,agosto,2025,CR.1-3Q,"Casa residencial (1 pav, 3 quartos)",1286.4,Nordeste
23,Ceará,Baixo,agosto,2025,PR4-3QP,Prédio residencial (4 pavimentos),1249.0,Nordeste
23,Ceará,Baixo,setembro,2025,CP.1-2Q,"Casa popular (1 pav, varanda, sala, 2 quartos)",1367.35,Nordeste
23,Ceará,Baixo,setembro,2025,CR.1-3Q,"Casa residencial (1 pav, 3 quartos)",1292.31,Nordeste
23,Ceará,Baixo,setembro,2025,PR4-3QP,Prédio residencial (4 pavimentos),1256.39,Nordeste
23,Ceará,Baixo,outubro,2025,CP.1-2Q,"Casa popular (1 pav, varanda, sala, 2 quartos)",1363.04,Nordeste
23,Ceará,Baixo,outubro,2025,CR.1-3Q,"Casa residencial (1 pav, 3 quartos)",1288.43,Nordeste
23,Ceará,Baixo,outubro,2025,PR4-3QP,Prédio residencial (4 pavimentos),1263.67,Nordeste
23,Ceará,Baixo,novembro,2025,CP.1-2Q,"Casa popular (1 pav, varanda, sala, 2 quartos)",1369.77,Nordeste
23,Ceará,Baixo,novembro,2025,CR.1-3Q,"Casa residencial (1 pav, 3 quartos)",1294.18,Nordeste
23,Ceará,Baixo,novembro,2025,PR4-3QP,Prédio residencial (4 pavimentos),1264.39,Nordeste
23,Ceará,Baixo,dezembro,2025,CP.1-2Q,"Casa popular (1 pav, varanda, sala, 2 quartos)",1369.54,Nordeste
23,Ceará,Baixo,dezembro,2025,CR.1-3Q,"Casa residencial (1 pav, 3 quartos)",1294.71,Nordeste
23,Ceará,Baixo,dezembro,2025,PR4-3QP,Prédio residencial (4 pavimentos),1263.69,Nordeste
23,Ceará,Mínimo,janeiro,2025,CP.1-2Q,"Casa popular (1 pav, varanda, sala, 2 quartos)",1134.67,Nordeste
23,Ceará,Mínimo,janeiro,2025,CB-MMO,Cesta básica construção,1043.3,Nordeste
23,Ceará,Mínimo,fevereiro,2025,CP.1-2Q,"Casa popular (1 pav, varanda, sala, 2 quartos)",1139.27,Nordeste
23,Ceará,Mínimo,fevereiro,2025,CB-MMO,Cesta básica construção,1048.84,Nordeste
23,Ceará,Mínimo,março,2025,CP.1-2Q,"Casa popular (1 pav, varanda, sala, 2 quartos)",1138.45,Nordeste
23,Ceará,Mínimo,março,2025,CB-MMO,Cesta básica construção,1046.45,Nordeste
23,Ceará,Mínimo,abril,2025,CP.1-2Q,"Casa popular (1 pav, varanda, sala, 2 quartos)",1135.65,Nordeste
23,Ceará,Mínimo,abril,2025,CB-MMO,Cesta básica construção,1044.52,Nordeste
23,Ceará,Mínimo,maio,2025,CP.1-2Q,"Casa popular (1 pav, varanda, sala, 2 quartos)",1141.82,Nordeste
23,Ceará,Mínimo,maio,2025,CB-MMO,Cesta básica construção,1049.0,Nordeste
23,Ceará,Mínimo,junho,2025,CP.1-2Q,"Casa popular (1 pav, varanda, sala, 2 quartos)",1147.55,Nordeste
23,Ceará,Mínimo,junho,2025,CB-MMO,Cesta básica construção,1053.17,Nordeste
23,Ceará,Mínimo,julho,2025,CP.1-2Q,"Casa popular (1 pav, varanda, sala, 2 quartos)",1182.65,Nordeste
23,Ceará,Mínimo,julho,2025,CB-MMO,Cesta básica construção,1089.53,Nordeste
23,Ceará,Mínimo,agosto,2025,CP.1-2Q,"Casa popular (1 pav, varanda, sala, 2 quartos)",1184.32,Nordeste
23,Ceará,Mínimo,agosto,2025,CB-MMO,Cesta básica construção,1088.91,Nordeste
23,Ceará,Mínimo,setembro,2025,CP.1-2Q,"Casa popular (1 pav, varanda, sala, 2 quartos)",1190.36,Nordeste
23,Ceará,Mínimo,setembro,2025,CB-MMO,Cesta básica construção,1095.86,Nordeste
23,Ceará,Mínimo,outubro,2025,CP.1-2Q,"Casa popular (1 pav, varanda, sala, 2 quartos)",1186.71,Nordeste
23,Ceará,Mínimo,outubro,2025,CB-MMO,Cesta básica construção,1091.19,Nordeste
23,Ceará,Mínimo,novembro,2025,CP.1-2Q,"Casa popular (1 pav, varanda, sala, 2 quartos)",1194.79,Nordeste
23,Ceará,Mínimo,novembro,2025,CB-MMO,Cesta básica construção,1099.72,Nordeste
23,Ceará,Mínimo,dezembro,2025,CP.1-2Q,"Casa popular (1 pav, varanda, sala, 2 quartos)",1193.24,Nordeste
23,Ceará,Mínimo,dezembro,2025,CB-MMO,Cesta básica construção,1099.11,Nordeste
24,Rio Grande do Norte,Alto,janeiro,2025,CR.1-3Q,"Casa residencial (1 pav, 3 quartos)",2031.8,Nordeste
24,Rio Grande do Norte,Alto,janeiro,2025,PR4-3QP,Prédio residencial (4 pavimentos),1808.79,Nordeste
24,Rio Grande do Norte,Alto,janeiro,2025,PC.12-LA,Prédio comercial (12 pavimentos),1957.48,Nordeste
24,Rio Grande do Norte,Alto,fevereiro,2025,CR.1-3Q,"Casa residencial (1 pav, 3 quartos)",2036.0,Nordeste
24,Rio Grande do Norte,Alto,fevereiro,2025,PR4-3QP,Prédio residencial (4 pavimentos),1804.82,Nordeste
24,Rio Grande do Norte,Alto,fevereiro,2025,PC.12-LA,Prédio comercial (12 pavimentos),1994.89,Nordeste
24,Rio Grande do Norte,Alto,março,2025,CR.1-3Q,"Casa residencial (1 pav, 3 quartos)",2048.09,Nordeste
24,Rio Grande do Norte,Alto,março,2025,PR4-3QP,Prédio residencial (4 pavimentos),1820.07,Nordeste
24,Rio Grande do Norte,Alto,março,2025,PC.12-LA,Prédio comercial (12 pavimentos),2003.13,Nordeste
24,Rio Grande do Norte,Alto,abril,2025,CR.1-3Q,"Casa residencial (1 pav, 3 quartos)",2055.5,Nordeste
24,Rio Grande do Norte,Alto,abril,2025,PR4-3QP,Prédio residencial (4 pavimentos),1821.91,Nordeste
24,Rio Grande do Norte,Alto,abril,2025,PC.12-LA,Prédio comercial (12 pavimentos),1999.73,Nordeste
24,Rio Grande do Norte,Alto,maio,2025,CR.1-3Q,"Casa residencial (1 pav, 3 quartos)",2058.81,Nordeste
24,Rio Grande do Norte,Alto,maio,2025,PR4-3QP,Prédio residencial (4 pavimentos),1820.82,Nordeste
24,Rio Grande do Norte,Alto,maio,2025,PC.12-LA,Prédio comercial (12 pavimentos),2000.31,Nordeste
24,Rio Grande do Norte,Alto,junho,2025,CR.1-3Q,"Casa residencial (1 pav, 3 quartos)",2068.17,Nordeste
24,Rio Grande do Norte,Alto,junho,2025,PR4-3QP,Prédio residencial (4 pavimentos),1813.06,Nordeste
24,Rio Grande do Norte,Alto,junho,2025,PC.12-LA,Prédio comercial (12 pavimentos),1989.19,Nordeste
24,Rio Grande do Norte,Alto,julho,2025,CR.1-3Q,"Casa residencial (1 pav, 3 quartos)",2072.75,Nordeste
24,Rio Grande do Norte,Alto,julho,2025,PR4-3QP,Prédio residencial (4 pavimentos),1816.24,Nordeste
24,Rio Grande do Norte,Alto,julho,2025,PC.12-LA,Prédio comercial (12 pavimentos),1993.35,Nordeste
24,Rio Grande do Norte,Alto,agosto,2025,CR.1-3Q,"Casa residencial (1 pav, 3 quartos)",2078.46,Nordeste
24,Rio Grande do Norte,Alto,agosto,2025,PR4-3QP,Prédio residencial (4 pavimentos),1812.96,Nordeste
24,Rio Grande do Norte,Alto,agosto,2025,PC.12-LA,Prédio comercial (12 pavimentos),1988.18,Nordeste
24,Rio Grande do Norte,Alto,setembro,2025,CR.1-3Q,"Casa residencial (1 pav, 3 quartos)",2098.67,Nordeste
24,Rio Grande do Norte,Alto,setembro,2025,PR4-3QP,Prédio residencial (4 pavimentos),1826.46,Nordeste
24,Rio Grande do Norte,Alto,setembro,2025,PC.12-LA,Prédio comercial (12 pavimentos),2000.53,Nordeste
24,Rio Grande do Norte,Alto,outubro,2025,CR.1-3Q,"Casa residencial (1 pav, 3 quartos)",2103.08,Nordeste
24,Rio Grande do Norte,Alto,outubro,2025,PR4-3QP,Prédio residencial (4 pavimentos),1845.39,Nordeste
24,Rio Grande do Norte,Alto,outubro,2025,PC.12-LA,Prédio comercial (12 pavimentos),2016.27,Nordeste
24,Rio Grande do Norte,Alto,novembro,2025,CR.1-3Q,"Casa residencial (1 pav, 3 quartos)",2106.97,Nordeste
24,Rio Grande do Norte,Alto,novembro,2025,PR4-3QP,Prédio residencial (4 pavimentos),1843.16,Nordeste
24,Rio Grande do Norte,Alto,novembro,2025,PC.12-LA,Prédio comercial (12 pavimentos),2009.87,Nordeste
24,Rio Grande do Norte,Alto,dezembro,2025,CR.1-3Q,"Casa residencial (1 pav, 3 quartos)",2107.8,Nordeste
24,Rio Grande do Norte,Alto,dezembro,2025,PR4-3QP,Prédio residencial (4 pavimentos),1844.55,Nordeste
24,Rio Grande do Norte,Alto,dezembro,2025,PC.12-LA,Prédio comercial (12 pavimentos),2016.27,Nordeste
24,Rio Grande do Norte,Normal,janeiro,2025,CP.1-2Q,"Casa popular (1 pav, varanda, sala, 2 quartos)",1785.86,Nordeste
24,Rio Grande do Norte,Normal,janeiro,2025,CR.1-3Q,"Casa residencial (1 pav, 3 quartos)",1696.14,Nordeste
24,Rio Grande do Norte,Normal,janeiro,2025,PR4-3QP,Prédio residencial (4 pavimentos),1442.14,Nordeste
24,Rio Grande do Norte,Normal,janeiro,2025,PC.12-LA,Prédio comercial (12 pavimentos),1538.96,Nordeste
24,Rio Grande do Norte,Normal,fevereiro,2025,CP.1-2Q,"Casa popular (1 pav, varanda, sala, 2 quartos)",1796.64,Nordeste
24,Rio Grande do Norte,Normal,fevereiro,2025,CR.1-3Q,"Casa residencial (1 pav, 3 quartos)",1707.59,Nordeste
24,Rio Grande do Norte,Normal,fevereiro,2025,PR4-3QP,Prédio residencial (4 pavimentos),1450.2,Nordeste
24,Rio Grande do Norte,Normal,fevereiro,2025,PC.12-LA,Prédio comercial (12 pavimentos),1561.87,Nordeste
24,Rio Grande do Norte,Normal,março,2025,CP.1-2Q,"Casa popular (1 pav, varanda, sala, 2 quartos)",1803.82,Nordeste
24,Rio Grande do Norte,Normal,março,2025,CR.1-3Q,"Casa residencial (1 pav, 3 quartos)",1715.22,Nordeste
24,Rio Grande do Norte,Normal,março,2025,PR4-3QP,Prédio residencial (4 pavimentos),1456.14,Nordeste
24,Rio Grande do Norte,Normal,março,2025,PC.12-LA,Prédio comercial (12 pavimentos),1566.03,Nordeste
24,Rio Grande do Norte,Normal,abril,2025,CP.1-2Q,"Casa popular (1 pav, varanda, sala, 2 quartos)",1806.05,Nordeste
24,Rio Grande do Norte,Normal,abril,2025,CR.1-3Q,"Casa residencial (1 pav, 3 quartos)",1717.98,Nordeste
24,Rio Grande do Norte,Normal,abril,2025,PR4-3QP,Prédio residencial (4 pavimentos),1454.75,Nordeste
24,Rio Grande do Norte,Normal,abril,2025,PC.12-LA,Prédio comercial (12 pavimentos),1562.4,Nordeste
24,Rio Grande do Norte,Normal,maio,2025,CP.1-2Q,"Casa popular (1 pav, varanda, sala, 2 quartos)",1813.11,Nordeste
24,Rio Grande do Norte,Normal,maio,2025,CR.1-3Q,"Casa residencial (1 pav, 3 quartos)",1724.68,Nordeste
24,Rio Grande do Norte,Normal,maio,2025,PR4-3QP,Prédio residencial (4 pavimentos),1457.08,Nordeste
24,Rio Grande do Norte,Normal,maio,2025,PC.12-LA,Prédio comercial (12 pavimentos),1563.03,Nordeste
24,Rio Grande do Norte,Normal,junho,2025,CP.1-2Q,"Casa popular (1 pav, varanda, sala, 2 quartos)",1816.37,Nordeste
24,Rio Grande do Norte,Normal,junho,2025,CR.1-3Q,"Casa residencial (1 pav, 3 quartos)",1728.04,Nordeste
24,Rio Grande do Norte,Normal,junho,2025,PR4-3QP,Prédio residencial (4 pavimentos),1459.35,Nordeste
24,Rio Grande do Norte,Normal,junho,2025,PC.12-LA,Prédio comercial (12 pavimentos),1560.04,Nordeste
24,Rio Grande do Norte,Normal,julho,2025,CP.1-2Q,"Casa popular (1 pav, varanda, sala, 2 quartos)",1817.81,Nordeste
24,Rio Grande do Norte,Normal,julho,2025,CR.1-3Q,"Casa residencial (1 pav, 3 quartos)",1729.87,Nordeste
24,Rio Grande do Norte,Normal,julho,2025,PR4-3QP,Prédio residencial (4 pavimentos),1461.8,Nordeste
24,Rio Grande do Norte,Normal,julho,2025,PC.12-LA,Prédio comercial (12 pavimentos),1564.92,Nordeste
24,Rio Grande do Norte,Normal,agosto,2025,CP.1-2Q,"Casa popular (1 pav, varanda, sala, 2 quartos)",1826.15,Nordeste
24,Rio Grande do Norte,Normal,agosto,2025,CR.1-3Q,"Casa residencial (1 pav, 3 quartos)",1736.64,Nordeste
24,Rio Grande do Norte,Normal,agosto,2025,PR4-3QP,Prédio residencial (4 pavimentos),1458.67,Nordeste
24,Rio Grande do Norte,Normal,agosto,2025,PC.12-LA,Prédio comercial (12 pavimentos),1558.8,Nordeste
24,Rio Grande do Norte,Normal,setembro,2025,CP.1-2Q,"Casa popular (1 pav, varanda, sala, 2 quartos)",1843.52,Nordeste
24,Rio Grande do Norte,Normal,setembro,2025,CR.1-3Q,"Casa residencial (1 pav, 3 quartos)",1752.49,Nordeste
24,Rio Grande do Norte,Normal,setembro,2025,PR4-3QP,Prédio residencial (4 pavimentos),1469.56,Nordeste
24,Rio Grande do Norte,Normal,setembro,2025,PC.12-LA,Prédio comercial (12 pavimentos),1567.79,Nordeste
24,Rio Grande do Norte,Normal,outubro,2025,CP.1-2Q,"Casa popular (1 pav, varanda, sala, 2 quartos)",1841.78,Nordeste
24,Rio Grande do Norte,Normal,outubro,2025,CR.1-3Q,"Casa residencial (1 pav, 3 quartos)",1751.35,Nordeste
24,Rio Grande do Norte,Normal,outubro,2025,PR4-3QP,Prédio residencial (4 pavimentos),1478.25,Nordeste
24,Rio Grande do Norte,Normal,outubro,2025,PC.12-LA,Prédio comercial (12 pavimentos),1579.68,Nordeste
24,Rio Grande do Norte,Normal,novembro,2025,CP.1-2Q,"Casa popular (1 pav, varanda, sala, 2 quartos)",1844.86,Nordeste
24,Rio Grande do Norte,Normal,novembro,2025,CR.1-3Q,"Casa residencial (1 pav, 3 quartos)",1754.75,Nordeste
24,Rio Grande do Norte,Normal,novembro,2025,PR4-3QP,Prédio residencial (4 pavimentos),1473.68,Nordeste
24,Rio Grande do Norte,Normal,novembro,2025,PC.12-LA,Prédio comercial (12 pavimentos),1572.04,Nordeste
24,Rio Grande do Norte,Normal,dezembro,2025,CP.1-2Q,"Casa popular (1 pav, varanda, sala, 2 quartos)",1847.55,Nordeste
24,Rio Grande do Norte,Normal,dezembro,2025,CR.1-3Q,"Casa residencial (1 pav, 3 quartos)",1755.57,Nordeste
24,Rio Grande do Norte,Normal,dezembro,2025,PR4-3QP,Prédio residencial (4 pavimentos),1475.07,Nordeste
24,Rio Grande do Norte,Normal,dezembro,2025,PC.12-LA,Prédio comercial (12 pavimentos),1579.12,Nordeste
24,Rio Grande do Norte,Baixo,janeiro,2025,CP.1-2Q,"Casa popular (1 pav, varanda, sala, 2 quartos)",1274.81,Nordeste
24,Rio Grande do Norte,Baixo,janeiro,2025,CR.1-3Q,"Casa residencial (1 pav, 3 quartos)",1206.71,Nordeste
24,Rio Grande do Norte,Baixo,janeiro,2025,PR4-3QP,Prédio residencial (4 pavimentos),1187.35,Nordeste
24,Rio Grande do Norte,Baixo,fevereiro,2025,CP.1-2Q,"Casa popular (1 pav, varanda, sala, 2 quartos)",1287.13,Nordeste
24,Rio Grande do Norte,Baixo,fevereiro,2025,CR.1-3Q,"Casa residencial (1 pav, 3 quartos)",1218.88,Nordeste
24,Rio Grande do Norte,Baixo,fevereiro,2025,PR4-3QP,Prédio residencial (4 pavimentos),1193.96,Nordeste
24,Rio Grande do Norte,Baixo,março,2025,CP.1-2Q,"Casa popular (1 pav, varanda, sala, 2 quartos)",1290.56,Nordeste
24,Rio Grande do Norte,Baixo,março,2025,CR.1-3Q,"Casa residencial (1 pav, 3 quartos)",1222.62,Nordeste
24,Rio Grande do Norte,Baixo,março,2025,PR4-3QP,Prédio residencial (4 pavimentos),1194.57,Nordeste
24,Rio Grande do Norte,Baixo,abril,2025,CP.1-2Q,"Casa popular (1 pav, varanda, sala, 2 quartos)",1291.54,Nordeste
24,Rio Grande do Norte,Baixo,abril,2025,CR.1-3Q,"Casa residencial (1 pav, 3 quartos)",1223.9,Nordeste
24,Rio Grande do Norte,Baixo,abril,2025,PR4-3QP,Prédio residencial (4 pavimentos),1191.61,Nordeste
24,Rio Grande do Norte,Baixo,maio,2025,CP.1-2Q,"Casa popular (1 pav, varanda, sala, 2 quartos)",1300.32,Nordeste
24,Rio Grande do Norte,Baixo,maio,2025,CR.1-3Q,"Casa residencial (1 pav, 3 quartos)",1232.13,Nordeste
24,Rio Grande do Norte,Baixo,maio,2025,PR4-3QP,Prédio residencial (4 pavimentos),1192.45,Nordeste
24,Rio Grande do Norte,Baixo,junho,2025,CP.1-2Q,"Casa popular (1 pav, varanda, sala, 2 quartos)",1304.29,Nordeste
24,Rio Grande do Norte,Baixo,junho,2025,CR.1-3Q,"Casa residencial (1 pav, 3 quartos)",1235.35,Nordeste
24,Rio Grande do Norte,Baixo,junho,2025,PR4-3QP,Prédio residencial (4 pavimentos),1193.48,Nordeste
24,Rio Grande do Norte,Baixo,julho,2025,CP.1-2Q,"Casa popular (1 pav, varanda, sala, 2 quartos)",1304.72,Nordeste
24,Rio Grande do Norte,Baixo,julho,2025,CR.1-3Q,"Casa residencial (1 pav, 3 quartos)",1236.4,Nordeste
24,Rio Grande do Norte,Baixo,julho,2025,PR4-3QP,Prédio residencial (4 pavimentos),1195.85,Nordeste
24,Rio Grande do Norte,Baixo,agosto,2025,CP.1-2Q,"Casa popular (1 pav, varanda, sala, 2 quartos)",1310.63,Nordeste
24,Rio Grande do Norte,Baixo,agosto,2025,CR.1-3Q,"Casa residencial (1 pav, 3 quartos)",1241.18,Nordeste
24,Rio Grande do Norte,Baixo,agosto,2025,PR4-3QP,Prédio residencial (4 pavimentos),1192.94,Nordeste
24,Rio Grande do Norte,Baixo,setembro,2025,CP.1-2Q,"Casa popular (1 pav, varanda, sala, 2 quartos)",1319.93,Nordeste
24,Rio Grande do Norte,Baixo,setembro,2025,CR.1-3Q,"Casa residencial (1 pav, 3 quartos)",1250.32,Nordeste
24,Rio Grande do Norte,Baixo,setembro,2025,PR4-3QP,Prédio residencial (4 pavimentos),1201.72,Nordeste
24,Rio Grande do Norte,Baixo,outubro,2025,CP.1-2Q,"Casa popular (1 pav, varanda, sala, 2 quartos)",1318.74,Nordeste
24,Rio Grande do Norte,Baixo,outubro,2025,CR.1-3Q,"Casa residencial (1 pav, 3 quartos)",1250.02,Nordeste
24,Rio Grande do Norte,Baixo,outubro,2025,PR4-3QP,Prédio residencial (4 pavimentos),1210.67,Nordeste
24,Rio Grande do Norte,Baixo,novembro,2025,CP.1-2Q,"Casa popular (1 pav, varanda, sala, 2 quartos)",1319.34,Nordeste
24,Rio Grande do Norte,Baixo,novembro,2025,CR.1-3Q,"Casa residencial (1 pav, 3 quartos)",1250.41,Nordeste
24,Rio Grande do Norte,Baixo,novembro,2025,PR4-3QP,Prédio residencial (4 pavimentos),1205.63,Nordeste
24,Rio Grande do Norte,Baixo,dezembro,2025,CP.1-2Q,"Casa popular (1 pav, varanda, sala, 2 quartos)",1327.26,Nordeste
24,Rio Grande do Norte,Baixo,dezembro,2025,CR.1-3Q,"Casa residencial (1 pav, 3 quartos)",1256.73,Nordeste
24,Rio Grande do Norte,Baixo,dezembro,2025,PR4-3QP,Prédio residencial (4 pavimentos),1210.06,Nordeste
24,Rio Grande do Norte,Mínimo,janeiro,2025,CP.1-2Q,"Casa popular (1 pav, varanda, sala, 2 quartos)",1106.42,Nordeste
24,Rio Grande do Norte,Mínimo,janeiro,2025,CB-MMO,Cesta básica construção,1011.82,Nordeste
24,Rio Grande do Norte,Mínimo,fevereiro,2025,CP.1-2Q,"Casa popular (1 pav, varanda, sala, 2 quartos)",1117.32,Nordeste
24,Rio Grande do Norte,Mínimo,fevereiro,2025,CB-MMO,Cesta básica construção,1020.72,Nordeste
24,Rio Grande do Norte,Mínimo,março,2025,CP.1-2Q,"Casa popular (1 pav, varanda, sala, 2 quartos)",1118.8,Nordeste
24,Rio Grande do Norte,Mínimo,março,2025,CB-MMO,Cesta básica construção,1022.12,Nordeste
24,Rio Grande do Norte,Mínimo,abril,2025,CP.1-2Q,"Casa popular (1 pav, varanda, sala, 2 quartos)",1118.58,Nordeste
24,Rio Grande do Norte,Mínimo,abril,2025,CB-MMO,Cesta básica construção,1022.81,Nordeste
24,Rio Grande do Norte,Mínimo,maio,2025,CP.1-2Q,"Casa popular (1 pav, varanda, sala, 2 quartos)",1123.39,Nordeste
24,Rio Grande do Norte,Mínimo,maio,2025,CB-MMO,Cesta básica construção,1024.27,Nordeste
24,Rio Grande do Norte,Mínimo,junho,2025,CP.1-2Q,"Casa popular (1 pav, varanda, sala, 2 quartos)",1127.26,Nordeste
24,Rio Grande do Norte,Mínimo,junho,2025,CB-MMO,Cesta básica construção,1027.69,Nordeste
24,Rio Grande do Norte,Mínimo,julho,2025,CP.1-2Q,"Casa popular (1 pav, varanda, sala, 2 quartos)",1130.23,Nordeste
24,Rio Grande do Norte,Mínimo,julho,2025,CB-MMO,Cesta básica construção,1028.27,Nordeste
24,Rio Grande do Norte,Mínimo,agosto,2025,CP.1-2Q,"Casa popular (1 pav, varanda, sala, 2 quartos)",1136.96,Nordeste
24,Rio Grande do Norte,Mínimo,agosto,2025,CB-MMO,Cesta básica construção,1033.56,Nordeste
24,Rio Grande do Norte,Mínimo,setembro,2025,CP.1-2Q,"Casa popular (1 pav, varanda, sala, 2 quartos)",1145.96,Nordeste
24,Rio Grande do Norte,Mínimo,setembro,2025,CB-MMO,Cesta básica construção,1045.39,Nordeste
24,Rio Grande do Norte,Mínimo,outubro,2025,CP.1-2Q,"Casa popular (1 pav, varanda, sala, 2 quartos)",1147.67,Nordeste
24,Rio Grande do Norte,Mínimo,outubro,2025,CB-MMO,Cesta básica construção,1048.19,Nordeste
24,Rio Grande do Norte,Mínimo,novembro,2025,CP.1-2Q,"Casa popular (1 pav, varanda, sala, 2 quartos)",1146.8,Nordeste
24,Rio Grande do Norte,Mínimo,novembro,2025,CB-MMO,Cesta básica construção,1048.27,Nordeste
24,Rio Grande do Norte,Mínimo,dezembro,2025,CP.1-2Q,"Casa popular (1 pav, varanda, sala, 2 quartos)",1157.29,Nordeste
24,Rio Grande do Norte,Mínimo,dezembro,2025,CB-MMO,Cesta básica construção,1060.04,Nordeste
25,Paraíba,Alto,janeiro,2025,CR.1-3Q,"Casa residencial (1 pav, 3 quartos)",2017.67,Nordeste
25,Paraíba,Alto,janeiro,2025,PR4-3QP,Prédio residencial (4 pavimentos),1859.56,Nordeste
25,Paraíba,Alto,janeiro,2025,PC.12-LA,Prédio comercial (12 pavimentos),1875.95,Nordeste
25,Paraíba,Alto,fevereiro,2025,CR.1-3Q,"Casa residencial (1 pav, 3 quartos)",2011.08,Nordeste
25,Paraíba,Alto,fevereiro,2025,PR4-3QP,Prédio residencial (4 pavimentos),1851.42,Nordeste
25,Paraíba,Alto,fevereiro,2025,PC.12-LA,Prédio comercial (12 pavimentos),1874.35,Nordeste
25,Paraíba,Alto,março,2025,CR.1-3Q,"Casa residencial (1 pav, 3 quartos)",2020.06,Nordeste
25,Paraíba,Alto,março,2025,PR4-3QP,Prédio residencial (4 pavimentos),1860.85,Nordeste
25,Paraíba,Alto,março,2025,PC.12-LA,Prédio comercial (12 pavimentos),1896.96,Nordeste
25,Paraíba,Alto,abril,2025,CR.1-3Q,"Casa residencial (1 pav, 3 quartos)",2021.7,Nordeste
25,Paraíba,Alto,abril,2025,PR4-3QP,Prédio residencial (4 pavimentos),1860.43,Nordeste
25,Paraíba,Alto,abril,2025,PC.12-LA,Prédio comercial (12 pavimentos),1896.86,Nordeste
25,Paraíba,Alto,maio,2025,CR.1-3Q,"Casa residencial (1 pav, 3 quartos)",2020.99,Nordeste
25,Paraíba,Alto,maio,2025,PR4-3QP,Prédio residencial (4 pavimentos),1866.55,Nordeste
25,Paraíba,Alto,maio,2025,PC.12-LA,Prédio comercial (12 pavimentos),1904.05,Nordeste
25,Paraíba,Alto,junho,2025,CR.1-3Q,"Casa residencial (1 pav, 3 quartos)",2037.72,Nordeste
25,Paraíba,Alto,junho,2025,PR4-3QP,Prédio residencial (4 pavimentos),1877.03,Nordeste
25,Paraíba,Alto,junho,2025,PC.12-LA,Prédio comercial (12 pavimentos),1927.49,Nordeste
25,Paraíba,Alto,julho,2025,CR.1-3Q,"Casa residencial (1 pav, 3 quartos)",2043.52,Nordeste
25,Paraíba,Alto,julho,2025,PR4-3QP,Prédio residencial (4 pavimentos),1893.94,Nordeste
25,Paraíba,Alto,julho,2025,PC.12-LA,Prédio comercial (12 pavimentos),1950.87,Nordeste
25,Paraíba,Alto,agosto,2025,CR.1-3Q,"Casa residencial (1 pav, 3 quartos)",2051.41,Nordeste
25,Paraíba,Alto,agosto,2025,PR4-3QP,Prédio residencial (4 pavimentos),1901.16,Nordeste
25,Paraíba,Alto,agosto,2025,PC.12-LA,Prédio comercial (12 pavimentos),1955.79,Nordeste
25,Paraíba,Alto,setembro,2025,CR.1-3Q,"Casa residencial (1 pav, 3 quartos)",2117.87,Nordeste
25,Paraíba,Alto,setembro,2025,PR4-3QP,Prédio residencial (4 pavimentos),1954.25,Nordeste
25,Paraíba,Alto,setembro,2025,PC.12-LA,Prédio comercial (12 pavimentos),2001.22,Nordeste
25,Paraíba,Alto,outubro,2025,CR.1-3Q,"Casa residencial (1 pav, 3 quartos)",2141.85,Nordeste
25,Paraíba,Alto,outubro,2025,PR4-3QP,Prédio residencial (4 pavimentos),1982.75,Nordeste
25,Paraíba,Alto,outubro,2025,PC.12-LA,Prédio comercial (12 pavimentos),2014.1,Nordeste
25,Paraíba,Alto,novembro,2025,CR.1-3Q,"Casa residencial (1 pav, 3 quartos)",2141.09,Nordeste
25,Paraíba,Alto,novembro,2025,PR4-3QP,Prédio residencial (4 pavimentos),1986.04,Nordeste
25,Paraíba,Alto,novembro,2025,PC.12-LA,Prédio comercial (12 pavimentos),2022.39,Nordeste
25,Paraíba,Alto,dezembro,2025,CR.1-3Q,"Casa residencial (1 pav, 3 quartos)",2149.43,Nordeste
25,Paraíba,Alto,dezembro,2025,PR4-3QP,Prédio residencial (4 pavimentos),2000.1,Nordeste
25,Paraíba,Alto,dezembro,2025,PC.12-LA,Prédio comercial (12 pavimentos),2043.62,Nordeste
25,Paraíba,Normal,janeiro,2025,CP.1-2Q,"Casa popular (1 pav, varanda, sala, 2 quartos)",1772.08,Nordeste
25,Paraíba,Normal,janeiro,2025,CR.1-3Q,"Casa residencial (1 pav, 3 quartos)",1680.61,Nordeste
25,Paraíba,Normal,janeiro,2025,PR4-3QP,Prédio residencial (4 pavimentos),1479.38,Nordeste
25,Paraíba,Normal,janeiro,2025,PC.12-LA,Prédio comercial (12 pavimentos),1471.99,Nordeste
25,Paraíba,Normal,fevereiro,2025,CP.1-2Q,"Casa popular (1 pav, varanda, sala, 2 quartos)",1775.31,Nordeste
25,Paraíba,Normal,fevereiro,2025,CR.1-3Q,"Casa residencial (1 pav, 3 quartos)",1684.71,Nordeste
25,Paraíba,Normal,fevereiro,2025,PR4-3QP,Prédio residencial (4 pavimentos),1478.87,Nordeste
25,Paraíba,Normal,fevereiro,2025,PC.12-LA,Prédio comercial (12 pavimentos),1473.75,Nordeste
25,Paraíba,Normal,março,2025,CP.1-2Q,"Casa popular (1 pav, varanda, sala, 2 quartos)",1782.67,Nordeste
25,Paraíba,Normal,março,2025,CR.1-3Q,"Casa residencial (1 pav, 3 quartos)",1692.14,Nordeste
25,Paraíba,Normal,março,2025,PR4-3QP,Prédio residencial (4 pavimentos),1485.48,Nordeste
25,Paraíba,Normal,março,2025,PC.12-LA,Prédio comercial (12 pavimentos),1487.11,Nordeste
25,Paraíba,Normal,abril,2025,CP.1-2Q,"Casa popular (1 pav, varanda, sala, 2 quartos)",1782.87,Nordeste
25,Paraíba,Normal,abril,2025,CR.1-3Q,"Casa residencial (1 pav, 3 quartos)",1692.36,Nordeste
25,Paraíba,Normal,abril,2025,PR4-3QP,Prédio residencial (4 pavimentos),1486.61,Nordeste
25,Paraíba,Normal,abril,2025,PC.12-LA,Prédio comercial (12 pavimentos),1488.86,Nordeste
25,Paraíba,Normal,maio,2025,CP.1-2Q,"Casa popular (1 pav, varanda, sala, 2 quartos)",1783.11,Nordeste
25,Paraíba,Normal,maio,2025,CR.1-3Q,"Casa residencial (1 pav, 3 quartos)",1693.49,Nordeste
25,Paraíba,Normal,maio,2025,PR4-3QP,Prédio residencial (4 pavimentos),1492.9,Nordeste
25,Paraíba,Normal,maio,2025,PC.12-LA,Prédio comercial (12 pavimentos),1493.46,Nordeste
25,Paraíba,Normal,junho,2025,CP.1-2Q,"Casa popular (1 pav, varanda, sala, 2 quartos)",1792.27,Nordeste
25,Paraíba,Normal,junho,2025,CR.1-3Q,"Casa residencial (1 pav, 3 quartos)",1701.69,Nordeste
25,Paraíba,Normal,junho,2025,PR4-3QP,Prédio residencial (4 pavimentos),1493.36,Nordeste
25,Paraíba,Normal,junho,2025,PC.12-LA,Prédio comercial (12 pavimentos),1497.56,Nordeste
25,Paraíba,Normal,julho,2025,CP.1-2Q,"Casa popular (1 pav, varanda, sala, 2 quartos)",1794.72,Nordeste
25,Paraíba,Normal,julho,2025,CR.1-3Q,"Casa residencial (1 pav, 3 quartos)",1703.33,Nordeste
25,Paraíba,Normal,julho,2025,PR4-3QP,Prédio residencial (4 pavimentos),1498.86,Nordeste
25,Paraíba,Normal,julho,2025,PC.12-LA,Prédio comercial (12 pavimentos),1510.43,Nordeste
25,Paraíba,Normal,agosto,2025,CP.1-2Q,"Casa popular (1 pav, varanda, sala, 2 quartos)",1801.59,Nordeste
25,Paraíba,Normal,agosto,2025,CR.1-3Q,"Casa residencial (1 pav, 3 quartos)",1710.08,Nordeste
25,Paraíba,Normal,agosto,2025,PR4-3QP,Prédio residencial (4 pavimentos),1501.21,Nordeste
25,Paraíba,Normal,agosto,2025,PC.12-LA,Prédio comercial (12 pavimentos),1503.41,Nordeste
25,Paraíba,Normal,setembro,2025,CP.1-2Q,"Casa popular (1 pav, varanda, sala, 2 quartos)",1861.92,Nordeste
25,Paraíba,Normal,setembro,2025,CR.1-3Q,"Casa residencial (1 pav, 3 quartos)",1766.94,Nordeste
25,Paraíba,Normal,setembro,2025,PR4-3QP,Prédio residencial (4 pavimentos),1547.82,Nordeste
25,Paraíba,Normal,setembro,2025,PC.12-LA,Prédio comercial (12 pavimentos),1546.38,Nordeste
25,Paraíba,Normal,outubro,2025,CP.1-2Q,"Casa popular (1 pav, varanda, sala, 2 quartos)",1879.21,Nordeste
25,Paraíba,Normal,outubro,2025,CR.1-3Q,"Casa residencial (1 pav, 3 quartos)",1782.92,Nordeste
25,Paraíba,Normal,outubro,2025,PR4-3QP,Prédio residencial (4 pavimentos),1557.98,Nordeste
25,Paraíba,Normal,outubro,2025,PC.12-LA,Prédio comercial (12 pavimentos),1551.27,Nordeste
25,Paraíba,Normal,novembro,2025,CP.1-2Q,"Casa popular (1 pav, varanda, sala, 2 quartos)",1880.42,Nordeste
25,Paraíba,Normal,novembro,2025,CR.1-3Q,"Casa residencial (1 pav, 3 quartos)",1785.13,Nordeste
25,Paraíba,Normal,novembro,2025,PR4-3QP,Prédio residencial (4 pavimentos),1561.53,Nordeste
25,Paraíba,Normal,novembro,2025,PC.12-LA,Prédio comercial (12 pavimentos),1557.69,Nordeste
25,Paraíba,Normal,dezembro,2025,CP.1-2Q,"Casa popular (1 pav, varanda, sala, 2 quartos)",1889.26,Nordeste
25,Paraíba,Normal,dezembro,2025,CR.1-3Q,"Casa residencial (1 pav, 3 quartos)",1791.24,Nordeste
25,Paraíba,Normal,dezembro,2025,PR4-3QP,Prédio residencial (4 pavimentos),1573.32,Nordeste
25,Paraíba,Normal,dezembro,2025,PC.12-LA,Prédio comercial (12 pavimentos),1575.92,Nordeste
25,Paraíba,Baixo,janeiro,2025,CP.1-2Q,"Casa popular (1 pav, varanda, sala, 2 quartos)",1263.09,Nordeste
25,Paraíba,Baixo,janeiro,2025,CR.1-3Q,"Casa residencial (1 pav, 3 quartos)",1196.5,Nordeste
25,Paraíba,Baixo,janeiro,2025,PR4-3QP,Prédio residencial (4 pavimentos),1177.57,Nordeste
25,Paraíba,Baixo,fevereiro,2025,CP.1-2Q,"Casa popular (1 pav, varanda, sala, 2 quartos)",1262.28,Nordeste
25,Paraíba,Baixo,fevereiro,2025,CR.1-3Q,"Casa residencial (1 pav, 3 quartos)",1196.31,Nordeste
25,Paraíba,Baixo,fevereiro,2025,PR4-3QP,Prédio residencial (4 pavimentos),1177.6,Nordeste
25,Paraíba,Baixo,março,2025,CP.1-2Q,"Casa popular (1 pav, varanda, sala, 2 quartos)",1267.96,Nordeste
25,Paraíba,Baixo,março,2025,CR.1-3Q,"Casa residencial (1 pav, 3 quartos)",1201.81,Nordeste
25,Paraíba,Baixo,março,2025,PR4-3QP,Prédio residencial (4 pavimentos),1183.14,Nordeste
25,Paraíba,Baixo,abril,2025,CP.1-2Q,"Casa popular (1 pav, varanda, sala, 2 quartos)",1270.22,Nordeste
25,Paraíba,Baixo,abril,2025,CR.1-3Q,"Casa residencial (1 pav, 3 quartos)",1203.8,Nordeste
25,Paraíba,Baixo,abril,2025,PR4-3QP,Prédio residencial (4 pavimentos),1184.49,Nordeste
25,Paraíba,Baixo,maio,2025,CP.1-2Q,"Casa popular (1 pav, varanda, sala, 2 quartos)",1268.69,Nordeste
25,Paraíba,Baixo,maio,2025,CR.1-3Q,"Casa residencial (1 pav, 3 quartos)",1203.06,Nordeste
25,Paraíba,Baixo,maio,2025,PR4-3QP,Prédio residencial (4 pavimentos),1186.33,Nordeste
25,Paraíba,Baixo,junho,2025,CP.1-2Q,"Casa popular (1 pav, varanda, sala, 2 quartos)",1272.98,Nordeste
25,Paraíba,Baixo,junho,2025,CR.1-3Q,"Casa residencial (1 pav, 3 quartos)",1206.95,Nordeste
25,Paraíba,Baixo,junho,2025,PR4-3QP,Prédio residencial (4 pavimentos),1181.07,Nordeste
25,Paraíba,Baixo,julho,2025,CP.1-2Q,"Casa popular (1 pav, varanda, sala, 2 quartos)",1274.01,Nordeste
25,Paraíba,Baixo,julho,2025,CR.1-3Q,"Casa residencial (1 pav, 3 quartos)",1208.36,Nordeste
25,Paraíba,Baixo,julho,2025,PR4-3QP,Prédio residencial (4 pavimentos),1185.58,Nordeste
25,Paraíba,Baixo,agosto,2025,CP.1-2Q,"Casa popular (1 pav, varanda, sala, 2 quartos)",1275.87,Nordeste
25,Paraíba,Baixo,agosto,2025,CR.1-3Q,"Casa residencial (1 pav, 3 quartos)",1209.85,Nordeste
25,Paraíba,Baixo,agosto,2025,PR4-3QP,Prédio residencial (4 pavimentos),1181.29,Nordeste
25,Paraíba,Baixo,setembro,2025,CP.1-2Q,"Casa popular (1 pav, varanda, sala, 2 quartos)",1322.05,Nordeste
25,Paraíba,Baixo,setembro,2025,CR.1-3Q,"Casa residencial (1 pav, 3 quartos)",1252.7,Nordeste
25,Paraíba,Baixo,setembro,2025,PR4-3QP,Prédio residencial (4 pavimentos),1220.33,Nordeste
25,Paraíba,Baixo,outubro,2025,CP.1-2Q,"Casa popular (1 pav, varanda, sala, 2 quartos)",1334.99,Nordeste
25,Paraíba,Baixo,outubro,2025,CR.1-3Q,"Casa residencial (1 pav, 3 quartos)",1265.08,Nordeste
25,Paraíba,Baixo,outubro,2025,PR4-3QP,Prédio residencial (4 pavimentos),1229.25,Nordeste
25,Paraíba,Baixo,novembro,2025,CP.1-2Q,"Casa popular (1 pav, varanda, sala, 2 quartos)",1338.78,Nordeste
25,Paraíba,Baixo,novembro,2025,CR.1-3Q,"Casa residencial (1 pav, 3 quartos)",1268.65,Nordeste
25,Paraíba,Baixo,novembro,2025,PR4-3QP,Prédio residencial (4 pavimentos),1234.38,Nordeste
25,Paraíba,Baixo,dezembro,2025,CP.1-2Q,"Casa popular (1 pav, varanda, sala, 2 quartos)",1347.5,Nordeste
25,Paraíba,Baixo,dezembro,2025,CR.1-3Q,"Casa residencial (1 pav, 3 quartos)",1276.06,Nordeste
25,Paraíba,Baixo,dezembro,2025,PR4-3QP,Prédio residencial (4 pavimentos),1246.66,Nordeste
25,Paraíba,Mínimo,janeiro,2025,CP.1-2Q,"Casa popular (1 pav, varanda, sala, 2 quartos)",1091.23,Nordeste
25,Paraíba,Mínimo,janeiro,2025,CB-MMO,Cesta básica construção,1016.04,Nordeste
25,Paraíba,Mínimo,fevereiro,2025,CP.1-2Q,"Casa popular (1 pav, varanda, sala, 2 quartos)",1089.3,Nordeste
25,Paraíba,Mínimo,fevereiro,2025,CB-MMO,Cesta básica construção,1013.46,Nordeste
25,Paraíba,Mínimo,março,2025,CP.1-2Q,"Casa popular (1 pav, varanda, sala, 2 quartos)",1095.2,Nordeste
25,Paraíba,Mínimo,março,2025,CB-MMO,Cesta básica construção,1018.25,Nordeste
25,Paraíba,Mínimo,abril,2025,CP.1-2Q,"Casa popular (1 pav, varanda, sala, 2 quartos)",1095.59,Nordeste
25,Paraíba,Mínimo,abril,2025,CB-MMO,Cesta básica construção,1018.14,Nordeste
25,Paraíba,Mínimo,maio,2025,CP.1-2Q,"Casa popular (1 pav, varanda, sala, 2 quartos)",1094.22,Nordeste
25,Paraíba,Mínimo,maio,2025,CB-MMO,Cesta básica construção,1016.53,Nordeste
25,Paraíba,Mínimo,junho,2025,CP.1-2Q,"Casa popular (1 pav, varanda, sala, 2 quartos)",1097.56,Nordeste
25,Paraíba,Mínimo,junho,2025,CB-MMO,Cesta básica construção,1019.96,Nordeste
25,Paraíba,Mínimo,julho,2025,CP.1-2Q,"Casa popular (1 pav, varanda, sala, 2 quartos)",1098.78,Nordeste
25,Paraíba,Mínimo,julho,2025,CB-MMO,Cesta básica construção,1021.71,Nordeste
25,Paraíba,Mínimo,agosto,2025,CP.1-2Q,"Casa popular (1 pav, varanda, sala, 2 quartos)",1100.94,Nordeste
25,Paraíba,Mínimo,agosto,2025,CB-MMO,Cesta básica construção,1022.95,Nordeste
25,Paraíba,Mínimo,setembro,2025,CP.1-2Q,"Casa popular (1 pav, varanda, sala, 2 quartos)",1143.03,Nordeste
25,Paraíba,Mínimo,setembro,2025,CB-MMO,Cesta básica construção,1066.27,Nordeste
25,Paraíba,Mínimo,outubro,2025,CP.1-2Q,"Casa popular (1 pav, varanda, sala, 2 quartos)",1156.33,Nordeste
25,Paraíba,Mínimo,outubro,2025,CB-MMO,Cesta básica construção,1080.35,Nordeste
25,Paraíba,Mínimo,novembro,2025,CP.1-2Q,"Casa popular (1 pav, varanda, sala, 2 quartos)",1157.71,Nordeste
25,Paraíba,Mínimo,novembro,2025,CB-MMO,Cesta básica construção,1081.49,Nordeste
25,Paraíba,Mínimo,dezembro,2025,CP.1-2Q,"Casa popular (1 pav, varanda, sala, 2 quartos)",1166.73,Nordeste
25,Paraíba,Mínimo,dezembro,2025,CB-MMO,Cesta básica construção,1086.72,Nordeste
26,Pernambuco,Alto,janeiro,2025,CR.1-3Q,"Casa residencial (1 pav, 3 quartos)",2062.82,Nordeste
26,Pernambuco,Alto,janeiro,2025,PR4-3QP,Prédio residencial (4 pavimentos),1865.82,Nordeste
26,Pernambuco,Alto,janeiro,2025,PC.12-LA,Prédio comercial (12 pavimentos),1864.53,Nordeste
26,Pernambuco,Alto,fevereiro,2025,CR.1-3Q,"Casa residencial (1 pav, 3 quartos)",2064.8,Nordeste
26,Pernambuco,Alto,fevereiro,2025,PR4-3QP,Prédio residencial (4 pavimentos),1855.8,Nordeste
26,Pernambuco,Alto,fevereiro,2025,PC.12-LA,Prédio comercial (12 pavimentos),1887.32,Nordeste
26,Pernambuco,Alto,março,2025,CR.1-3Q,"Casa residencial (1 pav, 3 quartos)",2086.77,Nordeste
26,Pernambuco,Alto,março,2025,PR4-3QP,Prédio residencial (4 pavimentos),1864.58,Nordeste
26,Pernambuco,Alto,março,2025,PC.12-LA,Prédio comercial (12 pavimentos),1871.82,Nordeste
26,Pernambuco,Alto,abril,2025,CR.1-3Q,"Casa residencial (1 pav, 3 quartos)",2087.22,Nordeste
26,Pernambuco,Alto,abril,2025,PR4-3QP,Prédio residencial (4 pavimentos),1875.08,Nordeste
26,Pernambuco,Alto,abril,2025,PC.12-LA,Prédio comercial (12 pavimentos),1875.59,Nordeste
26,Pernambuco,Alto,maio,2025,CR.1-3Q,"Casa residencial (1 pav, 3 quartos)",2136.43,Nordeste
26,Pernambuco,Alto,maio,2025,PR4-3QP,Prédio residencial (4 pavimentos),1930.99,Nordeste
26,Pernambuco,Alto,maio,2025,PC.12-LA,Prédio comercial (12 pavimentos),1925.81,Nordeste
26,Pernambuco,Alto,junho,2025,CR.1-3Q,"Casa residencial (1 pav, 3 quartos)",2143.44,Nordeste
26,Pernambuco,Alto,junho,2025,PR4-3QP,Prédio residencial (4 pavimentos),1925.71,Nordeste
26,Pernambuco,Alto,junho,2025,PC.12-LA,Prédio comercial (12 pavimentos),1917.82,Nordeste
26,Pernambuco,Alto,julho,2025,CR.1-3Q,"Casa residencial (1 pav, 3 quartos)",2151.94,Nordeste
26,Pernambuco,Alto,julho,2025,PR4-3QP,Prédio residencial (4 pavimentos),1933.0,Nordeste
26,Pernambuco,Alto,julho,2025,PC.12-LA,Prédio comercial (12 pavimentos),1924.69,Nordeste
26,Pernambuco,Alto,agosto,2025,CR.1-3Q,"Casa residencial (1 pav, 3 quartos)",2162.67,Nordeste
26,Pernambuco,Alto,agosto,2025,PR4-3QP,Prédio residencial (4 pavimentos),1964.24,Nordeste
26,Pernambuco,Alto,agosto,2025,PC.12-LA,Prédio comercial (12 pavimentos),1940.28,Nordeste
26,Pernambuco,Alto,setembro,2025,CR.1-3Q,"Casa residencial (1 pav, 3 quartos)",2167.09,Nordeste
26,Pernambuco,Alto,setembro,2025,PR4-3QP,Prédio residencial (4 pavimentos),1968.56,Nordeste
26,Pernambuco,Alto,setembro,2025,PC.12-LA,Prédio comercial (12 pavimentos),1940.39,Nordeste
26,Pernambuco,Alto,outubro,2025,CR.1-3Q,"Casa residencial (1 pav, 3 quartos)",2170.78,Nordeste
26,Pernambuco,Alto,outubro,2025,PR4-3QP,Prédio residencial (4 pavimentos),1967.46,Nordeste
26,Pernambuco,Alto,outubro,2025,PC.12-LA,Prédio comercial (12 pavimentos),1944.37,Nordeste
26,Pernambuco,Alto,novembro,2025,CR.1-3Q,"Casa residencial (1 pav, 3 quartos)",2170.58,Nordeste
26,Pernambuco,Alto,novembro,2025,PR4-3QP,Prédio residencial (4 pavimentos),1966.54,Nordeste
26,Pernambuco,Alto,novembro,2025,PC.12-LA,Prédio comercial (12 pavimentos),1947.86,Nordeste
26,Pernambuco,Alto,dezembro,2025,CR.1-3Q,"Casa residencial (1 pav, 3 quartos)",2182.19,Nordeste
26,Pernambuco,Alto,dezembro,2025,PR4-3QP,Prédio residencial (4 pavimentos),1975.63,Nordeste
26,Pernambuco,Alto,dezembro,2025,PC.12-LA,Prédio comercial (12 pavimentos),1973.0,Nordeste
26,Pernambuco,Normal,janeiro,2025,CP.1-2Q,"Casa popular (1 pav, varanda, sala, 2 quartos)",1818.11,Nordeste
26,Pernambuco,Normal,janeiro,2025,CR.1-3Q,"Casa residencial (1 pav, 3 quartos)",1726.62,Nordeste
26,Pernambuco,Normal,janeiro,2025,PR4-3QP,Prédio residencial (4 pavimentos),1485.68,Nordeste
26,Pernambuco,Normal,janeiro,2025,PC.12-LA,Prédio comercial (12 pavimentos),1489.6,Nordeste
26,Pernambuco,Normal,fevereiro,2025,CP.1-2Q,"Casa popular (1 pav, varanda, sala, 2 quartos)",1833.4,Nordeste
26,Pernambuco,Normal,fevereiro,2025,CR.1-3Q,"Casa residencial (1 pav, 3 quartos)",1741.63,Nordeste
26,Pernambuco,Normal,fevereiro,2025,PR4-3QP,Prédio residencial (4 pavimentos),1486.83,Nordeste
26,Pernambuco,Normal,fevereiro,2025,PC.12-LA,Prédio comercial (12 pavimentos),1503.56,Nordeste
26,Pernambuco,Normal,março,2025,CP.1-2Q,"Casa popular (1 pav, varanda, sala, 2 quartos)",1852.95,Nordeste
26,Pernambuco,Normal,março,2025,CR.1-3Q,"Casa residencial (1 pav, 3 quartos)",1759.97,Nordeste
26,Pernambuco,Normal,março,2025,PR4-3QP,Prédio residencial (4 pavimentos),1494.84,Nordeste
26,Pernambuco,Normal,março,2025,PC.12-LA,Prédio comercial (12 pavimentos),1496.52,Nordeste
26,Pernambuco,Normal,abril,2025,CP.1-2Q,"Casa popular (1 pav, varanda, sala, 2 quartos)",1852.6,Nordeste
26,Pernambuco,Normal,abril,2025,CR.1-3Q,"Casa residencial (1 pav, 3 quartos)",1758.82,Nordeste
26,Pernambuco,Normal,abril,2025,PR4-3QP,Prédio residencial (4 pavimentos),1500.89,Nordeste
26,Pernambuco,Normal,abril,2025,PC.12-LA,Prédio comercial (12 pavimentos),1500.11,Nordeste
26,Pernambuco,Normal,maio,2025,CP.1-2Q,"Casa popular (1 pav, varanda, sala, 2 quartos)",1900.76,Nordeste
26,Pernambuco,Normal,maio,2025,CR.1-3Q,"Casa residencial (1 pav, 3 quartos)",1805.48,Nordeste
26,Pernambuco,Normal,maio,2025,PR4-3QP,Prédio residencial (4 pavimentos),1546.3,Nordeste
26,Pernambuco,Normal,maio,2025,PC.12-LA,Prédio comercial (12 pavimentos),1542.35,Nordeste
26,Pernambuco,Normal,junho,2025,CP.1-2Q,"Casa popular (1 pav, varanda, sala, 2 quartos)",1904.71,Nordeste
26,Pernambuco,Normal,junho,2025,CR.1-3Q,"Casa residencial (1 pav, 3 quartos)",1807.12,Nordeste
26,Pernambuco,Normal,junho,2025,PR4-3QP,Prédio residencial (4 pavimentos),1546.13,Nordeste
26,Pernambuco,Normal,junho,2025,PC.12-LA,Prédio comercial (12 pavimentos),1531.86,Nordeste
26,Pernambuco,Normal,julho,2025,CP.1-2Q,"Casa popular (1 pav, varanda, sala, 2 quartos)",1910.19,Nordeste
26,Pernambuco,Normal,julho,2025,CR.1-3Q,"Casa residencial (1 pav, 3 quartos)",1812.19,Nordeste
26,Pernambuco,Normal,julho,2025,PR4-3QP,Prédio residencial (4 pavimentos),1548.88,Nordeste
26,Pernambuco,Normal,julho,2025,PC.12-LA,Prédio comercial (12 pavimentos),1536.67,Nordeste
26,Pernambuco,Normal,agosto,2025,CP.1-2Q,"Casa popular (1 pav, varanda, sala, 2 quartos)",1916.42,Nordeste
26,Pernambuco,Normal,agosto,2025,CR.1-3Q,"Casa residencial (1 pav, 3 quartos)",1816.37,Nordeste
26,Pernambuco,Normal,agosto,2025,PR4-3QP,Prédio residencial (4 pavimentos),1550.57,Nordeste
26,Pernambuco,Normal,agosto,2025,PC.12-LA,Prédio comercial (12 pavimentos),1532.0,Nordeste
26,Pernambuco,Normal,setembro,2025,CP.1-2Q,"Casa popular (1 pav, varanda, sala, 2 quartos)",1916.96,Nordeste
26,Pernambuco,Normal,setembro,2025,CR.1-3Q,"Casa residencial (1 pav, 3 quartos)",1816.86,Nordeste
26,Pernambuco,Normal,setembro,2025,PR4-3QP,Prédio residencial (4 pavimentos),1550.96,Nordeste
26,Pernambuco,Normal,setembro,2025,PC.12-LA,Prédio comercial (12 pavimentos),1531.1,Nordeste
26,Pernambuco,Normal,outubro,2025,CP.1-2Q,"Casa popular (1 pav, varanda, sala, 2 quartos)",1919.67,Nordeste
26,Pernambuco,Normal,outubro,2025,CR.1-3Q,"Casa residencial (1 pav, 3 quartos)",1820.58,Nordeste
26,Pernambuco,Normal,outubro,2025,PR4-3QP,Prédio residencial (4 pavimentos),1549.65,Nordeste
26,Pernambuco,Normal,outubro,2025,PC.12-LA,Prédio comercial (12 pavimentos),1532.42,Nordeste
26,Pernambuco,Normal,novembro,2025,CP.1-2Q,"Casa popular (1 pav, varanda, sala, 2 quartos)",1920.27,Nordeste
26,Pernambuco,Normal,novembro,2025,CR.1-3Q,"Casa residencial (1 pav, 3 quartos)",1820.27,Nordeste
26,Pernambuco,Normal,novembro,2025,PR4-3QP,Prédio residencial (4 pavimentos),1550.27,Nordeste
26,Pernambuco,Normal,novembro,2025,PC.12-LA,Prédio comercial (12 pavimentos),1535.78,Nordeste
26,Pernambuco,Normal,dezembro,2025,CP.1-2Q,"Casa popular (1 pav, varanda, sala, 2 quartos)",1931.38,Nordeste
26,Pernambuco,Normal,dezembro,2025,CR.1-3Q,"Casa residencial (1 pav, 3 quartos)",1831.95,Nordeste
26,Pernambuco,Normal,dezembro,2025,PR4-3QP,Prédio residencial (4 pavimentos),1558.0,Nordeste
26,Pernambuco,Normal,dezembro,2025,PC.12-LA,Prédio comercial (12 pavimentos),1550.65,Nordeste
26,Pernambuco,Baixo,janeiro,2025,CP.1-2Q,"Casa popular (1 pav, varanda, sala, 2 quartos)",1280.71,Nordeste
26,Pernambuco,Baixo,janeiro,2025,CR.1-3Q,"Casa residencial (1 pav, 3 quartos)",1209.73,Nordeste
26,Pernambuco,Baixo,janeiro,2025,PR4-3QP,Prédio residencial (4 pavimentos),1196.45,Nordeste
26,Pernambuco,Baixo,fevereiro,2025,CP.1-2Q,"Casa popular (1 pav, varanda, sala, 2 quartos)",1291.02,Nordeste
26,Pernambuco,Baixo,fevereiro,2025,CR.1-3Q,"Casa residencial (1 pav, 3 quartos)",1219.83,Nordeste
26,Pernambuco,Baixo,fevereiro,2025,PR4-3QP,Prédio residencial (4 pavimentos),1201.57,Nordeste
26,Pernambuco,Baixo,março,2025,CP.1-2Q,"Casa popular (1 pav, varanda, sala, 2 quartos)",1299.07,Nordeste
26,Pernambuco,Baixo,março,2025,CR.1-3Q,"Casa residencial (1 pav, 3 quartos)",1226.52,Nordeste
26,Pernambuco,Baixo,março,2025,PR4-3QP,Prédio residencial (4 pavimentos),1201.09,Nordeste
26,Pernambuco,Baixo,abril,2025,CP.1-2Q,"Casa popular (1 pav, varanda, sala, 2 quartos)",1303.58,Nordeste
26,Pernambuco,Baixo,abril,2025,CR.1-3Q,"Casa residencial (1 pav, 3 quartos)",1230.31,Nordeste
26,Pernambuco,Baixo,abril,2025,PR4-3QP,Prédio residencial (4 pavimentos),1206.08,Nordeste
26,Pernambuco,Baixo,maio,2025,CP.1-2Q,"Casa popular (1 pav, varanda, sala, 2 quartos)",1342.77,Nordeste
26,Pernambuco,Baixo,maio,2025,CR.1-3Q,"Casa residencial (1 pav, 3 quartos)",1268.04,Nordeste
26,Pernambuco,Baixo,maio,2025,PR4-3QP,Prédio residencial (4 pavimentos),1245.54,Nordeste
26,Pernambuco,Baixo,junho,2025,CP.1-2Q,"Casa popular (1 pav, varanda, sala, 2 quartos)",1341.3,Nordeste
26,Pernambuco,Baixo,junho,2025,CR.1-3Q,"Casa residencial (1 pav, 3 quartos)",1265.75,Nordeste
26,Pernambuco,Baixo,junho,2025,PR4-3QP,Prédio residencial (4 pavimentos),1240.61,Nordeste
26,Pernambuco,Baixo,julho,2025,CP.1-2Q,"Casa popular (1 pav, varanda, sala, 2 quartos)",1347.64,Nordeste
26,Pernambuco,Baixo,julho,2025,CR.1-3Q,"Casa residencial (1 pav, 3 quartos)",1271.95,Nordeste
26,Pernambuco,Baixo,julho,2025,PR4-3QP,Prédio residencial (4 pavimentos),1244.1,Nordeste
26,Pernambuco,Baixo,agosto,2025,CP.1-2Q,"Casa popular (1 pav, varanda, sala, 2 quartos)",1349.31,Nordeste
26,Pernambuco,Baixo,agosto,2025,CR.1-3Q,"Casa residencial (1 pav, 3 quartos)",1273.41,Nordeste
26,Pernambuco,Baixo,agosto,2025,PR4-3QP,Prédio residencial (4 pavimentos),1241.47,Nordeste
26,Pernambuco,Baixo,setembro,2025,CP.1-2Q,"Casa popular (1 pav, varanda, sala, 2 quartos)",1348.95,Nordeste
26,Pernambuco,Baixo,setembro,2025,CR.1-3Q,"Casa residencial (1 pav, 3 quartos)",1273.25,Nordeste
26,Pernambuco,Baixo,setembro,2025,PR4-3QP,Prédio residencial (4 pavimentos),1240.16,Nordeste
26,Pernambuco,Baixo,outubro,2025,CP.1-2Q,"Casa popular (1 pav, varanda, sala, 2 quartos)",1351.75,Nordeste
26,Pernambuco,Baixo,outubro,2025,CR.1-3Q,"Casa residencial (1 pav, 3 quartos)",1276.15,Nordeste
26,Pernambuco,Baixo,outubro,2025,PR4-3QP,Prédio residencial (4 pavimentos),1237.93,Nordeste
26,Pernambuco,Baixo,novembro,2025,CP.1-2Q,"Casa popular (1 pav, varanda, sala, 2 quartos)",1352.5,Nordeste
26,Pernambuco,Baixo,novembro,2025,CR.1-3Q,"Casa residencial (1 pav, 3 quartos)",1276.59,Nordeste
26,Pernambuco,Baixo,novembro,2025,PR4-3QP,Prédio residencial (4 pavimentos),1238.17,Nordeste
26,Pernambuco,Baixo,dezembro,2025,CP.1-2Q,"Casa popular (1 pav, varanda, sala, 2 quartos)",1360.8,Nordeste
26,Pernambuco,Baixo,dezembro,2025,CR.1-3Q,"Casa residencial (1 pav, 3 quartos)",1284.75,Nordeste
26,Pernambuco,Baixo,dezembro,2025,PR4-3QP,Prédio residencial (4 pavimentos),1246.55,Nordeste
26,Pernambuco,Mínimo,janeiro,2025,CP.1-2Q,"Casa popular (1 pav, varanda, sala, 2 quartos)",1093.55,Nordeste
26,Pernambuco,Mínimo,janeiro,2025,CB-MMO,Cesta básica construção,1025.37,Nordeste
26,Pernambuco,Mínimo,fevereiro,2025,CP.1-2Q,"Casa popular (1 pav, varanda, sala, 2 quartos)",1105.08,Nordeste
26,Pernambuco,Mínimo,fevereiro,2025,CB-MMO,Cesta básica construção,1031.41,Nordeste
26,Pernambuco,Mínimo,março,2025,CP.1-2Q,"Casa popular (1 pav, varanda, sala, 2 quartos)",1109.92,Nordeste
26,Pernambuco,Mínimo,março,2025,CB-MMO,Cesta básica construção,1036.84,Nordeste
26,Pernambuco,Mínimo,abril,2025,CP.1-2Q,"Casa popular (1 pav, varanda, sala, 2 quartos)",1110.4,Nordeste
26,Pernambuco,Mínimo,abril,2025,CB-MMO,Cesta básica construção,1038.28,Nordeste
26,Pernambuco,Mínimo,maio,2025,CP.1-2Q,"Casa popular (1 pav, varanda, sala, 2 quartos)",1146.4,Nordeste
26,Pernambuco,Mínimo,maio,2025,CB-MMO,Cesta básica construção,1073.17,Nordeste
26,Pernambuco,Mínimo,junho,2025,CP.1-2Q,"Casa popular (1 pav, varanda, sala, 2 quartos)",1150.27,Nordeste
26,Pernambuco,Mínimo,junho,2025,CB-MMO,Cesta básica construção,1074.6,Nordeste
26,Pernambuco,Mínimo,julho,2025,CP.1-2Q,"Casa popular (1 pav, varanda, sala, 2 quartos)",1153.87,Nordeste
26,Pernambuco,Mínimo,julho,2025,CB-MMO,Cesta básica construção,1073.2,Nordeste
26,Pernambuco,Mínimo,agosto,2025,CP.1-2Q,"Casa popular (1 pav, varanda, sala, 2 quartos)",1152.74,Nordeste
26,Pernambuco,Mínimo,agosto,2025,CB-MMO,Cesta básica construção,1071.67,Nordeste
26,Pernambuco,Mínimo,setembro,2025,CP.1-2Q,"Casa popular (1 pav, varanda, sala, 2 quartos)",1152.57,Nordeste
26,Pernambuco,Mínimo,setembro,2025,CB-MMO,Cesta básica construção,1070.04,Nordeste
26,Pernambuco,Mínimo,outubro,2025,CP.1-2Q,"Casa popular (1 pav, varanda, sala, 2 quartos)",1154.81,Nordeste
26,Pernambuco,Mínimo,outubro,2025,CB-MMO,Cesta básica construção,1072.05,Nordeste
26,Pernambuco,Mínimo,novembro,2025,CP.1-2Q,"Casa popular (1 pav, varanda, sala, 2 quartos)",1157.99,Nordeste
26,Pernambuco,Mínimo,novembro,2025,CB-MMO,Cesta básica construção,1075.89,Nordeste
26,Pernambuco,Mínimo,dezembro,2025,CP.1-2Q,"Casa popular (1 pav, varanda, sala, 2 quartos)",1166.47,Nordeste
26,Pernambuco,Mínimo,dezembro,2025,CB-MMO,Cesta básica construção,1085.72,Nordeste
27,Alagoas,Alto,janeiro,2025,CR.1-3Q,"Casa residencial (1 pav, 3 quartos)",1939.87,Nordeste
27,Alagoas,Alto,janeiro,2025,PR4-3QP,Prédio residencial (4 pavimentos),1853.11,Nordeste
27,Alagoas,Alto,janeiro,2025,PC.12-LA,Prédio comercial (12 pavimentos),1849.31,Nordeste
27,Alagoas,Alto,fevereiro,2025,CR.1-3Q,"Casa residencial (1 pav, 3 quartos)",1931.48,Nordeste
27,Alagoas,Alto,fevereiro,2025,PR4-3QP,Prédio residencial (4 pavimentos),1846.31,Nordeste
27,Alagoas,Alto,fevereiro,2025,PC.12-LA,Prédio comercial (12 pavimentos),1868.75,Nordeste
27,Alagoas,Alto,março,2025,CR.1-3Q,"Casa residencial (1 pav, 3 quartos)",1960.37,Nordeste
27,Alagoas,Alto,março,2025,PR4-3QP,Prédio residencial (4 pavimentos),1873.43,Nordeste
27,Alagoas,Alto,março,2025,PC.12-LA,Prédio comercial (12 pavimentos),1880.06,Nordeste
27,Alagoas,Alto,abril,2025,CR.1-3Q,"Casa residencial (1 pav, 3 quartos)",1961.78,Nordeste
27,Alagoas,Alto,abril,2025,PR4-3QP,Prédio residencial (4 pavimentos),1871.92,Nordeste
27,Alagoas,Alto,abril,2025,PC.12-LA,Prédio comercial (12 pavimentos),1882.14,Nordeste
27,Alagoas,Alto,maio,2025,CR.1-3Q,"Casa residencial (1 pav, 3 quartos)",1965.6,Nordeste
27,Alagoas,Alto,maio,2025,PR4-3QP,Prédio residencial (4 pavimentos),1869.86,Nordeste
27,Alagoas,Alto,maio,2025,PC.12-LA,Prédio comercial (12 pavimentos),1888.98,Nordeste
27,Alagoas,Alto,junho,2025,CR.1-3Q,"Casa residencial (1 pav, 3 quartos)",1979.89,Nordeste
27,Alagoas,Alto,junho,2025,PR4-3QP,Prédio residencial (4 pavimentos),1891.14,Nordeste
27,Alagoas,Alto,junho,2025,PC.12-LA,Prédio comercial (12 pavimentos),1895.87,Nordeste
27,Alagoas,Alto,julho,2025,CR.1-3Q,"Casa residencial (1 pav, 3 quartos)",2034.29,Nordeste
27,Alagoas,Alto,julho,2025,PR4-3QP,Prédio residencial (4 pavimentos),1940.06,Nordeste
27,Alagoas,Alto,julho,2025,PC.12-LA,Prédio comercial (12 pavimentos),1945.41,Nordeste
27,Alagoas,Alto,agosto,2025,CR.1-3Q,"Casa residencial (1 pav, 3 quartos)",2045.64,Nordeste
27,Alagoas,Alto,agosto,2025,PR4-3QP,Prédio residencial (4 pavimentos),1965.27,Nordeste
27,Alagoas,Alto,agosto,2025,PC.12-LA,Prédio comercial (12 pavimentos),1983.65,Nordeste
27,Alagoas,Alto,setembro,2025,CR.1-3Q,"Casa residencial (1 pav, 3 quartos)",2052.01,Nordeste
27,Alagoas,Alto,setembro,2025,PR4-3QP,Prédio residencial (4 pavimentos),1966.04,Nordeste
27,Alagoas,Alto,setembro,2025,PC.12-LA,Prédio comercial (12 pavimentos),1988.35,Nordeste
27,Alagoas,Alto,outubro,2025,CR.1-3Q,"Casa residencial (1 pav, 3 quartos)",2059.95,Nordeste
27,Alagoas,Alto,outubro,2025,PR4-3QP,Prédio residencial (4 pavimentos),1968.18,Nordeste
27,Alagoas,Alto,outubro,2025,PC.12-LA,Prédio comercial (12 pavimentos),1993.25,Nordeste
27,Alagoas,Alto,novembro,2025,CR.1-3Q,"Casa residencial (1 pav, 3 quartos)",2059.14,Nordeste
27,Alagoas,Alto,novembro,2025,PR4-3QP,Prédio residencial (4 pavimentos),1972.3,Nordeste
27,Alagoas,Alto,novembro,2025,PC.12-LA,Prédio comercial (12 pavimentos),1986.7,Nordeste
27,Alagoas,Alto,dezembro,2025,CR.1-3Q,"Casa residencial (1 pav, 3 quartos)",2066.19,Nordeste
27,Alagoas,Alto,dezembro,2025,PR4-3QP,Prédio residencial (4 pavimentos),1973.79,Nordeste
27,Alagoas,Alto,dezembro,2025,PC.12-LA,Prédio comercial (12 pavimentos),1992.46,Nordeste
27,Alagoas,Normal,janeiro,2025,CP.1-2Q,"Casa popular (1 pav, varanda, sala, 2 quartos)",1701.76,Nordeste
27,Alagoas,Normal,janeiro,2025,CR.1-3Q,"Casa residencial (1 pav, 3 quartos)",1611.91,Nordeste
27,Alagoas,Normal,janeiro,2025,PR4-3QP,Prédio residencial (4 pavimentos),1490.44,Nordeste
27,Alagoas,Normal,janeiro,2025,PC.12-LA,Prédio comercial (12 pavimentos),1493.12,Nordeste
27,Alagoas,Normal,fevereiro,2025,CP.1-2Q,"Casa popular (1 pav, varanda, sala, 2 quartos)",1706.93,Nordeste
27,Alagoas,Normal,fevereiro,2025,CR.1-3Q,"Casa residencial (1 pav, 3 quartos)",1615.93,Nordeste
27,Alagoas,Normal,fevereiro,2025,PR4-3QP,Prédio residencial (4 pavimentos),1494.06,Nordeste
27,Alagoas,Normal,fevereiro,2025,PC.12-LA,Prédio comercial (12 pavimentos),1506.6,Nordeste
27,Alagoas,Normal,março,2025,CP.1-2Q,"Casa popular (1 pav, varanda, sala, 2 quartos)",1731.1,Nordeste
27,Alagoas,Normal,março,2025,CR.1-3Q,"Casa residencial (1 pav, 3 quartos)",1637.31,Nordeste
27,Alagoas,Normal,março,2025,PR4-3QP,Prédio residencial (4 pavimentos),1506.71,Nordeste
27,Alagoas,Normal,março,2025,PC.12-LA,Prédio comercial (12 pavimentos),1510.61,Nordeste
27,Alagoas,Normal,abril,2025,CP.1-2Q,"Casa popular (1 pav, varanda, sala, 2 quartos)",1731.89,Nordeste
27,Alagoas,Normal,abril,2025,CR.1-3Q,"Casa residencial (1 pav, 3 quartos)",1636.94,Nordeste
27,Alagoas,Normal,abril,2025,PR4-3QP,Prédio residencial (4 pavimentos),1509.31,Nordeste
27,Alagoas,Normal,abril,2025,PC.12-LA,Prédio comercial (12 pavimentos),1515.66,Nordeste
27,Alagoas,Normal,maio,2025,CP.1-2Q,"Casa popular (1 pav, varanda, sala, 2 quartos)",1738.1,Nordeste
27,Alagoas,Normal,maio,2025,CR.1-3Q,"Casa residencial (1 pav, 3 quartos)",1641.75,Nordeste
27,Alagoas,Normal,maio,2025,PR4-3QP,Prédio residencial (4 pavimentos),1507.56,Nordeste
27,Alagoas,Normal,maio,2025,PC.12-LA,Prédio comercial (12 pavimentos),1519.07,Nordeste
27,Alagoas,Normal,junho,2025,CP.1-2Q,"Casa popular (1 pav, varanda, sala, 2 quartos)",1742.14,Nordeste
27,Alagoas,Normal,junho,2025,CR.1-3Q,"Casa residencial (1 pav, 3 quartos)",1644.93,Nordeste
27,Alagoas,Normal,junho,2025,PR4-3QP,Prédio residencial (4 pavimentos),1506.54,Nordeste
27,Alagoas,Normal,junho,2025,PC.12-LA,Prédio comercial (12 pavimentos),1512.92,Nordeste
27,Alagoas,Normal,julho,2025,CP.1-2Q,"Casa popular (1 pav, varanda, sala, 2 quartos)",1796.44,Nordeste
27,Alagoas,Normal,julho,2025,CR.1-3Q,"Casa residencial (1 pav, 3 quartos)",1695.07,Nordeste
27,Alagoas,Normal,julho,2025,PR4-3QP,Prédio residencial (4 pavimentos),1551.35,Nordeste
27,Alagoas,Normal,julho,2025,PC.12-LA,Prédio comercial (12 pavimentos),1551.91,Nordeste
27,Alagoas,Normal,agosto,2025,CP.1-2Q,"Casa popular (1 pav, varanda, sala, 2 quartos)",1804.6,Nordeste
27,Alagoas,Normal,agosto,2025,CR.1-3Q,"Casa residencial (1 pav, 3 quartos)",1702.97,Nordeste
27,Alagoas,Normal,agosto,2025,PR4-3QP,Prédio residencial (4 pavimentos),1561.92,Nordeste
27,Alagoas,Normal,agosto,2025,PC.12-LA,Prédio comercial (12 pavimentos),1571.07,Nordeste
27,Alagoas,Normal,setembro,2025,CP.1-2Q,"Casa popular (1 pav, varanda, sala, 2 quartos)",1807.02,Nordeste
27,Alagoas,Normal,setembro,2025,CR.1-3Q,"Casa residencial (1 pav, 3 quartos)",1705.47,Nordeste
27,Alagoas,Normal,setembro,2025,PR4-3QP,Prédio residencial (4 pavimentos),1563.19,Nordeste
27,Alagoas,Normal,setembro,2025,PC.12-LA,Prédio comercial (12 pavimentos),1576.0,Nordeste
27,Alagoas,Normal,outubro,2025,CP.1-2Q,"Casa popular (1 pav, varanda, sala, 2 quartos)",1813.37,Nordeste
27,Alagoas,Normal,outubro,2025,CR.1-3Q,"Casa residencial (1 pav, 3 quartos)",1711.73,Nordeste
27,Alagoas,Normal,outubro,2025,PR4-3QP,Prédio residencial (4 pavimentos),1560.33,Nordeste
27,Alagoas,Normal,outubro,2025,PC.12-LA,Prédio comercial (12 pavimentos),1574.12,Nordeste
27,Alagoas,Normal,novembro,2025,CP.1-2Q,"Casa popular (1 pav, varanda, sala, 2 quartos)",1812.48,Nordeste
27,Alagoas,Normal,novembro,2025,CR.1-3Q,"Casa residencial (1 pav, 3 quartos)",1710.51,Nordeste
27,Alagoas,Normal,novembro,2025,PR4-3QP,Prédio residencial (4 pavimentos),1563.08,Nordeste
27,Alagoas,Normal,novembro,2025,PC.12-LA,Prédio comercial (12 pavimentos),1570.5,Nordeste
27,Alagoas,Normal,dezembro,2025,CP.1-2Q,"Casa popular (1 pav, varanda, sala, 2 quartos)",1816.25,Nordeste
27,Alagoas,Normal,dezembro,2025,CR.1-3Q,"Casa residencial (1 pav, 3 quartos)",1714.2,Nordeste
27,Alagoas,Normal,dezembro,2025,PR4-3QP,Prédio residencial (4 pavimentos),1564.88,Nordeste
27,Alagoas,Normal,dezembro,2025,PC.12-LA,Prédio comercial (12 pavimentos),1574.4,Nordeste
27,Alagoas,Baixo,janeiro,2025,CP.1-2Q,"Casa popular (1 pav, varanda, sala, 2 quartos)",1243.74,Nordeste
27,Alagoas,Baixo,janeiro,2025,CR.1-3Q,"Casa residencial (1 pav, 3 quartos)",1171.3,Nordeste
27,Alagoas,Baixo,janeiro,2025,PR4-3QP,Prédio residencial (4 pavimentos),1208.18,Nordeste
27,Alagoas,Baixo,fevereiro,2025,CP.1-2Q,"Casa popular (1 pav, varanda, sala, 2 quartos)",1256.1,Nordeste
27,Alagoas,Baixo,fevereiro,2025,CR.1-3Q,"Casa residencial (1 pav, 3 quartos)",1182.58,Nordeste
27,Alagoas,Baixo,fevereiro,2025,PR4-3QP,Prédio residencial (4 pavimentos),1213.09,Nordeste
27,Alagoas,Baixo,março,2025,CP.1-2Q,"Casa popular (1 pav, varanda, sala, 2 quartos)",1269.13,Nordeste
27,Alagoas,Baixo,março,2025,CR.1-3Q,"Casa residencial (1 pav, 3 quartos)",1194.57,Nordeste
27,Alagoas,Baixo,março,2025,PR4-3QP,Prédio residencial (4 pavimentos),1221.29,Nordeste
27,Alagoas,Baixo,abril,2025,CP.1-2Q,"Casa popular (1 pav, varanda, sala, 2 quartos)",1270.26,Nordeste
27,Alagoas,Baixo,abril,2025,CR.1-3Q,"Casa residencial (1 pav, 3 quartos)",1194.87,Nordeste
27,Alagoas,Baixo,abril,2025,PR4-3QP,Prédio residencial (4 pavimentos),1224.05,Nordeste
27,Alagoas,Baixo,maio,2025,CP.1-2Q,"Casa popular (1 pav, varanda, sala, 2 quartos)",1271.12,Nordeste
27,Alagoas,Baixo,maio,2025,CR.1-3Q,"Casa residencial (1 pav, 3 quartos)",1195.81,Nordeste
27,Alagoas,Baixo,maio,2025,PR4-3QP,Prédio residencial (4 pavimentos),1221.59,Nordeste
27,Alagoas,Baixo,junho,2025,CP.1-2Q,"Casa popular (1 pav, varanda, sala, 2 quartos)",1272.58,Nordeste
27,Alagoas,Baixo,junho,2025,CR.1-3Q,"Casa residencial (1 pav, 3 quartos)",1196.89,Nordeste
27,Alagoas,Baixo,junho,2025,PR4-3QP,Prédio residencial (4 pavimentos),1215.51,Nordeste
27,Alagoas,Baixo,julho,2025,CP.1-2Q,"Casa popular (1 pav, varanda, sala, 2 quartos)",1312.29,Nordeste
27,Alagoas,Baixo,julho,2025,CR.1-3Q,"Casa residencial (1 pav, 3 quartos)",1233.41,Nordeste
27,Alagoas,Baixo,julho,2025,PR4-3QP,Prédio residencial (4 pavimentos),1249.49,Nordeste
27,Alagoas,Baixo,agosto,2025,CP.1-2Q,"Casa popular (1 pav, varanda, sala, 2 quartos)",1315.15,Nordeste
27,Alagoas,Baixo,agosto,2025,CR.1-3Q,"Casa residencial (1 pav, 3 quartos)",1236.61,Nordeste
27,Alagoas,Baixo,agosto,2025,PR4-3QP,Prédio residencial (4 pavimentos),1256.75,Nordeste
27,Alagoas,Baixo,setembro,2025,CP.1-2Q,"Casa popular (1 pav, varanda, sala, 2 quartos)",1313.1,Nordeste
27,Alagoas,Baixo,setembro,2025,CR.1-3Q,"Casa residencial (1 pav, 3 quartos)",1235.06,Nordeste
27,Alagoas,Baixo,setembro,2025,PR4-3QP,Prédio residencial (4 pavimentos),1255.62,Nordeste
27,Alagoas,Baixo,outubro,2025,CP.1-2Q,"Casa popular (1 pav, varanda, sala, 2 quartos)",1319.58,Nordeste
27,Alagoas,Baixo,outubro,2025,CR.1-3Q,"Casa residencial (1 pav, 3 quartos)",1240.94,Nordeste
27,Alagoas,Baixo,outubro,2025,PR4-3QP,Prédio residencial (4 pavimentos),1253.49,Nordeste
27,Alagoas,Baixo,novembro,2025,CP.1-2Q,"Casa popular (1 pav, varanda, sala, 2 quartos)",1316.83,Nordeste
27,Alagoas,Baixo,novembro,2025,CR.1-3Q,"Casa residencial (1 pav, 3 quartos)",1238.18,Nordeste
27,Alagoas,Baixo,novembro,2025,PR4-3QP,Prédio residencial (4 pavimentos),1256.86,Nordeste
27,Alagoas,Baixo,dezembro,2025,CP.1-2Q,"Casa popular (1 pav, varanda, sala, 2 quartos)",1322.5,Nordeste
27,Alagoas,Baixo,dezembro,2025,CR.1-3Q,"Casa residencial (1 pav, 3 quartos)",1243.82,Nordeste
27,Alagoas,Baixo,dezembro,2025,PR4-3QP,Prédio residencial (4 pavimentos),1255.9,Nordeste
27,Alagoas,Mínimo,janeiro,2025,CP.1-2Q,"Casa popular (1 pav, varanda, sala, 2 quartos)",1066.07,Nordeste
27,Alagoas,Mínimo,janeiro,2025,CB-MMO,Cesta básica construção,1000.27,Nordeste
27,Alagoas,Mínimo,fevereiro,2025,CP.1-2Q,"Casa popular (1 pav, varanda, sala, 2 quartos)",1075.63,Nordeste
27,Alagoas,Mínimo,fevereiro,2025,CB-MMO,Cesta básica construção,1010.94,Nordeste
27,Alagoas,Mínimo,março,2025,CP.1-2Q,"Casa popular (1 pav, varanda, sala, 2 quartos)",1088.03,Nordeste
27,Alagoas,Mínimo,março,2025,CB-MMO,Cesta básica construção,1022.87,Nordeste
27,Alagoas,Mínimo,abril,2025,CP.1-2Q,"Casa popular (1 pav, varanda, sala, 2 quartos)",1088.67,Nordeste
27,Alagoas,Mínimo,abril,2025,CB-MMO,Cesta básica construção,1024.94,Nordeste
27,Alagoas,Mínimo,maio,2025,CP.1-2Q,"Casa popular (1 pav, varanda, sala, 2 quartos)",1090.24,Nordeste
27,Alagoas,Mínimo,maio,2025,CB-MMO,Cesta básica construção,1024.16,Nordeste
27,Alagoas,Mínimo,junho,2025,CP.1-2Q,"Casa popular (1 pav, varanda, sala, 2 quartos)",1092.22,Nordeste
27,Alagoas,Mínimo,junho,2025,CB-MMO,Cesta básica construção,1026.41,Nordeste
27,Alagoas,Mínimo,julho,2025,CP.1-2Q,"Casa popular (1 pav, varanda, sala, 2 quartos)",1127.19,Nordeste
27,Alagoas,Mínimo,julho,2025,CB-MMO,Cesta básica construção,1058.33,Nordeste
27,Alagoas,Mínimo,agosto,2025,CP.1-2Q,"Casa popular (1 pav, varanda, sala, 2 quartos)",1129.47,Nordeste
27,Alagoas,Mínimo,agosto,2025,CB-MMO,Cesta básica construção,1059.14,Nordeste
27,Alagoas,Mínimo,setembro,2025,CP.1-2Q,"Casa popular (1 pav, varanda, sala, 2 quartos)",1127.88,Nordeste
27,Alagoas,Mínimo,setembro,2025,CB-MMO,Cesta básica construção,1057.51,Nordeste
27,Alagoas,Mínimo,outubro,2025,CP.1-2Q,"Casa popular (1 pav, varanda, sala, 2 quartos)",1135.44,Nordeste
27,Alagoas,Mínimo,outubro,2025,CB-MMO,Cesta básica construção,1064.22,Nordeste
27,Alagoas,Mínimo,novembro,2025,CP.1-2Q,"Casa popular (1 pav, varanda, sala, 2 quartos)",1133.24,Nordeste
27,Alagoas,Mínimo,novembro,2025,CB-MMO,Cesta básica construção,1061.74,Nordeste
27,Alagoas,Mínimo,dezembro,2025,CP.1-2Q,"Casa popular (1 pav, varanda, sala, 2 quartos)",1136.87,Nordeste
27,Alagoas,Mínimo,dezembro,2025,CB-MMO,Cesta básica construção,1066.18,Nordeste
28,Sergipe,Alto,janeiro,2025,CR.1-3Q,"Casa residencial (1 pav, 3 quartos)",1915.3,Nordeste
28,Sergipe,Alto,janeiro,2025,PR4-3QP,Prédio residencial (4 pavimentos),1768.38,Nordeste
28,Sergipe,Alto,janeiro,2025,PC.12-LA,Prédio comercial (12 pavimentos),1777.28,Nordeste
28,Sergipe,Alto,fevereiro,2025,CR.1-3Q,"Casa residencial (1 pav, 3 quartos)",1909.02,Nordeste
28,Sergipe,Alto,fevereiro,2025,PR4-3QP,Prédio residencial (4 pavimentos),1764.44,Nordeste
28,Sergipe,Alto,fevereiro,2025,PC.12-LA,Prédio comercial (12 pavimentos),1787.68,Nordeste
28,Sergipe,Alto,março,2025,CR.1-3Q,"Casa residencial (1 pav, 3 quartos)",1918.43,Nordeste
28,Sergipe,Alto,março,2025,PR4-3QP,Prédio residencial (4 pavimentos),1771.81,Nordeste
28,Sergipe,Alto,março,2025,PC.12-LA,Prédio comercial (12 pavimentos),1782.63,Nordeste
28,Sergipe,Alto,abril,2025,CR.1-3Q,"Casa residencial (1 pav, 3 quartos)",1930.02,Nordeste
28,Sergipe,Alto,abril,2025,PR4-3QP,Prédio residencial (4 pavimentos),1769.78,Nordeste
28,Sergipe,Alto,abril,2025,PC.12-LA,Prédio comercial (12 pavimentos),1789.94,Nordeste
28,Sergipe,Alto,maio,2025,CR.1-3Q,"Casa residencial (1 pav, 3 quartos)",1934.82,Nordeste
28,Sergipe,Alto,maio,2025,PR4-3QP,Prédio residencial (4 pavimentos),1771.38,Nordeste
28,Sergipe,Alto,maio,2025,PC.12-LA,Prédio comercial (12 pavimentos),1794.61,Nordeste
28,Sergipe,Alto,junho,2025,CR.1-3Q,"Casa residencial (1 pav, 3 quartos)",1948.55,Nordeste
28,Sergipe,Alto,junho,2025,PR4-3QP,Prédio residencial (4 pavimentos),1782.03,Nordeste
28,Sergipe,Alto,junho,2025,PC.12-LA,Prédio comercial (12 pavimentos),1807.03,Nordeste
28,Sergipe,Alto,julho,2025,CR.1-3Q,"Casa residencial (1 pav, 3 quartos)",1948.93,Nordeste
28,Sergipe,Alto,julho,2025,PR4-3QP,Prédio residencial (4 pavimentos),1780.69,Nordeste
28,Sergipe,Alto,julho,2025,PC.12-LA,Prédio comercial (12 pavimentos),1805.44,Nordeste
28,Sergipe,Alto,agosto,2025,CR.1-3Q,"Casa residencial (1 pav, 3 quartos)",1984.39,Nordeste
28,Sergipe,Alto,agosto,2025,PR4-3QP,Prédio residencial (4 pavimentos),1827.83,Nordeste
28,Sergipe,Alto,agosto,2025,PC.12-LA,Prédio comercial (12 pavimentos),1851.35,Nordeste
28,Sergipe,Alto,setembro,2025,CR.1-3Q,"Casa residencial (1 pav, 3 quartos)",2000.8,Nordeste
28,Sergipe,Alto,setembro,2025,PR4-3QP,Prédio residencial (4 pavimentos),1833.94,Nordeste
28,Sergipe,Alto,setembro,2025,PC.12-LA,Prédio comercial (12 pavimentos),1851.49,Nordeste
28,Sergipe,Alto,outubro,2025,CR.1-3Q,"Casa residencial (1 pav, 3 quartos)",2011.55,Nordeste
28,Sergipe,Alto,outubro,2025,PR4-3QP,Prédio residencial (4 pavimentos),1840.4,Nordeste
28,Sergipe,Alto,outubro,2025,PC.12-LA,Prédio comercial (12 pavimentos),1856.6,Nordeste
28,Sergipe,Alto,novembro,2025,CR.1-3Q,"Casa residencial (1 pav, 3 quartos)",2009.69,Nordeste
28,Sergipe,Alto,novembro,2025,PR4-3QP,Prédio residencial (4 pavimentos),1847.84,Nordeste
28,Sergipe,Alto,novembro,2025,PC.12-LA,Prédio comercial (12 pavimentos),1865.39,Nordeste
28,Sergipe,Alto,dezembro,2025,CR.1-3Q,"Casa residencial (1 pav, 3 quartos)",2019.87,Nordeste
28,Sergipe,Alto,dezembro,2025,PR4-3QP,Prédio residencial (4 pavimentos),1854.05,Nordeste
28,Sergipe,Alto,dezembro,2025,PC.12-LA,Prédio comercial (12 pavimentos),1871.73,Nordeste
28,Sergipe,Normal,janeiro,2025,CP.1-2Q,"Casa popular (1 pav, varanda, sala, 2 quartos)",1690.3,Nordeste
28,Sergipe,Normal,janeiro,2025,CR.1-3Q,"Casa residencial (1 pav, 3 quartos)",1608.59,Nordeste
28,Sergipe,Normal,janeiro,2025,PR4-3QP,Prédio residencial (4 pavimentos),1449.57,Nordeste
28,Sergipe,Normal,janeiro,2025,PC.12-LA,Prédio comercial (12 pavimentos),1442.26,Nordeste
28,Sergipe,Normal,fevereiro,2025,CP.1-2Q,"Casa popular (1 pav, varanda, sala, 2 quartos)",1688.4,Nordeste
28,Sergipe,Normal,fevereiro,2025,CR.1-3Q,"Casa residencial (1 pav, 3 quartos)",1606.55,Nordeste
28,Sergipe,Normal,fevereiro,2025,PR4-3QP,Prédio residencial (4 pavimentos),1449.49,Nordeste
28,Sergipe,Normal,fevereiro,2025,PC.12-LA,Prédio comercial (12 pavimentos),1446.66,Nordeste
28,Sergipe,Normal,março,2025,CP.1-2Q,"Casa popular (1 pav, varanda, sala, 2 quartos)",1692.13,Nordeste
28,Sergipe,Normal,março,2025,CR.1-3Q,"Casa residencial (1 pav, 3 quartos)",1610.23,Nordeste
28,Sergipe,Normal,março,2025,PR4-3QP,Prédio residencial (4 pavimentos),1453.48,Nordeste
28,Sergipe,Normal,março,2025,PC.12-LA,Prédio comercial (12 pavimentos),1446.83,Nordeste
28,Sergipe,Normal,abril,2025,CP.1-2Q,"Casa popular (1 pav, varanda, sala, 2 quartos)",1701.71,Nordeste
28,Sergipe,Normal,abril,2025,CR.1-3Q,"Casa residencial (1 pav, 3 quartos)",1617.1,Nordeste
28,Sergipe,Normal,abril,2025,PR4-3QP,Prédio residencial (4 pavimentos),1451.28,Nordeste
28,Sergipe,Normal,abril,2025,PC.12-LA,Prédio comercial (12 pavimentos),1450.55,Nordeste
28,Sergipe,Normal,maio,2025,CP.1-2Q,"Casa popular (1 pav, varanda, sala, 2 quartos)",1708.92,Nordeste
28,Sergipe,Normal,maio,2025,CR.1-3Q,"Casa residencial (1 pav, 3 quartos)",1623.51,Nordeste
28,Sergipe,Normal,maio,2025,PR4-3QP,Prédio residencial (4 pavimentos),1454.76,Nordeste
28,Sergipe,Normal,maio,2025,PC.12-LA,Prédio comercial (12 pavimentos),1455.22,Nordeste
28,Sergipe,Normal,junho,2025,CP.1-2Q,"Casa popular (1 pav, varanda, sala, 2 quartos)",1719.52,Nordeste
28,Sergipe,Normal,junho,2025,CR.1-3Q,"Casa residencial (1 pav, 3 quartos)",1633.77,Nordeste
28,Sergipe,Normal,junho,2025,PR4-3QP,Prédio residencial (4 pavimentos),1459.06,Nordeste
28,Sergipe,Normal,junho,2025,PC.12-LA,Prédio comercial (12 pavimentos),1455.66,Nordeste
28,Sergipe,Normal,julho,2025,CP.1-2Q,"Casa popular (1 pav, varanda, sala, 2 quartos)",1720.3,Nordeste
28,Sergipe,Normal,julho,2025,CR.1-3Q,"Casa residencial (1 pav, 3 quartos)",1634.24,Nordeste
28,Sergipe,Normal,julho,2025,PR4-3QP,Prédio residencial (4 pavimentos),1459.28,Nordeste
28,Sergipe,Normal,julho,2025,PC.12-LA,Prédio comercial (12 pavimentos),1455.15,Nordeste
28,Sergipe,Normal,agosto,2025,CP.1-2Q,"Casa popular (1 pav, varanda, sala, 2 quartos)",1752.6,Nordeste
28,Sergipe,Normal,agosto,2025,CR.1-3Q,"Casa residencial (1 pav, 3 quartos)",1663.85,Nordeste
28,Sergipe,Normal,agosto,2025,PR4-3QP,Prédio residencial (4 pavimentos),1494.35,Nordeste
28,Sergipe,Normal,agosto,2025,PC.12-LA,Prédio comercial (12 pavimentos),1485.36,Nordeste
28,Sergipe,Normal,setembro,2025,CP.1-2Q,"Casa popular (1 pav, varanda, sala, 2 quartos)",1765.33,Nordeste
28,Sergipe,Normal,setembro,2025,CR.1-3Q,"Casa residencial (1 pav, 3 quartos)",1675.56,Nordeste
28,Sergipe,Normal,setembro,2025,PR4-3QP,Prédio residencial (4 pavimentos),1496.89,Nordeste
28,Sergipe,Normal,setembro,2025,PC.12-LA,Prédio comercial (12 pavimentos),1485.46,Nordeste
28,Sergipe,Normal,outubro,2025,CP.1-2Q,"Casa popular (1 pav, varanda, sala, 2 quartos)",1772.76,Nordeste
28,Sergipe,Normal,outubro,2025,CR.1-3Q,"Casa residencial (1 pav, 3 quartos)",1683.58,Nordeste
28,Sergipe,Normal,outubro,2025,PR4-3QP,Prédio residencial (4 pavimentos),1501.45,Nordeste
28,Sergipe,Normal,outubro,2025,PC.12-LA,Prédio comercial (12 pavimentos),1489.97,Nordeste
28,Sergipe,Normal,novembro,2025,CP.1-2Q,"Casa popular (1 pav, varanda, sala, 2 quartos)",1770.07,Nordeste
28,Sergipe,Normal,novembro,2025,CR.1-3Q,"Casa residencial (1 pav, 3 quartos)",1681.28,Nordeste
28,Sergipe,Normal,novembro,2025,PR4-3QP,Prédio residencial (4 pavimentos),1506.54,Nordeste
28,Sergipe,Normal,novembro,2025,PC.12-LA,Prédio comercial (12 pavimentos),1496.66,Nordeste
28,Sergipe,Normal,dezembro,2025,CP.1-2Q,"Casa popular (1 pav, varanda, sala, 2 quartos)",1775.73,Nordeste
28,Sergipe,Normal,dezembro,2025,CR.1-3Q,"Casa residencial (1 pav, 3 quartos)",1687.82,Nordeste
28,Sergipe,Normal,dezembro,2025,PR4-3QP,Prédio residencial (4 pavimentos),1508.51,Nordeste
28,Sergipe,Normal,dezembro,2025,PC.12-LA,Prédio comercial (12 pavimentos),1499.15,Nordeste
28,Sergipe,Baixo,janeiro,2025,CP.1-2Q,"Casa popular (1 pav, varanda, sala, 2 quartos)",1217.79,Nordeste
28,Sergipe,Baixo,janeiro,2025,CR.1-3Q,"Casa residencial (1 pav, 3 quartos)",1151.76,Nordeste
28,Sergipe,Baixo,janeiro,2025,PR4-3QP,Prédio residencial (4 pavimentos),1168.17,Nordeste
28,Sergipe,Baixo,fevereiro,2025,CP.1-2Q,"Casa popular (1 pav, varanda, sala, 2 quartos)",1223.4,Nordeste
28,Sergipe,Baixo,fevereiro,2025,CR.1-3Q,"Casa residencial (1 pav, 3 quartos)",1157.0,Nordeste
28,Sergipe,Baixo,fevereiro,2025,PR4-3QP,Prédio residencial (4 pavimentos),1165.72,Nordeste
28,Sergipe,Baixo,março,2025,CP.1-2Q,"Casa popular (1 pav, varanda, sala, 2 quartos)",1221.99,Nordeste
28,Sergipe,Baixo,março,2025,CR.1-3Q,"Casa residencial (1 pav, 3 quartos)",1155.79,Nordeste
28,Sergipe,Baixo,março,2025,PR4-3QP,Prédio residencial (4 pavimentos),1167.31,Nordeste
28,Sergipe,Baixo,abril,2025,CP.1-2Q,"Casa popular (1 pav, varanda, sala, 2 quartos)",1226.0,Nordeste
28,Sergipe,Baixo,abril,2025,CR.1-3Q,"Casa residencial (1 pav, 3 quartos)",1158.71,Nordeste
28,Sergipe,Baixo,abril,2025,PR4-3QP,Prédio residencial (4 pavimentos),1165.89,Nordeste
28,Sergipe,Baixo,maio,2025,CP.1-2Q,"Casa popular (1 pav, varanda, sala, 2 quartos)",1232.03,Nordeste
28,Sergipe,Baixo,maio,2025,CR.1-3Q,"Casa residencial (1 pav, 3 quartos)",1164.38,Nordeste
28,Sergipe,Baixo,maio,2025,PR4-3QP,Prédio residencial (4 pavimentos),1169.63,Nordeste
28,Sergipe,Baixo,junho,2025,CP.1-2Q,"Casa popular (1 pav, varanda, sala, 2 quartos)",1238.86,Nordeste
28,Sergipe,Baixo,junho,2025,CR.1-3Q,"Casa residencial (1 pav, 3 quartos)",1170.88,Nordeste
28,Sergipe,Baixo,junho,2025,PR4-3QP,Prédio residencial (4 pavimentos),1170.1,Nordeste
28,Sergipe,Baixo,julho,2025,CP.1-2Q,"Casa popular (1 pav, varanda, sala, 2 quartos)",1238.04,Nordeste
28,Sergipe,Baixo,julho,2025,CR.1-3Q,"Casa residencial (1 pav, 3 quartos)",1170.09,Nordeste
28,Sergipe,Baixo,julho,2025,PR4-3QP,Prédio residencial (4 pavimentos),1170.43,Nordeste
28,Sergipe,Baixo,agosto,2025,CP.1-2Q,"Casa popular (1 pav, varanda, sala, 2 quartos)",1262.23,Nordeste
28,Sergipe,Baixo,agosto,2025,CR.1-3Q,"Casa residencial (1 pav, 3 quartos)",1192.15,Nordeste
28,Sergipe,Baixo,agosto,2025,PR4-3QP,Prédio residencial (4 pavimentos),1195.77,Nordeste
28,Sergipe,Baixo,setembro,2025,CP.1-2Q,"Casa popular (1 pav, varanda, sala, 2 quartos)",1266.37,Nordeste
28,Sergipe,Baixo,setembro,2025,CR.1-3Q,"Casa residencial (1 pav, 3 quartos)",1195.9,Nordeste
28,Sergipe,Baixo,setembro,2025,PR4-3QP,Prédio residencial (4 pavimentos),1197.22,Nordeste
28,Sergipe,Baixo,outubro,2025,CP.1-2Q,"Casa popular (1 pav, varanda, sala, 2 quartos)",1269.9,Nordeste
28,Sergipe,Baixo,outubro,2025,CR.1-3Q,"Casa residencial (1 pav, 3 quartos)",1200.05,Nordeste
28,Sergipe,Baixo,outubro,2025,PR4-3QP,Prédio residencial (4 pavimentos),1201.39,Nordeste
28,Sergipe,Baixo,novembro,2025,CP.1-2Q,"Casa popular (1 pav, varanda, sala, 2 quartos)",1270.28,Nordeste
28,Sergipe,Baixo,novembro,2025,CR.1-3Q,"Casa residencial (1 pav, 3 quartos)",1200.31,Nordeste
28,Sergipe,Baixo,novembro,2025,PR4-3QP,Prédio residencial (4 pavimentos),1206.72,Nordeste
28,Sergipe,Baixo,dezembro,2025,CP.1-2Q,"Casa popular (1 pav, varanda, sala, 2 quartos)",1269.08,Nordeste
28,Sergipe,Baixo,dezembro,2025,CR.1-3Q,"Casa residencial (1 pav, 3 quartos)",1200.3,Nordeste
28,Sergipe,Baixo,dezembro,2025,PR4-3QP,Prédio residencial (4 pavimentos),1209.1,Nordeste
28,Sergipe,Mínimo,janeiro,2025,CP.1-2Q,"Casa popular (1 pav, varanda, sala, 2 quartos)",1055.4,Nordeste
28,Sergipe,Mínimo,janeiro,2025,CB-MMO,Cesta básica construção,975.35,Nordeste
28,Sergipe,Mínimo,fevereiro,2025,CP.1-2Q,"Casa popular (1 pav, varanda, sala, 2 quartos)",1059.07,Nordeste
28,Sergipe,Mínimo,fevereiro,2025,CB-MMO,Cesta básica construção,976.41,Nordeste
28,Sergipe,Mínimo,março,2025,CP.1-2Q,"Casa popular (1 pav, varanda, sala, 2 quartos)",1057.9,Nordeste
28,Sergipe,Mínimo,março,2025,CB-MMO,Cesta básica construção,976.59,Nordeste
28,Sergipe,Mínimo,abril,2025,CP.1-2Q,"Casa popular (1 pav, varanda, sala, 2 quartos)",1060.84,Nordeste
28,Sergipe,Mínimo,abril,2025,CB-MMO,Cesta básica construção,978.32,Nordeste
28,Sergipe,Mínimo,maio,2025,CP.1-2Q,"Casa popular (1 pav, varanda, sala, 2 quartos)",1067.35,Nordeste
28,Sergipe,Mínimo,maio,2025,CB-MMO,Cesta básica construção,984.18,Nordeste
28,Sergipe,Mínimo,junho,2025,CP.1-2Q,"Casa popular (1 pav, varanda, sala, 2 quartos)",1069.65,Nordeste
28,Sergipe,Mínimo,junho,2025,CB-MMO,Cesta básica construção,985.7,Nordeste
28,Sergipe,Mínimo,julho,2025,CP.1-2Q,"Casa popular (1 pav, varanda, sala, 2 quartos)",1072.28,Nordeste
28,Sergipe,Mínimo,julho,2025,CB-MMO,Cesta básica construção,988.05,Nordeste
28,Sergipe,Mínimo,agosto,2025,CP.1-2Q,"Casa popular (1 pav, varanda, sala, 2 quartos)",1092.16,Nordeste
28,Sergipe,Mínimo,agosto,2025,CB-MMO,Cesta básica construção,1010.58,Nordeste
28,Sergipe,Mínimo,setembro,2025,CP.1-2Q,"Casa popular (1 pav, varanda, sala, 2 quartos)",1098.3,Nordeste
28,Sergipe,Mínimo,setembro,2025,CB-MMO,Cesta básica construção,1013.95,Nordeste
28,Sergipe,Mínimo,outubro,2025,CP.1-2Q,"Casa popular (1 pav, varanda, sala, 2 quartos)",1101.76,Nordeste
28,Sergipe,Mínimo,outubro,2025,CB-MMO,Cesta básica construção,1016.2,Nordeste
28,Sergipe,Mínimo,novembro,2025,CP.1-2Q,"Casa popular (1 pav, varanda, sala, 2 quartos)",1100.16,Nordeste
28,Sergipe,Mínimo,novembro,2025,CB-MMO,Cesta básica construção,1015.41,Nordeste
28,Sergipe,Mínimo,dezembro,2025,CP.1-2Q,"Casa popular (1 pav, varanda, sala, 2 quartos)",1101.14,Nordeste
28,Sergipe,Mínimo,dezembro,2025,CB-MMO,Cesta básica construção,1018.31,Nordeste
29,Bahia,Alto,janeiro,2025,CR.1-3Q,"Casa residencial (1 pav, 3 quartos)",2037.97,Nordeste
29,Bahia,Alto,janeiro,2025,PR4-3QP,Prédio residencial (4 pavimentos),1842.83,Nordeste
29,Bahia,Alto,janeiro,2025,PC.12-LA,Prédio comercial (12 pavimentos),1898.98,Nordeste
29,Bahia,Alto,fevereiro,2025,CR.1-3Q,"Casa residencial (1 pav, 3 quartos)",2034.26,Nordeste
29,Bahia,Alto,fevereiro,2025,PR4-3QP,Prédio residencial (4 pavimentos),1833.67,Nordeste
29,Bahia,Alto,fevereiro,2025,PC.12-LA,Prédio comercial (12 pavimentos),1891.06,Nordeste
29,Bahia,Alto,março,2025,CR.1-3Q,"Casa residencial (1 pav, 3 quartos)",2037.42,Nordeste
29,Bahia,Alto,março,2025,PR4-3QP,Prédio residencial (4 pavimentos),1834.06,Nordeste
29,Bahia,Alto,março,2025,PC.12-LA,Prédio comercial (12 pavimentos),1876.28,Nordeste
29,Bahia,Alto,abril,2025,CR.1-3Q,"Casa residencial (1 pav, 3 quartos)",2080.95,Nordeste
29,Bahia,Alto,abril,2025,PR4-3QP,Prédio residencial (4 pavimentos),1873.83,Nordeste
29,Bahia,Alto,abril,2025,PC.12-LA,Prédio comercial (12 pavimentos),1913.39,Nordeste
29,Bahia,Alto,maio,2025,CR.1-3Q,"Casa residencial (1 pav, 3 quartos)",2085.49,Nordeste
29,Bahia,Alto,maio,2025,PR4-3QP,Prédio residencial (4 pavimentos),1878.15,Nordeste
29,Bahia,Alto,maio,2025,PC.12-LA,Prédio comercial (12 pavimentos),1918.37,Nordeste
29,Bahia,Alto,junho,2025,CR.1-3Q,"Casa residencial (1 pav, 3 quartos)",2104.03,Nordeste
29,Bahia,Alto,junho,2025,PR4-3QP,Prédio residencial (4 pavimentos),1890.4,Nordeste
29,Bahia,Alto,junho,2025,PC.12-LA,Prédio comercial (12 pavimentos),1924.81,Nordeste
29,Bahia,Alto,julho,2025,CR.1-3Q,"Casa residencial (1 pav, 3 quartos)",2090.1,Nordeste
29,Bahia,Alto,julho,2025,PR4-3QP,Prédio residencial (4 pavimentos),1889.55,Nordeste
29,Bahia,Alto,julho,2025,PC.12-LA,Prédio comercial (12 pavimentos),1937.84,Nordeste
29,Bahia,Alto,agosto,2025,CR.1-3Q,"Casa residencial (1 pav, 3 quartos)",2097.91,Nordeste
29,Bahia,Alto,agosto,2025,PR4-3QP,Prédio residencial (4 pavimentos),1899.62,Nordeste
29,Bahia,Alto,agosto,2025,PC.12-LA,Prédio comercial (12 pavimentos),1944.38,Nordeste
29,Bahia,Alto,setembro,2025,CR.1-3Q,"Casa residencial (1 pav, 3 quartos)",2113.14,Nordeste
29,Bahia,Alto,setembro,2025,PR4-3QP,Prédio residencial (4 pavimentos),1913.71,Nordeste
29,Bahia,Alto,setembro,2025,PC.12-LA,Prédio comercial (12 pavimentos),1966.42,Nordeste
29,Bahia,Alto,outubro,2025,CR.1-3Q,"Casa residencial (1 pav, 3 quartos)",2105.71,Nordeste
29,Bahia,Alto,outubro,2025,PR4-3QP,Prédio residencial (4 pavimentos),1917.95,Nordeste
29,Bahia,Alto,outubro,2025,PC.12-LA,Prédio comercial (12 pavimentos),1973.32,Nordeste
29,Bahia,Alto,novembro,2025,CR.1-3Q,"Casa residencial (1 pav, 3 quartos)",2116.01,Nordeste
29,Bahia,Alto,novembro,2025,PR4-3QP,Prédio residencial (4 pavimentos),1912.46,Nordeste
29,Bahia,Alto,novembro,2025,PC.12-LA,Prédio comercial (12 pavimentos),1977.78,Nordeste
29,Bahia,Alto,dezembro,2025,CR.1-3Q,"Casa residencial (1 pav, 3 quartos)",2125.17,Nordeste
29,Bahia,Alto,dezembro,2025,PR4-3QP,Prédio residencial (4 pavimentos),1916.89,Nordeste
29,Bahia,Alto,dezembro,2025,PC.12-LA,Prédio comercial (12 pavimentos),1985.58,Nordeste
29,Bahia,Normal,janeiro,2025,CP.1-2Q,"Casa popular (1 pav, varanda, sala, 2 quartos)",1809.85,Nordeste
29,Bahia,Normal,janeiro,2025,CR.1-3Q,"Casa residencial (1 pav, 3 quartos)",1714.52,Nordeste
29,Bahia,Normal,janeiro,2025,PR4-3QP,Prédio residencial (4 pavimentos),1510.68,Nordeste
29,Bahia,Normal,janeiro,2025,PC.12-LA,Prédio comercial (12 pavimentos),1526.35,Nordeste
29,Bahia,Normal,fevereiro,2025,CP.1-2Q,"Casa popular (1 pav, varanda, sala, 2 quartos)",1818.67,Nordeste
29,Bahia,Normal,fevereiro,2025,CR.1-3Q,"Casa residencial (1 pav, 3 quartos)",1723.27,Nordeste
29,Bahia,Normal,fevereiro,2025,PR4-3QP,Prédio residencial (4 pavimentos),1511.87,Nordeste
29,Bahia,Normal,fevereiro,2025,PC.12-LA,Prédio comercial (12 pavimentos),1522.4,Nordeste
29,Bahia,Normal,março,2025,CP.1-2Q,"Casa popular (1 pav, varanda, sala, 2 quartos)",1820.25,Nordeste
29,Bahia,Normal,março,2025,CR.1-3Q,"Casa residencial (1 pav, 3 quartos)",1724.47,Nordeste
29,Bahia,Normal,março,2025,PR4-3QP,Prédio residencial (4 pavimentos),1511.59,Nordeste
29,Bahia,Normal,março,2025,PC.12-LA,Prédio comercial (12 pavimentos),1515.7,Nordeste
29,Bahia,Normal,abril,2025,CP.1-2Q,"Casa popular (1 pav, varanda, sala, 2 quartos)",1859.87,Nordeste
29,Bahia,Normal,abril,2025,CR.1-3Q,"Casa residencial (1 pav, 3 quartos)",1761.89,Nordeste
29,Bahia,Normal,abril,2025,PR4-3QP,Prédio residencial (4 pavimentos),1547.11,Nordeste
29,Bahia,Normal,abril,2025,PC.12-LA,Prédio comercial (12 pavimentos),1550.69,Nordeste
29,Bahia,Normal,maio,2025,CP.1-2Q,"Casa popular (1 pav, varanda, sala, 2 quartos)",1866.17,Nordeste
29,Bahia,Normal,maio,2025,CR.1-3Q,"Casa residencial (1 pav, 3 quartos)",1767.5,Nordeste
29,Bahia,Normal,maio,2025,PR4-3QP,Prédio residencial (4 pavimentos),1552.18,Nordeste
29,Bahia,Normal,maio,2025,PC.12-LA,Prédio comercial (12 pavimentos),1554.7,Nordeste
29,Bahia,Normal,junho,2025,CP.1-2Q,"Casa popular (1 pav, varanda, sala, 2 quartos)",1875.89,Nordeste
29,Bahia,Normal,junho,2025,CR.1-3Q,"Casa residencial (1 pav, 3 quartos)",1776.75,Nordeste
29,Bahia,Normal,junho,2025,PR4-3QP,Prédio residencial (4 pavimentos),1554.63,Nordeste
29,Bahia,Normal,junho,2025,PC.12-LA,Prédio comercial (12 pavimentos),1553.98,Nordeste
29,Bahia,Normal,julho,2025,CP.1-2Q,"Casa popular (1 pav, varanda, sala, 2 quartos)",1863.3,Nordeste
29,Bahia,Normal,julho,2025,CR.1-3Q,"Casa residencial (1 pav, 3 quartos)",1764.03,Nordeste
29,Bahia,Normal,julho,2025,PR4-3QP,Prédio residencial (4 pavimentos),1554.47,Nordeste
29,Bahia,Normal,julho,2025,PC.12-LA,Prédio comercial (12 pavimentos),1558.61,Nordeste
29,Bahia,Normal,agosto,2025,CP.1-2Q,"Casa popular (1 pav, varanda, sala, 2 quartos)",1871.44,Nordeste
29,Bahia,Normal,agosto,2025,CR.1-3Q,"Casa residencial (1 pav, 3 quartos)",1771.01,Nordeste
29,Bahia,Normal,agosto,2025,PR4-3QP,Prédio residencial (4 pavimentos),1561.09,Nordeste
29,Bahia,Normal,agosto,2025,PC.12-LA,Prédio comercial (12 pavimentos),1556.7,Nordeste
29,Bahia,Normal,setembro,2025,CP.1-2Q,"Casa popular (1 pav, varanda, sala, 2 quartos)",1882.6,Nordeste
29,Bahia,Normal,setembro,2025,CR.1-3Q,"Casa residencial (1 pav, 3 quartos)",1782.65,Nordeste
29,Bahia,Normal,setembro,2025,PR4-3QP,Prédio residencial (4 pavimentos),1571.55,Nordeste
29,Bahia,Normal,setembro,2025,PC.12-LA,Prédio comercial (12 pavimentos),1571.89,Nordeste
29,Bahia,Normal,outubro,2025,CP.1-2Q,"Casa popular (1 pav, varanda, sala, 2 quartos)",1870.42,Nordeste
29,Bahia,Normal,outubro,2025,CR.1-3Q,"Casa residencial (1 pav, 3 quartos)",1772.79,Nordeste
29,Bahia,Normal,outubro,2025,PR4-3QP,Prédio residencial (4 pavimentos),1574.07,Nordeste
29,Bahia,Normal,outubro,2025,PC.12-LA,Prédio comercial (12 pavimentos),1578.72,Nordeste
29,Bahia,Normal,novembro,2025,CP.1-2Q,"Casa popular (1 pav, varanda, sala, 2 quartos)",1881.19,Nordeste
29,Bahia,Normal,novembro,2025,CR.1-3Q,"Casa residencial (1 pav, 3 quartos)",1783.54,Nordeste
29,Bahia,Normal,novembro,2025,PR4-3QP,Prédio residencial (4 pavimentos),1572.7,Nordeste
29,Bahia,Normal,novembro,2025,PC.12-LA,Prédio comercial (12 pavimentos),1579.85,Nordeste
29,Bahia,Normal,dezembro,2025,CP.1-2Q,"Casa popular (1 pav, varanda, sala, 2 quartos)",1891.92,Nordeste
29,Bahia,Normal,dezembro,2025,CR.1-3Q,"Casa residencial (1 pav, 3 quartos)",1794.19,Nordeste
29,Bahia,Normal,dezembro,2025,PR4-3QP,Prédio residencial (4 pavimentos),1578.57,Nordeste
29,Bahia,Normal,dezembro,2025,PC.12-LA,Prédio comercial (12 pavimentos),1584.98,Nordeste
29,Bahia,Baixo,janeiro,2025,CP.1-2Q,"Casa popular (1 pav, varanda, sala, 2 quartos)",1291.87,Nordeste
29,Bahia,Baixo,janeiro,2025,CR.1-3Q,"Casa residencial (1 pav, 3 quartos)",1218.99,Nordeste
29,Bahia,Baixo,janeiro,2025,PR4-3QP,Prédio residencial (4 pavimentos),1224.27,Nordeste
29,Bahia,Baixo,fevereiro,2025,CP.1-2Q,"Casa popular (1 pav, varanda, sala, 2 quartos)",1298.02,Nordeste
29,Bahia,Baixo,fevereiro,2025,CR.1-3Q,"Casa residencial (1 pav, 3 quartos)",1224.98,Nordeste
29,Bahia,Baixo,fevereiro,2025,PR4-3QP,Prédio residencial (4 pavimentos),1223.95,Nordeste
29,Bahia,Baixo,março,2025,CP.1-2Q,"Casa popular (1 pav, varanda, sala, 2 quartos)",1298.98,Nordeste
29,Bahia,Baixo,março,2025,CR.1-3Q,"Casa residencial (1 pav, 3 quartos)",1225.62,Nordeste
29,Bahia,Baixo,março,2025,PR4-3QP,Prédio residencial (4 pavimentos),1223.43,Nordeste
29,Bahia,Baixo,abril,2025,CP.1-2Q,"Casa popular (1 pav, varanda, sala, 2 quartos)",1330.71,Nordeste
29,Bahia,Baixo,abril,2025,CR.1-3Q,"Casa residencial (1 pav, 3 quartos)",1255.05,Nordeste
29,Bahia,Baixo,abril,2025,PR4-3QP,Prédio residencial (4 pavimentos),1254.26,Nordeste
29,Bahia,Baixo,maio,2025,CP.1-2Q,"Casa popular (1 pav, varanda, sala, 2 quartos)",1332.63,Nordeste
29,Bahia,Baixo,maio,2025,CR.1-3Q,"Casa residencial (1 pav, 3 quartos)",1256.91,Nordeste
29,Bahia,Baixo,maio,2025,PR4-3QP,Prédio residencial (4 pavimentos),1258.74,Nordeste
29,Bahia,Baixo,junho,2025,CP.1-2Q,"Casa popular (1 pav, varanda, sala, 2 quartos)",1332.01,Nordeste
29,Bahia,Baixo,junho,2025,CR.1-3Q,"Casa residencial (1 pav, 3 quartos)",1256.67,Nordeste
29,Bahia,Baixo,junho,2025,PR4-3QP,Prédio residencial (4 pavimentos),1255.85,Nordeste
29,Bahia,Baixo,julho,2025,CP.1-2Q,"Casa popular (1 pav, varanda, sala, 2 quartos)",1327.24,Nordeste
29,Bahia,Baixo,julho,2025,CR.1-3Q,"Casa residencial (1 pav, 3 quartos)",1251.61,Nordeste
29,Bahia,Baixo,julho,2025,PR4-3QP,Prédio residencial (4 pavimentos),1255.09,Nordeste
29,Bahia,Baixo,agosto,2025,CP.1-2Q,"Casa popular (1 pav, varanda, sala, 2 quartos)",1328.33,Nordeste
29,Bahia,Baixo,agosto,2025,CR.1-3Q,"Casa residencial (1 pav, 3 quartos)",1252.65,Nordeste
29,Bahia,Baixo,agosto,2025,PR4-3QP,Prédio residencial (4 pavimentos),1256.63,Nordeste
29,Bahia,Baixo,setembro,2025,CP.1-2Q,"Casa popular (1 pav, varanda, sala, 2 quartos)",1339.38,Nordeste
29,Bahia,Baixo,setembro,2025,CR.1-3Q,"Casa residencial (1 pav, 3 quartos)",1263.33,Nordeste
29,Bahia,Baixo,setembro,2025,PR4-3QP,Prédio residencial (4 pavimentos),1266.31,Nordeste
29,Bahia,Baixo,outubro,2025,CP.1-2Q,"Casa popular (1 pav, varanda, sala, 2 quartos)",1337.3,Nordeste
29,Bahia,Baixo,outubro,2025,CR.1-3Q,"Casa residencial (1 pav, 3 quartos)",1262.47,Nordeste
29,Bahia,Baixo,outubro,2025,PR4-3QP,Prédio residencial (4 pavimentos),1270.37,Nordeste
29,Bahia,Baixo,novembro,2025,CP.1-2Q,"Casa popular (1 pav, varanda, sala, 2 quartos)",1342.62,Nordeste
29,Bahia,Baixo,novembro,2025,CR.1-3Q,"Casa residencial (1 pav, 3 quartos)",1267.59,Nordeste
29,Bahia,Baixo,novembro,2025,PR4-3QP,Prédio residencial (4 pavimentos),1268.49,Nordeste
29,Bahia,Baixo,dezembro,2025,CP.1-2Q,"Casa popular (1 pav, varanda, sala, 2 quartos)",1350.11,Nordeste
29,Bahia,Baixo,dezembro,2025,CR.1-3Q,"Casa residencial (1 pav, 3 quartos)",1274.62,Nordeste
29,Bahia,Baixo,dezembro,2025,PR4-3QP,Prédio residencial (4 pavimentos),1271.18,Nordeste
29,Bahia,Mínimo,janeiro,2025,CP.1-2Q,"Casa popular (1 pav, varanda, sala, 2 quartos)",1121.2,Nordeste
29,Bahia,Mínimo,janeiro,2025,CB-MMO,Cesta básica construção,1051.08,Nordeste
29,Bahia,Mínimo,fevereiro,2025,CP.1-2Q,"Casa popular (1 pav, varanda, sala, 2 quartos)",1124.74,Nordeste
29,Bahia,Mínimo,fevereiro,2025,CB-MMO,Cesta básica construção,1053.78,Nordeste
29,Bahia,Mínimo,março,2025,CP.1-2Q,"Casa popular (1 pav, varanda, sala, 2 quartos)",1124.84,Nordeste
29,Bahia,Mínimo,março,2025,CB-MMO,Cesta básica construção,1055.59,Nordeste
29,Bahia,Mínimo,abril,2025,CP.1-2Q,"Casa popular (1 pav, varanda, sala, 2 quartos)",1153.42,Nordeste
29,Bahia,Mínimo,abril,2025,CB-MMO,Cesta básica construção,1083.48,Nordeste
29,Bahia,Mínimo,maio,2025,CP.1-2Q,"Casa popular (1 pav, varanda, sala, 2 quartos)",1156.35,Nordeste
29,Bahia,Mínimo,maio,2025,CB-MMO,Cesta básica construção,1085.8,Nordeste
29,Bahia,Mínimo,junho,2025,CP.1-2Q,"Casa popular (1 pav, varanda, sala, 2 quartos)",1154.73,Nordeste
29,Bahia,Mínimo,junho,2025,CB-MMO,Cesta básica construção,1086.22,Nordeste
29,Bahia,Mínimo,julho,2025,CP.1-2Q,"Casa popular (1 pav, varanda, sala, 2 quartos)",1151.56,Nordeste
29,Bahia,Mínimo,julho,2025,CB-MMO,Cesta básica construção,1087.62,Nordeste
29,Bahia,Mínimo,agosto,2025,CP.1-2Q,"Casa popular (1 pav, varanda, sala, 2 quartos)",1154.42,Nordeste
29,Bahia,Mínimo,agosto,2025,CB-MMO,Cesta básica construção,1090.02,Nordeste
29,Bahia,Mínimo,setembro,2025,CP.1-2Q,"Casa popular (1 pav, varanda, sala, 2 quartos)",1162.24,Nordeste
29,Bahia,Mínimo,setembro,2025,CB-MMO,Cesta básica construção,1096.41,Nordeste
29,Bahia,Mínimo,outubro,2025,CP.1-2Q,"Casa popular (1 pav, varanda, sala, 2 quartos)",1162.55,Nordeste
29,Bahia,Mínimo,outubro,2025,CB-MMO,Cesta básica construção,1098.84,Nordeste
29,Bahia,Mínimo,novembro,2025,CP.1-2Q,"Casa popular (1 pav, varanda, sala, 2 quartos)",1168.24,Nordeste
29,Bahia,Mínimo,novembro,2025,CB-MMO,Cesta básica construção,1102.91,Nordeste
29,Bahia,Mínimo,dezembro,2025,CP.1-2Q,"Casa popular (1 pav, varanda, sala, 2 quartos)",1170.32,Nordeste
29,Bahia,Mínimo,dezembro,2025,CB-MMO,Cesta básica construção,1105.23,Nordeste
31,Minas Gerais,Alto,janeiro,2025,CR.1-3Q,"Casa residencial (1 pav, 3 quartos)",2223.73,Sudeste
31,Minas Gerais,Alto,janeiro,2025,PR4-3QP,Prédio residencial (4 pavimentos),1941.62,Sudeste
31,Minas Gerais,Alto,janeiro,2025,PC.12-LA,Prédio comercial (12 pavimentos),1924.73,Sudeste
31,Minas Gerais,Alto,fevereiro,2025,CR.1-3Q,"Casa residencial (1 pav, 3 quartos)",2221.6,Sudeste
31,Minas Gerais,Alto,fevereiro,2025,PR4-3QP,Prédio residencial (4 pavimentos),1932.35,Sudeste
31,Minas Gerais,Alto,fevereiro,2025,PC.12-LA,Prédio comercial (12 pavimentos),1929.51,Sudeste
31,Minas Gerais,Alto,março,2025,CR.1-3Q,"Casa residencial (1 pav, 3 quartos)",2225.84,Sudeste
31,Minas Gerais,Alto,março,2025,PR4-3QP,Prédio residencial (4 pavimentos),1938.25,Sudeste
31,Minas Gerais,Alto,março,2025,PC.12-LA,Prédio comercial (12 pavimentos),1938.34,Sudeste
31,Minas Gerais,Alto,abril,2025,CR.1-3Q,"Casa residencial (1 pav, 3 quartos)",2232.48,Sudeste
31,Minas Gerais,Alto,abril,2025,PR4-3QP,Prédio residencial (4 pavimentos),1945.34,Sudeste
31,Minas Gerais,Alto,abril,2025,PC.12-LA,Prédio comercial (12 pavimentos),1937.08,Sudeste
31,Minas Gerais,Alto,maio,2025,CR.1-3Q,"Casa residencial (1 pav, 3 quartos)",2245.38,Sudeste
31,Minas Gerais,Alto,maio,2025,PR4-3QP,Prédio residencial (4 pavimentos),1942.48,Sudeste
31,Minas Gerais,Alto,maio,2025,PC.12-LA,Prédio comercial (12 pavimentos),1931.77,Sudeste
31,Minas Gerais,Alto,junho,2025,CR.1-3Q,"Casa residencial (1 pav, 3 quartos)",2260.22,Sudeste
31,Minas Gerais,Alto,junho,2025,PR4-3QP,Prédio residencial (4 pavimentos),1951.65,Sudeste
31,Minas Gerais,Alto,junho,2025,PC.12-LA,Prédio comercial (12 pavimentos),1940.46,Sudeste
31,Minas Gerais,Alto,julho,2025,CR.1-3Q,"Casa residencial (1 pav, 3 quartos)",2267.28,Sudeste
31,Minas Gerais,Alto,julho,2025,PR4-3QP,Prédio residencial (4 pavimentos),1947.13,Sudeste
31,Minas Gerais,Alto,julho,2025,PC.12-LA,Prédio comercial (12 pavimentos),1929.34,Sudeste
31,Minas Gerais,Alto,agosto,2025,CR.1-3Q,"Casa residencial (1 pav, 3 quartos)",2263.26,Sudeste
31,Minas Gerais,Alto,agosto,2025,PR4-3QP,Prédio residencial (4 pavimentos),1953.63,Sudeste
31,Minas Gerais,Alto,agosto,2025,PC.12-LA,Prédio comercial (12 pavimentos),1937.82,Sudeste
31,Minas Gerais,Alto,setembro,2025,CR.1-3Q,"Casa residencial (1 pav, 3 quartos)",2283.86,Sudeste
31,Minas Gerais,Alto,setembro,2025,PR4-3QP,Prédio residencial (4 pavimentos),1968.6,Sudeste
31,Minas Gerais,Alto,setembro,2025,PC.12-LA,Prédio comercial (12 pavimentos),1952.47,Sudeste
31,Minas Gerais,Alto,outubro,2025,CR.1-3Q,"Casa residencial (1 pav, 3 quartos)",2288.7,Sudeste
31,Minas Gerais,Alto,outubro,2025,PR4-3QP,Prédio residencial (4 pavimentos),1972.64,Sudeste
31,Minas Gerais,Alto,outubro,2025,PC.12-LA,Prédio comercial (12 pavimentos),1955.79,Sudeste
31,Minas Gerais,Alto,novembro,2025,CR.1-3Q,"Casa residencial (1 pav, 3 quartos)",2292.41,Sudeste
31,Minas Gerais,Alto,novembro,2025,PR4-3QP,Prédio residencial (4 pavimentos),1975.56,Sudeste
31,Minas Gerais,Alto,novembro,2025,PC.12-LA,Prédio comercial (12 pavimentos),1957.94,Sudeste
31,Minas Gerais,Alto,dezembro,2025,CR.1-3Q,"Casa residencial (1 pav, 3 quartos)",2370.78,Sudeste
31,Minas Gerais,Alto,dezembro,2025,PR4-3QP,Prédio residencial (4 pavimentos),2036.16,Sudeste
31,Minas Gerais,Alto,dezembro,2025,PC.12-LA,Prédio comercial (12 pavimentos),2014.32,Sudeste
31,Minas Gerais,Normal,janeiro,2025,CP.1-2Q,"Casa popular (1 pav, varanda, sala, 2 quartos)",1977.97,Sudeste
31,Minas Gerais,Normal,janeiro,2025,CR.1-3Q,"Casa residencial (1 pav, 3 quartos)",1863.91,Sudeste
31,Minas Gerais,Normal,janeiro,2025,PR4-3QP,Prédio residencial (4 pavimentos),1558.64,Sudeste
31,Minas Gerais,Normal,janeiro,2025,PC.12-LA,Prédio comercial (12 pavimentos),1553.27,Sudeste
31,Minas Gerais,Normal,fevereiro,2025,CP.1-2Q,"Casa popular (1 pav, varanda, sala, 2 quartos)",1979.89,Sudeste
31,Minas Gerais,Normal,fevereiro,2025,CR.1-3Q,"Casa residencial (1 pav, 3 quartos)",1865.13,Sudeste
31,Minas Gerais,Normal,fevereiro,2025,PR4-3QP,Prédio residencial (4 pavimentos),1559.62,Sudeste
31,Minas Gerais,Normal,fevereiro,2025,PC.12-LA,Prédio comercial (12 pavimentos),1557.08,Sudeste
31,Minas Gerais,Normal,março,2025,CP.1-2Q,"Casa popular (1 pav, varanda, sala, 2 quartos)",1982.99,Sudeste
31,Minas Gerais,Normal,março,2025,CR.1-3Q,"Casa residencial (1 pav, 3 quartos)",1868.63,Sudeste
31,Minas Gerais,Normal,março,2025,PR4-3QP,Prédio residencial (4 pavimentos),1564.67,Sudeste
31,Minas Gerais,Normal,março,2025,PC.12-LA,Prédio comercial (12 pavimentos),1564.96,Sudeste
31,Minas Gerais,Normal,abril,2025,CP.1-2Q,"Casa popular (1 pav, varanda, sala, 2 quartos)",1997.13,Sudeste
31,Minas Gerais,Normal,abril,2025,CR.1-3Q,"Casa residencial (1 pav, 3 quartos)",1882.21,Sudeste
31,Minas Gerais,Normal,abril,2025,PR4-3QP,Prédio residencial (4 pavimentos),1567.77,Sudeste
31,Minas Gerais,Normal,abril,2025,PC.12-LA,Prédio comercial (12 pavimentos),1562.9,Sudeste
31,Minas Gerais,Normal,maio,2025,CP.1-2Q,"Casa popular (1 pav, varanda, sala, 2 quartos)",2004.57,Sudeste
31,Minas Gerais,Normal,maio,2025,CR.1-3Q,"Casa residencial (1 pav, 3 quartos)",1888.96,Sudeste
31,Minas Gerais,Normal,maio,2025,PR4-3QP,Prédio residencial (4 pavimentos),1566.03,Sudeste
31,Minas Gerais,Normal,maio,2025,PC.12-LA,Prédio comercial (12 pavimentos),1557.73,Sudeste
31,Minas Gerais,Normal,junho,2025,CP.1-2Q,"Casa popular (1 pav, varanda, sala, 2 quartos)",2010.42,Sudeste
31,Minas Gerais,Normal,junho,2025,CR.1-3Q,"Casa residencial (1 pav, 3 quartos)",1895.13,Sudeste
31,Minas Gerais,Normal,junho,2025,PR4-3QP,Prédio residencial (4 pavimentos),1576.89,Sudeste
31,Minas Gerais,Normal,junho,2025,PC.12-LA,Prédio comercial (12 pavimentos),1564.41,Sudeste
31,Minas Gerais,Normal,julho,2025,CP.1-2Q,"Casa popular (1 pav, varanda, sala, 2 quartos)",2017.76,Sudeste
31,Minas Gerais,Normal,julho,2025,CR.1-3Q,"Casa residencial (1 pav, 3 quartos)",1902.12,Sudeste
31,Minas Gerais,Normal,julho,2025,PR4-3QP,Prédio residencial (4 pavimentos),1578.7,Sudeste
31,Minas Gerais,Normal,julho,2025,PC.12-LA,Prédio comercial (12 pavimentos),1564.27,Sudeste
31,Minas Gerais,Normal,agosto,2025,CP.1-2Q,"Casa popular (1 pav, varanda, sala, 2 quartos)",2022.89,Sudeste
31,Minas Gerais,Normal,agosto,2025,CR.1-3Q,"Casa residencial (1 pav, 3 quartos)",1907.07,Sudeste
31,Minas Gerais,Normal,agosto,2025,PR4-3QP,Prédio residencial (4 pavimentos),1583.47,Sudeste
31,Minas Gerais,Normal,agosto,2025,PC.12-LA,Prédio comercial (12 pavimentos),1564.13,Sudeste
31,Minas Gerais,Normal,setembro,2025,CP.1-2Q,"Casa popular (1 pav, varanda, sala, 2 quartos)",2029.85,Sudeste
31,Minas Gerais,Normal,setembro,2025,CR.1-3Q,"Casa residencial (1 pav, 3 quartos)",1912.86,Sudeste
31,Minas Gerais,Normal,setembro,2025,PR4-3QP,Prédio residencial (4 pavimentos),1588.32,Sudeste
31,Minas Gerais,Normal,setembro,2025,PC.12-LA,Prédio comercial (12 pavimentos),1570.23,Sudeste
31,Minas Gerais,Normal,outubro,2025,CP.1-2Q,"Casa popular (1 pav, varanda, sala, 2 quartos)",2038.47,Sudeste
31,Minas Gerais,Normal,outubro,2025,CR.1-3Q,"Casa residencial (1 pav, 3 quartos)",1921.27,Sudeste
31,Minas Gerais,Normal,outubro,2025,PR4-3QP,Prédio residencial (4 pavimentos),1590.58,Sudeste
31,Minas Gerais,Normal,outubro,2025,PC.12-LA,Prédio comercial (12 pavimentos),1573.4,Sudeste
31,Minas Gerais,Normal,novembro,2025,CP.1-2Q,"Casa popular (1 pav, varanda, sala, 2 quartos)",2041.07,Sudeste
31,Minas Gerais,Normal,novembro,2025,CR.1-3Q,"Casa residencial (1 pav, 3 quartos)",1923.27,Sudeste
31,Minas Gerais,Normal,novembro,2025,PR4-3QP,Prédio residencial (4 pavimentos),1591.08,Sudeste
31,Minas Gerais,Normal,novembro,2025,PC.12-LA,Prédio comercial (12 pavimentos),1573.52,Sudeste
31,Minas Gerais,Normal,dezembro,2025,CP.1-2Q,"Casa popular (1 pav, varanda, sala, 2 quartos)",2109.43,Sudeste
31,Minas Gerais,Normal,dezembro,2025,CR.1-3Q,"Casa residencial (1 pav, 3 quartos)",1988.75,Sudeste
31,Minas Gerais,Normal,dezembro,2025,PR4-3QP,Prédio residencial (4 pavimentos),1644.28,Sudeste
31,Minas Gerais,Normal,dezembro,2025,PC.12-LA,Prédio comercial (12 pavimentos),1623.94,Sudeste
31,Minas Gerais,Baixo,janeiro,2025,CP.1-2Q,"Casa popular (1 pav, varanda, sala, 2 quartos)",1351.45,Sudeste
31,Minas Gerais,Baixo,janeiro,2025,CR.1-3Q,"Casa residencial (1 pav, 3 quartos)",1273.05,Sudeste
31,Minas Gerais,Baixo,janeiro,2025,PR4-3QP,Prédio residencial (4 pavimentos),1261.5,Sudeste
31,Minas Gerais,Baixo,fevereiro,2025,CP.1-2Q,"Casa popular (1 pav, varanda, sala, 2 quartos)",1349.8,Sudeste
31,Minas Gerais,Baixo,fevereiro,2025,CR.1-3Q,"Casa residencial (1 pav, 3 quartos)",1271.27,Sudeste
31,Minas Gerais,Baixo,fevereiro,2025,PR4-3QP,Prédio residencial (4 pavimentos),1262.09,Sudeste
31,Minas Gerais,Baixo,março,2025,CP.1-2Q,"Casa popular (1 pav, varanda, sala, 2 quartos)",1354.51,Sudeste
31,Minas Gerais,Baixo,março,2025,CR.1-3Q,"Casa residencial (1 pav, 3 quartos)",1276.11,Sudeste
31,Minas Gerais,Baixo,março,2025,PR4-3QP,Prédio residencial (4 pavimentos),1267.5,Sudeste
31,Minas Gerais,Baixo,abril,2025,CP.1-2Q,"Casa popular (1 pav, varanda, sala, 2 quartos)",1360.42,Sudeste
31,Minas Gerais,Baixo,abril,2025,CR.1-3Q,"Casa residencial (1 pav, 3 quartos)",1281.51,Sudeste
31,Minas Gerais,Baixo,abril,2025,PR4-3QP,Prédio residencial (4 pavimentos),1267.22,Sudeste
31,Minas Gerais,Baixo,maio,2025,CP.1-2Q,"Casa popular (1 pav, varanda, sala, 2 quartos)",1363.7,Sudeste
31,Minas Gerais,Baixo,maio,2025,CR.1-3Q,"Casa residencial (1 pav, 3 quartos)",1284.48,Sudeste
31,Minas Gerais,Baixo,maio,2025,PR4-3QP,Prédio residencial (4 pavimentos),1263.15,Sudeste
31,Minas Gerais,Baixo,junho,2025,CP.1-2Q,"Casa popular (1 pav, varanda, sala, 2 quartos)",1367.77,Sudeste
31,Minas Gerais,Baixo,junho,2025,CR.1-3Q,"Casa residencial (1 pav, 3 quartos)",1288.41,Sudeste
31,Minas Gerais,Baixo,junho,2025,PR4-3QP,Prédio residencial (4 pavimentos),1269.16,Sudeste
31,Minas Gerais,Baixo,julho,2025,CP.1-2Q,"Casa popular (1 pav, varanda, sala, 2 quartos)",1372.75,Sudeste
31,Minas Gerais,Baixo,julho,2025,CR.1-3Q,"Casa residencial (1 pav, 3 quartos)",1293.06,Sudeste
31,Minas Gerais,Baixo,julho,2025,PR4-3QP,Prédio residencial (4 pavimentos),1269.68,Sudeste
31,Minas Gerais,Baixo,agosto,2025,CP.1-2Q,"Casa popular (1 pav, varanda, sala, 2 quartos)",1375.49,Sudeste
31,Minas Gerais,Baixo,agosto,2025,CR.1-3Q,"Casa residencial (1 pav, 3 quartos)",1295.64,Sudeste
31,Minas Gerais,Baixo,agosto,2025,PR4-3QP,Prédio residencial (4 pavimentos),1269.75,Sudeste
31,Minas Gerais,Baixo,setembro,2025,CP.1-2Q,"Casa popular (1 pav, varanda, sala, 2 quartos)",1376.37,Sudeste
31,Minas Gerais,Baixo,setembro,2025,CR.1-3Q,"Casa residencial (1 pav, 3 quartos)",1296.01,Sudeste
31,Minas Gerais,Baixo,setembro,2025,PR4-3QP,Prédio residencial (4 pavimentos),1273.1,Sudeste
31,Minas Gerais,Baixo,outubro,2025,CP.1-2Q,"Casa popular (1 pav, varanda, sala, 2 quartos)",1377.51,Sudeste
31,Minas Gerais,Baixo,outubro,2025,CR.1-3Q,"Casa residencial (1 pav, 3 quartos)",1297.39,Sudeste
31,Minas Gerais,Baixo,outubro,2025,PR4-3QP,Prédio residencial (4 pavimentos),1275.12,Sudeste
31,Minas Gerais,Baixo,novembro,2025,CP.1-2Q,"Casa popular (1 pav, varanda, sala, 2 quartos)",1379.86,Sudeste
31,Minas Gerais,Baixo,novembro,2025,CR.1-3Q,"Casa residencial (1 pav, 3 quartos)",1299.4,Sudeste
31,Minas Gerais,Baixo,novembro,2025,PR4-3QP,Prédio residencial (4 pavimentos),1276.12,Sudeste
31,Minas Gerais,Baixo,dezembro,2025,CP.1-2Q,"Casa popular (1 pav, varanda, sala, 2 quartos)",1434.17,Sudeste
31,Minas Gerais,Baixo,dezembro,2025,CR.1-3Q,"Casa residencial (1 pav, 3 quartos)",1350.92,Sudeste
31,Minas Gerais,Baixo,dezembro,2025,PR4-3QP,Prédio residencial (4 pavimentos),1320.86,Sudeste
31,Minas Gerais,Mínimo,janeiro,2025,CP.1-2Q,"Casa popular (1 pav, varanda, sala, 2 quartos)",1170.38,Sudeste
31,Minas Gerais,Mínimo,janeiro,2025,CB-MMO,Cesta básica construção,1076.39,Sudeste
31,Minas Gerais,Mínimo,fevereiro,2025,CP.1-2Q,"Casa popular (1 pav, varanda, sala, 2 quartos)",1167.91,Sudeste
31,Minas Gerais,Mínimo,fevereiro,2025,CB-MMO,Cesta básica construção,1072.9,Sudeste
31,Minas Gerais,Mínimo,março,2025,CP.1-2Q,"Casa popular (1 pav, varanda, sala, 2 quartos)",1171.16,Sudeste
31,Minas Gerais,Mínimo,março,2025,CB-MMO,Cesta básica construção,1075.11,Sudeste
31,Minas Gerais,Mínimo,abril,2025,CP.1-2Q,"Casa popular (1 pav, varanda, sala, 2 quartos)",1178.82,Sudeste
31,Minas Gerais,Mínimo,abril,2025,CB-MMO,Cesta básica construção,1081.04,Sudeste
31,Minas Gerais,Mínimo,maio,2025,CP.1-2Q,"Casa popular (1 pav, varanda, sala, 2 quartos)",1180.92,Sudeste
31,Minas Gerais,Mínimo,maio,2025,CB-MMO,Cesta básica construção,1081.39,Sudeste
31,Minas Gerais,Mínimo,junho,2025,CP.1-2Q,"Casa popular (1 pav, varanda, sala, 2 quartos)",1184.46,Sudeste
31,Minas Gerais,Mínimo,junho,2025,CB-MMO,Cesta básica construção,1083.93,Sudeste
31,Minas Gerais,Mínimo,julho,2025,CP.1-2Q,"Casa popular (1 pav, varanda, sala, 2 quartos)",1189.64,Sudeste
31,Minas Gerais,Mínimo,julho,2025,CB-MMO,Cesta básica construção,1090.4,Sudeste
31,Minas Gerais,Mínimo,agosto,2025,CP.1-2Q,"Casa popular (1 pav, varanda, sala, 2 quartos)",1193.37,Sudeste
31,Minas Gerais,Mínimo,agosto,2025,CB-MMO,Cesta básica construção,1096.98,Sudeste
31,Minas Gerais,Mínimo,setembro,2025,CP.1-2Q,"Casa popular (1 pav, varanda, sala, 2 quartos)",1192.09,Sudeste
31,Minas Gerais,Mínimo,setembro,2025,CB-MMO,Cesta básica construção,1095.61,Sudeste
31,Minas Gerais,Mínimo,outubro,2025,CP.1-2Q,"Casa popular (1 pav, varanda, sala, 2 quartos)",1193.11,Sudeste
31,Minas Gerais,Mínimo,outubro,2025,CB-MMO,Cesta básica construção,1096.13,Sudeste
31,Minas Gerais,Mínimo,novembro,2025,CP.1-2Q,"Casa popular (1 pav, varanda, sala, 2 quartos)",1194.71,Sudeste
31,Minas Gerais,Mínimo,novembro,2025,CB-MMO,Cesta básica construção,1097.31,Sudeste
31,Minas Gerais,Mínimo,dezembro,2025,CP.1-2Q,"Casa popular (1 pav, varanda, sala, 2 quartos)",1244.19,Sudeste
31,Minas Gerais,Mínimo,dezembro,2025,CB-MMO,Cesta básica construção,1149.03,Sudeste
32,Espírito Santo,Alto,janeiro,2025,CR.1-3Q,"Casa residencial (1 pav, 3 quartos)",2047.23,Sudeste
32,Espírito Santo,Alto,janeiro,2025,PR4-3QP,Prédio residencial (4 pavimentos),1877.55,Sudeste
32,Espírito Santo,Alto,janeiro,2025,PC.12-LA,Prédio comercial (12 pavimentos),1926.45,Sudeste
32,Espírito Santo,Alto,fevereiro,2025,CR.1-3Q,"Casa residencial (1 pav, 3 quartos)",2035.07,Sudeste
32,Espírito Santo,Alto,fevereiro,2025,PR4-3QP,Prédio residencial (4 pavimentos),1870.03,Sudeste
32,Espírito Santo,Alto,fevereiro,2025,PC.12-LA,Prédio comercial (12 pavimentos),1930.96,Sudeste
32,Espírito Santo,Alto,março,2025,CR.1-3Q,"Casa residencial (1 pav, 3 quartos)",2038.22,Sudeste
32,Espírito Santo,Alto,março,2025,PR4-3QP,Prédio residencial (4 pavimentos),1870.7,Sudeste
32,Espírito Santo,Alto,março,2025,PC.12-LA,Prédio comercial (12 pavimentos),1926.29,Sudeste
32,Espírito Santo,Alto,abril,2025,CR.1-3Q,"Casa residencial (1 pav, 3 quartos)",2057.13,Sudeste
32,Espírito Santo,Alto,abril,2025,PR4-3QP,Prédio residencial (4 pavimentos),1885.07,Sudeste
32,Espírito Santo,Alto,abril,2025,PC.12-LA,Prédio comercial (12 pavimentos),1932.71,Sudeste
32,Espírito Santo,Alto,maio,2025,CR.1-3Q,"Casa residencial (1 pav, 3 quartos)",2059.45,Sudeste
32,Espírito Santo,Alto,maio,2025,PR4-3QP,Prédio residencial (4 pavimentos),1883.45,Sudeste
32,Espírito Santo,Alto,maio,2025,PC.12-LA,Prédio comercial (12 pavimentos),1941.84,Sudeste
32,Espírito Santo,Alto,junho,2025,CR.1-3Q,"Casa residencial (1 pav, 3 quartos)",2120.25,Sudeste
32,Espírito Santo,Alto,junho,2025,PR4-3QP,Prédio residencial (4 pavimentos),1942.22,Sudeste
32,Espírito Santo,Alto,junho,2025,PC.12-LA,Prédio comercial (12 pavimentos),1997.49,Sudeste
32,Espírito Santo,Alto,julho,2025,CR.1-3Q,"Casa residencial (1 pav, 3 quartos)",2123.94,Sudeste
32,Espírito Santo,Alto,julho,2025,PR4-3QP,Prédio residencial (4 pavimentos),1943.48,Sudeste
32,Espírito Santo,Alto,julho,2025,PC.12-LA,Prédio comercial (12 pavimentos),1997.62,Sudeste
32,Espírito Santo,Alto,agosto,2025,CR.1-3Q,"Casa residencial (1 pav, 3 quartos)",2133.13,Sudeste
32,Espírito Santo,Alto,agosto,2025,PR4-3QP,Prédio residencial (4 pavimentos),1955.65,Sudeste
32,Espírito Santo,Alto,agosto,2025,PC.12-LA,Prédio comercial (12 pavimentos),2009.69,Sudeste
32,Espírito Santo,Alto,setembro,2025,CR.1-3Q,"Casa residencial (1 pav, 3 quartos)",2148.82,Sudeste
32,Espírito Santo,Alto,setembro,2025,PR4-3QP,Prédio residencial (4 pavimentos),1963.21,Sudeste
32,Espírito Santo,Alto,setembro,2025,PC.12-LA,Prédio comercial (12 pavimentos),2016.94,Sudeste
32,Espírito Santo,Alto,outubro,2025,CR.1-3Q,"Casa residencial (1 pav, 3 quartos)",2166.03,Sudeste
32,Espírito Santo,Alto,outubro,2025,PR4-3QP,Prédio residencial (4 pavimentos),1971.33,Sudeste
32,Espírito Santo,Alto,outubro,2025,PC.12-LA,Prédio comercial (12 pavimentos),2021.84,Sudeste
32,Espírito Santo,Alto,novembro,2025,CR.1-3Q,"Casa residencial (1 pav, 3 quartos)",2172.37,Sudeste
32,Espírito Santo,Alto,novembro,2025,PR4-3QP,Prédio residencial (4 pavimentos),1975.2,Sudeste
32,Espírito Santo,Alto,novembro,2025,PC.12-LA,Prédio comercial (12 pavimentos),2023.15,Sudeste
32,Espírito Santo,Alto,dezembro,2025,CR.1-3Q,"Casa residencial (1 pav, 3 quartos)",2176.44,Sudeste
32,Espírito Santo,Alto,dezembro,2025,PR4-3QP,Prédio residencial (4 pavimentos),1979.81,Sudeste
32,Espírito Santo,Alto,dezembro,2025,PC.12-LA,Prédio comercial (12 pavimentos),2022.43,Sudeste
32,Espírito Santo,Normal,janeiro,2025,CP.1-2Q,"Casa popular (1 pav, varanda, sala, 2 quartos)",1800.9,Sudeste
32,Espírito Santo,Normal,janeiro,2025,CR.1-3Q,"Casa residencial (1 pav, 3 quartos)",1700.1,Sudeste
32,Espírito Santo,Normal,janeiro,2025,PR4-3QP,Prédio residencial (4 pavimentos),1533.73,Sudeste
32,Espírito Santo,Normal,janeiro,2025,PC.12-LA,Prédio comercial (12 pavimentos),1566.35,Sudeste
32,Espírito Santo,Normal,fevereiro,2025,CP.1-2Q,"Casa popular (1 pav, varanda, sala, 2 quartos)",1801.61,Sudeste
32,Espírito Santo,Normal,fevereiro,2025,CR.1-3Q,"Casa residencial (1 pav, 3 quartos)",1700.32,Sudeste
32,Espírito Santo,Normal,fevereiro,2025,PR4-3QP,Prédio residencial (4 pavimentos),1536.03,Sudeste
32,Espírito Santo,Normal,fevereiro,2025,PC.12-LA,Prédio comercial (12 pavimentos),1570.44,Sudeste
32,Espírito Santo,Normal,março,2025,CP.1-2Q,"Casa popular (1 pav, varanda, sala, 2 quartos)",1801.81,Sudeste
32,Espírito Santo,Normal,março,2025,CR.1-3Q,"Casa residencial (1 pav, 3 quartos)",1701.87,Sudeste
32,Espírito Santo,Normal,março,2025,PR4-3QP,Prédio residencial (4 pavimentos),1535.64,Sudeste
32,Espírito Santo,Normal,março,2025,PC.12-LA,Prédio comercial (12 pavimentos),1565.41,Sudeste
32,Espírito Santo,Normal,abril,2025,CP.1-2Q,"Casa popular (1 pav, varanda, sala, 2 quartos)",1810.09,Sudeste
32,Espírito Santo,Normal,abril,2025,CR.1-3Q,"Casa residencial (1 pav, 3 quartos)",1709.48,Sudeste
32,Espírito Santo,Normal,abril,2025,PR4-3QP,Prédio residencial (4 pavimentos),1541.47,Sudeste
32,Espírito Santo,Normal,abril,2025,PC.12-LA,Prédio comercial (12 pavimentos),1571.23,Sudeste
32,Espírito Santo,Normal,maio,2025,CP.1-2Q,"Casa popular (1 pav, varanda, sala, 2 quartos)",1821.12,Sudeste
32,Espírito Santo,Normal,maio,2025,CR.1-3Q,"Casa residencial (1 pav, 3 quartos)",1719.97,Sudeste
32,Espírito Santo,Normal,maio,2025,PR4-3QP,Prédio residencial (4 pavimentos),1544.73,Sudeste
32,Espírito Santo,Normal,maio,2025,PC.12-LA,Prédio comercial (12 pavimentos),1575.3,Sudeste
32,Espírito Santo,Normal,junho,2025,CP.1-2Q,"Casa popular (1 pav, varanda, sala, 2 quartos)",1872.46,Sudeste
32,Espírito Santo,Normal,junho,2025,CR.1-3Q,"Casa residencial (1 pav, 3 quartos)",1768.5,Sudeste
32,Espírito Santo,Normal,junho,2025,PR4-3QP,Prédio residencial (4 pavimentos),1593.12,Sudeste
32,Espírito Santo,Normal,junho,2025,PC.12-LA,Prédio comercial (12 pavimentos),1619.28,Sudeste
32,Espírito Santo,Normal,julho,2025,CP.1-2Q,"Casa popular (1 pav, varanda, sala, 2 quartos)",1877.36,Sudeste
32,Espírito Santo,Normal,julho,2025,CR.1-3Q,"Casa residencial (1 pav, 3 quartos)",1772.46,Sudeste
32,Espírito Santo,Normal,julho,2025,PR4-3QP,Prédio residencial (4 pavimentos),1595.94,Sudeste
32,Espírito Santo,Normal,julho,2025,PC.12-LA,Prédio comercial (12 pavimentos),1620.76,Sudeste
32,Espírito Santo,Normal,agosto,2025,CP.1-2Q,"Casa popular (1 pav, varanda, sala, 2 quartos)",1878.84,Sudeste
32,Espírito Santo,Normal,agosto,2025,CR.1-3Q,"Casa residencial (1 pav, 3 quartos)",1773.06,Sudeste
32,Espírito Santo,Normal,agosto,2025,PR4-3QP,Prédio residencial (4 pavimentos),1597.56,Sudeste
32,Espírito Santo,Normal,agosto,2025,PC.12-LA,Prédio comercial (12 pavimentos),1620.99,Sudeste
32,Espírito Santo,Normal,setembro,2025,CP.1-2Q,"Casa popular (1 pav, varanda, sala, 2 quartos)",1889.33,Sudeste
32,Espírito Santo,Normal,setembro,2025,CR.1-3Q,"Casa residencial (1 pav, 3 quartos)",1782.72,Sudeste
32,Espírito Santo,Normal,setembro,2025,PR4-3QP,Prédio residencial (4 pavimentos),1599.22,Sudeste
32,Espírito Santo,Normal,setembro,2025,PC.12-LA,Prédio comercial (12 pavimentos),1625.91,Sudeste
32,Espírito Santo,Normal,outubro,2025,CP.1-2Q,"Casa popular (1 pav, varanda, sala, 2 quartos)",1905.2,Sudeste
32,Espírito Santo,Normal,outubro,2025,CR.1-3Q,"Casa residencial (1 pav, 3 quartos)",1798.79,Sudeste
32,Espírito Santo,Normal,outubro,2025,PR4-3QP,Prédio residencial (4 pavimentos),1607.52,Sudeste
32,Espírito Santo,Normal,outubro,2025,PC.12-LA,Prédio comercial (12 pavimentos),1628.59,Sudeste
32,Espírito Santo,Normal,novembro,2025,CP.1-2Q,"Casa popular (1 pav, varanda, sala, 2 quartos)",1906.44,Sudeste
32,Espírito Santo,Normal,novembro,2025,CR.1-3Q,"Casa residencial (1 pav, 3 quartos)",1799.13,Sudeste
32,Espírito Santo,Normal,novembro,2025,PR4-3QP,Prédio residencial (4 pavimentos),1608.65,Sudeste
32,Espírito Santo,Normal,novembro,2025,PC.12-LA,Prédio comercial (12 pavimentos),1628.97,Sudeste
32,Espírito Santo,Normal,dezembro,2025,CP.1-2Q,"Casa popular (1 pav, varanda, sala, 2 quartos)",1911.65,Sudeste
32,Espírito Santo,Normal,dezembro,2025,CR.1-3Q,"Casa residencial (1 pav, 3 quartos)",1803.36,Sudeste
32,Espírito Santo,Normal,dezembro,2025,PR4-3QP,Prédio residencial (4 pavimentos),1612.88,Sudeste
32,Espírito Santo,Normal,dezembro,2025,PC.12-LA,Prédio comercial (12 pavimentos),1629.58,Sudeste
32,Espírito Santo,Baixo,janeiro,2025,CP.1-2Q,"Casa popular (1 pav, varanda, sala, 2 quartos)",1292.7,Sudeste
32,Espírito Santo,Baixo,janeiro,2025,CR.1-3Q,"Casa residencial (1 pav, 3 quartos)",1217.53,Sudeste
32,Espírito Santo,Baixo,janeiro,2025,PR4-3QP,Prédio residencial (4 pavimentos),1244.08,Sudeste
32,Espírito Santo,Baixo,fevereiro,2025,CP.1-2Q,"Casa popular (1 pav, varanda, sala, 2 quartos)",1293.58,Sudeste
32,Espírito Santo,Baixo,fevereiro,2025,CR.1-3Q,"Casa residencial (1 pav, 3 quartos)",1218.01,Sudeste
32,Espírito Santo,Baixo,fevereiro,2025,PR4-3QP,Prédio residencial (4 pavimentos),1245.46,Sudeste
32,Espírito Santo,Baixo,março,2025,CP.1-2Q,"Casa popular (1 pav, varanda, sala, 2 quartos)",1294.42,Sudeste
32,Espírito Santo,Baixo,março,2025,CR.1-3Q,"Casa residencial (1 pav, 3 quartos)",1219.36,Sudeste
32,Espírito Santo,Baixo,março,2025,PR4-3QP,Prédio residencial (4 pavimentos),1243.54,Sudeste
32,Espírito Santo,Baixo,abril,2025,CP.1-2Q,"Casa popular (1 pav, varanda, sala, 2 quartos)",1297.21,Sudeste
32,Espírito Santo,Baixo,abril,2025,CR.1-3Q,"Casa residencial (1 pav, 3 quartos)",1221.57,Sudeste
32,Espírito Santo,Baixo,abril,2025,PR4-3QP,Prédio residencial (4 pavimentos),1245.79,Sudeste
32,Espírito Santo,Baixo,maio,2025,CP.1-2Q,"Casa popular (1 pav, varanda, sala, 2 quartos)",1302.94,Sudeste
32,Espírito Santo,Baixo,maio,2025,CR.1-3Q,"Casa residencial (1 pav, 3 quartos)",1226.97,Sudeste
32,Espírito Santo,Baixo,maio,2025,PR4-3QP,Prédio residencial (4 pavimentos),1248.21,Sudeste
32,Espírito Santo,Baixo,junho,2025,CP.1-2Q,"Casa popular (1 pav, varanda, sala, 2 quartos)",1343.58,Sudeste
32,Espírito Santo,Baixo,junho,2025,CR.1-3Q,"Casa residencial (1 pav, 3 quartos)",1265.31,Sudeste
32,Espírito Santo,Baixo,junho,2025,PR4-3QP,Prédio residencial (4 pavimentos),1284.66,Sudeste
32,Espírito Santo,Baixo,julho,2025,CP.1-2Q,"Casa popular (1 pav, varanda, sala, 2 quartos)",1351.6,Sudeste
32,Espírito Santo,Baixo,julho,2025,CR.1-3Q,"Casa residencial (1 pav, 3 quartos)",1272.53,Sudeste
32,Espírito Santo,Baixo,julho,2025,PR4-3QP,Prédio residencial (4 pavimentos),1286.3,Sudeste
32,Espírito Santo,Baixo,agosto,2025,CP.1-2Q,"Casa popular (1 pav, varanda, sala, 2 quartos)",1346.85,Sudeste
32,Espírito Santo,Baixo,agosto,2025,CR.1-3Q,"Casa residencial (1 pav, 3 quartos)",1267.76,Sudeste
32,Espírito Santo,Baixo,agosto,2025,PR4-3QP,Prédio residencial (4 pavimentos),1287.6,Sudeste
32,Espírito Santo,Baixo,setembro,2025,CP.1-2Q,"Casa popular (1 pav, varanda, sala, 2 quartos)",1353.93,Sudeste
32,Espírito Santo,Baixo,setembro,2025,CR.1-3Q,"Casa residencial (1 pav, 3 quartos)",1274.18,Sudeste
32,Espírito Santo,Baixo,setembro,2025,PR4-3QP,Prédio residencial (4 pavimentos),1290.43,Sudeste
32,Espírito Santo,Baixo,outubro,2025,CP.1-2Q,"Casa popular (1 pav, varanda, sala, 2 quartos)",1362.23,Sudeste
32,Espírito Santo,Baixo,outubro,2025,CR.1-3Q,"Casa residencial (1 pav, 3 quartos)",1282.46,Sudeste
32,Espírito Santo,Baixo,outubro,2025,PR4-3QP,Prédio residencial (4 pavimentos),1295.3,Sudeste
32,Espírito Santo,Baixo,novembro,2025,CP.1-2Q,"Casa popular (1 pav, varanda, sala, 2 quartos)",1363.48,Sudeste
32,Espírito Santo,Baixo,novembro,2025,CR.1-3Q,"Casa residencial (1 pav, 3 quartos)",1283.47,Sudeste
32,Espírito Santo,Baixo,novembro,2025,PR4-3QP,Prédio residencial (4 pavimentos),1296.71,Sudeste
32,Espírito Santo,Baixo,dezembro,2025,CP.1-2Q,"Casa popular (1 pav, varanda, sala, 2 quartos)",1366.99,Sudeste
32,Espírito Santo,Baixo,dezembro,2025,CR.1-3Q,"Casa residencial (1 pav, 3 quartos)",1286.53,Sudeste
32,Espírito Santo,Baixo,dezembro,2025,PR4-3QP,Prédio residencial (4 pavimentos),1300.23,Sudeste
32,Espírito Santo,Mínimo,janeiro,2025,CP.1-2Q,"Casa popular (1 pav, varanda, sala, 2 quartos)",1103.62,Sudeste
32,Espírito Santo,Mínimo,janeiro,2025,CB-MMO,Cesta básica construção,1014.65,Sudeste
32,Espírito Santo,Mínimo,fevereiro,2025,CP.1-2Q,"Casa popular (1 pav, varanda, sala, 2 quartos)",1104.27,Sudeste
32,Espírito Santo,Mínimo,fevereiro,2025,CB-MMO,Cesta básica construção,1014.56,Sudeste
32,Espírito Santo,Mínimo,março,2025,CP.1-2Q,"Casa popular (1 pav, varanda, sala, 2 quartos)",1104.16,Sudeste
32,Espírito Santo,Mínimo,março,2025,CB-MMO,Cesta básica construção,1014.89,Sudeste
32,Espírito Santo,Mínimo,abril,2025,CP.1-2Q,"Casa popular (1 pav, varanda, sala, 2 quartos)",1108.92,Sudeste
32,Espírito Santo,Mínimo,abril,2025,CB-MMO,Cesta básica construção,1019.49,Sudeste
32,Espírito Santo,Mínimo,maio,2025,CP.1-2Q,"Casa popular (1 pav, varanda, sala, 2 quartos)",1113.33,Sudeste
32,Espírito Santo,Mínimo,maio,2025,CB-MMO,Cesta básica construção,1022.94,Sudeste
32,Espírito Santo,Mínimo,junho,2025,CP.1-2Q,"Casa popular (1 pav, varanda, sala, 2 quartos)",1147.36,Sudeste
32,Espírito Santo,Mínimo,junho,2025,CB-MMO,Cesta básica construção,1062.18,Sudeste
32,Espírito Santo,Mínimo,julho,2025,CP.1-2Q,"Casa popular (1 pav, varanda, sala, 2 quartos)",1155.67,Sudeste
32,Espírito Santo,Mínimo,julho,2025,CB-MMO,Cesta básica construção,1070.05,Sudeste
32,Espírito Santo,Mínimo,agosto,2025,CP.1-2Q,"Casa popular (1 pav, varanda, sala, 2 quartos)",1154.47,Sudeste
32,Espírito Santo,Mínimo,agosto,2025,CB-MMO,Cesta básica construção,1067.59,Sudeste
32,Espírito Santo,Mínimo,setembro,2025,CP.1-2Q,"Casa popular (1 pav, varanda, sala, 2 quartos)",1160.08,Sudeste
32,Espírito Santo,Mínimo,setembro,2025,CB-MMO,Cesta básica construção,1070.39,Sudeste
32,Espírito Santo,Mínimo,outubro,2025,CP.1-2Q,"Casa popular (1 pav, varanda, sala, 2 quartos)",1166.32,Sudeste
32,Espírito Santo,Mínimo,outubro,2025,CB-MMO,Cesta básica construção,1076.44,Sudeste
32,Espírito Santo,Mínimo,novembro,2025,CP.1-2Q,"Casa popular (1 pav, varanda, sala, 2 quartos)",1169.28,Sudeste
32,Espírito Santo,Mínimo,novembro,2025,CB-MMO,Cesta básica construção,1080.42,Sudeste
32,Espírito Santo,Mínimo,dezembro,2025,CP.1-2Q,"Casa popular (1 pav, varanda, sala, 2 quartos)",1170.92,Sudeste
32,Espírito Santo,Mínimo,dezembro,2025,CB-MMO,Cesta básica construção,1082.73,Sudeste
33,Rio de Janeiro,Alto,janeiro,2025,CR.1-3Q,"Casa residencial (1 pav, 3 quartos)",2422.86,Sudeste
33,Rio de Janeiro,Alto,janeiro,2025,PR4-3QP,Prédio residencial (4 pavimentos),2126.94,Sudeste
33,Rio de Janeiro,Alto,janeiro,2025,PC.12-LA,Prédio comercial (12 pavimentos),2175.48,Sudeste
33,Rio de Janeiro,Alto,fevereiro,2025,CR.1-3Q,"Casa residencial (1 pav, 3 quartos)",2420.04,Sudeste
33,Rio de Janeiro,Alto,fevereiro,2025,PR4-3QP,Prédio residencial (4 pavimentos),2117.43,Sudeste
33,Rio de Janeiro,Alto,fevereiro,2025,PC.12-LA,Prédio comercial (12 pavimentos),2156.1,Sudeste
33,Rio de Janeiro,Alto,março,2025,CR.1-3Q,"Casa residencial (1 pav, 3 quartos)",2423.37,Sudeste
33,Rio de Janeiro,Alto,março,2025,PR4-3QP,Prédio residencial (4 pavimentos),2114.55,Sudeste
33,Rio de Janeiro,Alto,março,2025,PC.12-LA,Prédio comercial (12 pavimentos),2150.78,Sudeste
33,Rio de Janeiro,Alto,abril,2025,CR.1-3Q,"Casa residencial (1 pav, 3 quartos)",2444.31,Sudeste
33,Rio de Janeiro,Alto,abril,2025,PR4-3QP,Prédio residencial (4 pavimentos),2142.06,Sudeste
33,Rio de Janeiro,Alto,abril,2025,PC.12-LA,Prédio comercial (12 pavimentos),2174.13,Sudeste
33,Rio de Janeiro,Alto,maio,2025,CR.1-3Q,"Casa residencial (1 pav, 3 quartos)",2455.84,Sudeste
33,Rio de Janeiro,Alto,maio,2025,PR4-3QP,Prédio residencial (4 pavimentos),2153.36,Sudeste
33,Rio de Janeiro,Alto,maio,2025,PC.12-LA,Prédio comercial (12 pavimentos),2189.13,Sudeste
33,Rio de Janeiro,Alto,junho,2025,CR.1-3Q,"Casa residencial (1 pav, 3 quartos)",2461.4,Sudeste
33,Rio de Janeiro,Alto,junho,2025,PR4-3QP,Prédio residencial (4 pavimentos),2159.38,Sudeste
33,Rio de Janeiro,Alto,junho,2025,PC.12-LA,Prédio comercial (12 pavimentos),2192.55,Sudeste
33,Rio de Janeiro,Alto,julho,2025,CR.1-3Q,"Casa residencial (1 pav, 3 quartos)",2459.13,Sudeste
33,Rio de Janeiro,Alto,julho,2025,PR4-3QP,Prédio residencial (4 pavimentos),2164.35,Sudeste
33,Rio de Janeiro,Alto,julho,2025,PC.12-LA,Prédio comercial (12 pavimentos),2211.97,Sudeste
33,Rio de Janeiro,Alto,agosto,2025,CR.1-3Q,"Casa residencial (1 pav, 3 quartos)",2495.04,Sudeste
33,Rio de Janeiro,Alto,agosto,2025,PR4-3QP,Prédio residencial (4 pavimentos),2197.63,Sudeste
33,Rio de Janeiro,Alto,agosto,2025,PC.12-LA,Prédio comercial (12 pavimentos),2240.61,Sudeste
33,Rio de Janeiro,Alto,setembro,2025,CR.1-3Q,"Casa residencial (1 pav, 3 quartos)",2515.02,Sudeste
33,Rio de Janeiro,Alto,setembro,2025,PR4-3QP,Prédio residencial (4 pavimentos),2208.47,Sudeste
33,Rio de Janeiro,Alto,setembro,2025,PC.12-LA,Prédio comercial (12 pavimentos),2270.38,Sudeste
33,Rio de Janeiro,Alto,outubro,2025,CR.1-3Q,"Casa residencial (1 pav, 3 quartos)",2522.86,Sudeste
33,Rio de Janeiro,Alto,outubro,2025,PR4-3QP,Prédio residencial (4 pavimentos),2208.97,Sudeste
33,Rio de Janeiro,Alto,outubro,2025,PC.12-LA,Prédio comercial (12 pavimentos),2281.17,Sudeste
33,Rio de Janeiro,Alto,novembro,2025,CR.1-3Q,"Casa residencial (1 pav, 3 quartos)",2537.71,Sudeste
33,Rio de Janeiro,Alto,novembro,2025,PR4-3QP,Prédio residencial (4 pavimentos),2207.96,Sudeste
33,Rio de Janeiro,Alto,novembro,2025,PC.12-LA,Prédio comercial (12 pavimentos),2282.64,Sudeste
33,Rio de Janeiro,Alto,dezembro,2025,CR.1-3Q,"Casa residencial (1 pav, 3 quartos)",2539.68,Sudeste
33,Rio de Janeiro,Alto,dezembro,2025,PR4-3QP,Prédio residencial (4 pavimentos),2210.73,Sudeste
33,Rio de Janeiro,Alto,dezembro,2025,PC.12-LA,Prédio comercial (12 pavimentos),2286.08,Sudeste
33,Rio de Janeiro,Normal,janeiro,2025,CP.1-2Q,"Casa popular (1 pav, varanda, sala, 2 quartos)",2169.48,Sudeste
33,Rio de Janeiro,Normal,janeiro,2025,CR.1-3Q,"Casa residencial (1 pav, 3 quartos)",2061.13,Sudeste
33,Rio de Janeiro,Normal,janeiro,2025,PR4-3QP,Prédio residencial (4 pavimentos),1735.2,Sudeste
33,Rio de Janeiro,Normal,janeiro,2025,PC.12-LA,Prédio comercial (12 pavimentos),1755.67,Sudeste
33,Rio de Janeiro,Normal,fevereiro,2025,CP.1-2Q,"Casa popular (1 pav, varanda, sala, 2 quartos)",2176.23,Sudeste
33,Rio de Janeiro,Normal,fevereiro,2025,CR.1-3Q,"Casa residencial (1 pav, 3 quartos)",2069.3,Sudeste
33,Rio de Janeiro,Normal,fevereiro,2025,PR4-3QP,Prédio residencial (4 pavimentos),1737.1,Sudeste
33,Rio de Janeiro,Normal,fevereiro,2025,PC.12-LA,Prédio comercial (12 pavimentos),1748.22,Sudeste
33,Rio de Janeiro,Normal,março,2025,CP.1-2Q,"Casa popular (1 pav, varanda, sala, 2 quartos)",2178.54,Sudeste
33,Rio de Janeiro,Normal,março,2025,CR.1-3Q,"Casa residencial (1 pav, 3 quartos)",2071.64,Sudeste
33,Rio de Janeiro,Normal,março,2025,PR4-3QP,Prédio residencial (4 pavimentos),1733.67,Sudeste
33,Rio de Janeiro,Normal,março,2025,PC.12-LA,Prédio comercial (12 pavimentos),1743.49,Sudeste
33,Rio de Janeiro,Normal,abril,2025,CP.1-2Q,"Casa popular (1 pav, varanda, sala, 2 quartos)",2197.06,Sudeste
33,Rio de Janeiro,Normal,abril,2025,CR.1-3Q,"Casa residencial (1 pav, 3 quartos)",2087.92,Sudeste
33,Rio de Janeiro,Normal,abril,2025,PR4-3QP,Prédio residencial (4 pavimentos),1755.16,Sudeste
33,Rio de Janeiro,Normal,abril,2025,PC.12-LA,Prédio comercial (12 pavimentos),1766.49,Sudeste
33,Rio de Janeiro,Normal,maio,2025,CP.1-2Q,"Casa popular (1 pav, varanda, sala, 2 quartos)",2212.61,Sudeste
33,Rio de Janeiro,Normal,maio,2025,CR.1-3Q,"Casa residencial (1 pav, 3 quartos)",2101.52,Sudeste
33,Rio de Janeiro,Normal,maio,2025,PR4-3QP,Prédio residencial (4 pavimentos),1766.67,Sudeste
33,Rio de Janeiro,Normal,maio,2025,PC.12-LA,Prédio comercial (12 pavimentos),1777.33,Sudeste
33,Rio de Janeiro,Normal,junho,2025,CP.1-2Q,"Casa popular (1 pav, varanda, sala, 2 quartos)",2211.22,Sudeste
33,Rio de Janeiro,Normal,junho,2025,CR.1-3Q,"Casa residencial (1 pav, 3 quartos)",2099.52,Sudeste
33,Rio de Janeiro,Normal,junho,2025,PR4-3QP,Prédio residencial (4 pavimentos),1768.13,Sudeste
33,Rio de Janeiro,Normal,junho,2025,PC.12-LA,Prédio comercial (12 pavimentos),1775.75,Sudeste
33,Rio de Janeiro,Normal,julho,2025,CP.1-2Q,"Casa popular (1 pav, varanda, sala, 2 quartos)",2205.27,Sudeste
33,Rio de Janeiro,Normal,julho,2025,CR.1-3Q,"Casa residencial (1 pav, 3 quartos)",2094.53,Sudeste
33,Rio de Janeiro,Normal,julho,2025,PR4-3QP,Prédio residencial (4 pavimentos),1769.36,Sudeste
33,Rio de Janeiro,Normal,julho,2025,PC.12-LA,Prédio comercial (12 pavimentos),1785.95,Sudeste
33,Rio de Janeiro,Normal,agosto,2025,CP.1-2Q,"Casa popular (1 pav, varanda, sala, 2 quartos)",2240.03,Sudeste
33,Rio de Janeiro,Normal,agosto,2025,CR.1-3Q,"Casa residencial (1 pav, 3 quartos)",2127.7,Sudeste
33,Rio de Janeiro,Normal,agosto,2025,PR4-3QP,Prédio residencial (4 pavimentos),1798.52,Sudeste
33,Rio de Janeiro,Normal,agosto,2025,PC.12-LA,Prédio comercial (12 pavimentos),1805.6,Sudeste
33,Rio de Janeiro,Normal,setembro,2025,CP.1-2Q,"Casa popular (1 pav, varanda, sala, 2 quartos)",2257.75,Sudeste
33,Rio de Janeiro,Normal,setembro,2025,CR.1-3Q,"Casa residencial (1 pav, 3 quartos)",2143.04,Sudeste
33,Rio de Janeiro,Normal,setembro,2025,PR4-3QP,Prédio residencial (4 pavimentos),1805.72,Sudeste
33,Rio de Janeiro,Normal,setembro,2025,PC.12-LA,Prédio comercial (12 pavimentos),1822.6,Sudeste
33,Rio de Janeiro,Normal,outubro,2025,CP.1-2Q,"Casa popular (1 pav, varanda, sala, 2 quartos)",2265.85,Sudeste
33,Rio de Janeiro,Normal,outubro,2025,CR.1-3Q,"Casa residencial (1 pav, 3 quartos)",2150.43,Sudeste
33,Rio de Janeiro,Normal,outubro,2025,PR4-3QP,Prédio residencial (4 pavimentos),1809.62,Sudeste
33,Rio de Janeiro,Normal,outubro,2025,PC.12-LA,Prédio comercial (12 pavimentos),1829.72,Sudeste
33,Rio de Janeiro,Normal,novembro,2025,CP.1-2Q,"Casa popular (1 pav, varanda, sala, 2 quartos)",2278.39,Sudeste
33,Rio de Janeiro,Normal,novembro,2025,CR.1-3Q,"Casa residencial (1 pav, 3 quartos)",2165.31,Sudeste
33,Rio de Janeiro,Normal,novembro,2025,PR4-3QP,Prédio residencial (4 pavimentos),1812.65,Sudeste
33,Rio de Janeiro,Normal,novembro,2025,PC.12-LA,Prédio comercial (12 pavimentos),1827.18,Sudeste
33,Rio de Janeiro,Normal,dezembro,2025,CP.1-2Q,"Casa popular (1 pav, varanda, sala, 2 quartos)",2279.11,Sudeste
33,Rio de Janeiro,Normal,dezembro,2025,CR.1-3Q,"Casa residencial (1 pav, 3 quartos)",2165.84,Sudeste
33,Rio de Janeiro,Normal,dezembro,2025,PR4-3QP,Prédio residencial (4 pavimentos),1814.91,Sudeste
33,Rio de Janeiro,Normal,dezembro,2025,PC.12-LA,Prédio comercial (12 pavimentos),1828.05,Sudeste
33,Rio de Janeiro,Baixo,janeiro,2025,CP.1-2Q,"Casa popular (1 pav, varanda, sala, 2 quartos)",1510.41,Sudeste
33,Rio de Janeiro,Baixo,janeiro,2025,CR.1-3Q,"Casa residencial (1 pav, 3 quartos)",1428.06,Sudeste
33,Rio de Janeiro,Baixo,janeiro,2025,PR4-3QP,Prédio residencial (4 pavimentos),1412.06,Sudeste
33,Rio de Janeiro,Baixo,fevereiro,2025,CP.1-2Q,"Casa popular (1 pav, varanda, sala, 2 quartos)",1514.11,Sudeste
33,Rio de Janeiro,Baixo,fevereiro,2025,CR.1-3Q,"Casa residencial (1 pav, 3 quartos)",1432.57,Sudeste
33,Rio de Janeiro,Baixo,fevereiro,2025,PR4-3QP,Prédio residencial (4 pavimentos),1413.41,Sudeste
33,Rio de Janeiro,Baixo,março,2025,CP.1-2Q,"Casa popular (1 pav, varanda, sala, 2 quartos)",1515.78,Sudeste
33,Rio de Janeiro,Baixo,março,2025,CR.1-3Q,"Casa residencial (1 pav, 3 quartos)",1433.89,Sudeste
33,Rio de Janeiro,Baixo,março,2025,PR4-3QP,Prédio residencial (4 pavimentos),1409.86,Sudeste
33,Rio de Janeiro,Baixo,abril,2025,CP.1-2Q,"Casa popular (1 pav, varanda, sala, 2 quartos)",1537.05,Sudeste
33,Rio de Janeiro,Baixo,abril,2025,CR.1-3Q,"Casa residencial (1 pav, 3 quartos)",1452.52,Sudeste
33,Rio de Janeiro,Baixo,abril,2025,PR4-3QP,Prédio residencial (4 pavimentos),1433.33,Sudeste
33,Rio de Janeiro,Baixo,maio,2025,CP.1-2Q,"Casa popular (1 pav, varanda, sala, 2 quartos)",1547.92,Sudeste
33,Rio de Janeiro,Baixo,maio,2025,CR.1-3Q,"Casa residencial (1 pav, 3 quartos)",1462.44,Sudeste
33,Rio de Janeiro,Baixo,maio,2025,PR4-3QP,Prédio residencial (4 pavimentos),1440.12,Sudeste
33,Rio de Janeiro,Baixo,junho,2025,CP.1-2Q,"Casa popular (1 pav, varanda, sala, 2 quartos)",1544.86,Sudeste
33,Rio de Janeiro,Baixo,junho,2025,CR.1-3Q,"Casa residencial (1 pav, 3 quartos)",1459.12,Sudeste
33,Rio de Janeiro,Baixo,junho,2025,PR4-3QP,Prédio residencial (4 pavimentos),1438.27,Sudeste
33,Rio de Janeiro,Baixo,julho,2025,CP.1-2Q,"Casa popular (1 pav, varanda, sala, 2 quartos)",1539.93,Sudeste
33,Rio de Janeiro,Baixo,julho,2025,CR.1-3Q,"Casa residencial (1 pav, 3 quartos)",1455.66,Sudeste
33,Rio de Janeiro,Baixo,julho,2025,PR4-3QP,Prédio residencial (4 pavimentos),1438.09,Sudeste
33,Rio de Janeiro,Baixo,agosto,2025,CP.1-2Q,"Casa popular (1 pav, varanda, sala, 2 quartos)",1561.75,Sudeste
33,Rio de Janeiro,Baixo,agosto,2025,CR.1-3Q,"Casa residencial (1 pav, 3 quartos)",1477.17,Sudeste
33,Rio de Janeiro,Baixo,agosto,2025,PR4-3QP,Prédio residencial (4 pavimentos),1458.03,Sudeste
33,Rio de Janeiro,Baixo,setembro,2025,CP.1-2Q,"Casa popular (1 pav, varanda, sala, 2 quartos)",1572.15,Sudeste
33,Rio de Janeiro,Baixo,setembro,2025,CR.1-3Q,"Casa residencial (1 pav, 3 quartos)",1486.49,Sudeste
33,Rio de Janeiro,Baixo,setembro,2025,PR4-3QP,Prédio residencial (4 pavimentos),1463.42,Sudeste
33,Rio de Janeiro,Baixo,outubro,2025,CP.1-2Q,"Casa popular (1 pav, varanda, sala, 2 quartos)",1571.66,Sudeste
33,Rio de Janeiro,Baixo,outubro,2025,CR.1-3Q,"Casa residencial (1 pav, 3 quartos)",1486.36,Sudeste
33,Rio de Janeiro,Baixo,outubro,2025,PR4-3QP,Prédio residencial (4 pavimentos),1462.42,Sudeste
33,Rio de Janeiro,Baixo,novembro,2025,CP.1-2Q,"Casa popular (1 pav, varanda, sala, 2 quartos)",1582.56,Sudeste
33,Rio de Janeiro,Baixo,novembro,2025,CR.1-3Q,"Casa residencial (1 pav, 3 quartos)",1497.34,Sudeste
33,Rio de Janeiro,Baixo,novembro,2025,PR4-3QP,Prédio residencial (4 pavimentos),1461.32,Sudeste
33,Rio de Janeiro,Baixo,dezembro,2025,CP.1-2Q,"Casa popular (1 pav, varanda, sala, 2 quartos)",1585.93,Sudeste
33,Rio de Janeiro,Baixo,dezembro,2025,CR.1-3Q,"Casa residencial (1 pav, 3 quartos)",1500.31,Sudeste
33,Rio de Janeiro,Baixo,dezembro,2025,PR4-3QP,Prédio residencial (4 pavimentos),1461.11,Sudeste
33,Rio de Janeiro,Mínimo,janeiro,2025,CP.1-2Q,"Casa popular (1 pav, varanda, sala, 2 quartos)",1305.24,Sudeste
33,Rio de Janeiro,Mínimo,janeiro,2025,CB-MMO,Cesta básica construção,1230.86,Sudeste
33,Rio de Janeiro,Mínimo,fevereiro,2025,CP.1-2Q,"Casa popular (1 pav, varanda, sala, 2 quartos)",1307.93,Sudeste
33,Rio de Janeiro,Mínimo,fevereiro,2025,CB-MMO,Cesta básica construção,1233.25,Sudeste
33,Rio de Janeiro,Mínimo,março,2025,CP.1-2Q,"Casa popular (1 pav, varanda, sala, 2 quartos)",1309.61,Sudeste
33,Rio de Janeiro,Mínimo,março,2025,CB-MMO,Cesta básica construção,1234.7,Sudeste
33,Rio de Janeiro,Mínimo,abril,2025,CP.1-2Q,"Casa popular (1 pav, varanda, sala, 2 quartos)",1327.79,Sudeste
33,Rio de Janeiro,Mínimo,abril,2025,CB-MMO,Cesta básica construção,1256.02,Sudeste
33,Rio de Janeiro,Mínimo,maio,2025,CP.1-2Q,"Casa popular (1 pav, varanda, sala, 2 quartos)",1333.34,Sudeste
33,Rio de Janeiro,Mínimo,maio,2025,CB-MMO,Cesta básica construção,1259.0,Sudeste
33,Rio de Janeiro,Mínimo,junho,2025,CP.1-2Q,"Casa popular (1 pav, varanda, sala, 2 quartos)",1330.0,Sudeste
33,Rio de Janeiro,Mínimo,junho,2025,CB-MMO,Cesta básica construção,1255.91,Sudeste
33,Rio de Janeiro,Mínimo,julho,2025,CP.1-2Q,"Casa popular (1 pav, varanda, sala, 2 quartos)",1329.2,Sudeste
33,Rio de Janeiro,Mínimo,julho,2025,CB-MMO,Cesta básica construção,1256.03,Sudeste
33,Rio de Janeiro,Mínimo,agosto,2025,CP.1-2Q,"Casa popular (1 pav, varanda, sala, 2 quartos)",1352.51,Sudeste
33,Rio de Janeiro,Mínimo,agosto,2025,CB-MMO,Cesta básica construção,1276.51,Sudeste
33,Rio de Janeiro,Mínimo,setembro,2025,CP.1-2Q,"Casa popular (1 pav, varanda, sala, 2 quartos)",1360.44,Sudeste
33,Rio de Janeiro,Mínimo,setembro,2025,CB-MMO,Cesta básica construção,1281.08,Sudeste
33,Rio de Janeiro,Mínimo,outubro,2025,CP.1-2Q,"Casa popular (1 pav, varanda, sala, 2 quartos)",1361.79,Sudeste
33,Rio de Janeiro,Mínimo,outubro,2025,CB-MMO,Cesta básica construção,1280.77,Sudeste
33,Rio de Janeiro,Mínimo,novembro,2025,CP.1-2Q,"Casa popular (1 pav, varanda, sala, 2 quartos)",1369.88,Sudeste
33,Rio de Janeiro,Mínimo,novembro,2025,CB-MMO,Cesta básica construção,1288.58,Sudeste
33,Rio de Janeiro,Mínimo,dezembro,2025,CP.1-2Q,"Casa popular (1 pav, varanda, sala, 2 quartos)",1372.61,Sudeste
33,Rio de Janeiro,Mínimo,dezembro,2025,CB-MMO,Cesta básica construção,1290.21,Sudeste
35,São Paulo,Alto,janeiro,2025,CR.1-3Q,"Casa residencial (1 pav, 3 quartos)",2308.74,Sudeste
35,São Paulo,Alto,janeiro,2025,PR4-3QP,Prédio residencial (4 pavimentos),2008.1,Sudeste
35,São Paulo,Alto,janeiro,2025,PC.12-LA,Prédio comercial (12 pavimentos),2069.47,Sudeste
35,São Paulo,Alto,fevereiro,2025,CR.1-3Q,"Casa residencial (1 pav, 3 quartos)",2318.15,Sudeste
35,São Paulo,Alto,fevereiro,2025,PR4-3QP,Prédio residencial (4 pavimentos),2031.47,Sudeste
35,São Paulo,Alto,fevereiro,2025,PC.12-LA,Prédio comercial (12 pavimentos),2120.76,Sudeste
35,São Paulo,Alto,março,2025,CR.1-3Q,"Casa residencial (1 pav, 3 quartos)",2327.21,Sudeste
35,São Paulo,Alto,março,2025,PR4-3QP,Prédio residencial (4 pavimentos),2045.46,Sudeste
35,São Paulo,Alto,março,2025,PC.12-LA,Prédio comercial (12 pavimentos),2131.87,Sudeste
35,São Paulo,Alto,abril,2025,CR.1-3Q,"Casa residencial (1 pav, 3 quartos)",2324.95,Sudeste
35,São Paulo,Alto,abril,2025,PR4-3QP,Prédio residencial (4 pavimentos),2047.49,Sudeste
35,São Paulo,Alto,abril,2025,PC.12-LA,Prédio comercial (12 pavimentos),2136.59,Sudeste
35,São Paulo,Alto,maio,2025,CR.1-3Q,"Casa residencial (1 pav, 3 quartos)",2321.48,Sudeste
35,São Paulo,Alto,maio,2025,PR4-3QP,Prédio residencial (4 pavimentos),2042.05,Sudeste
35,São Paulo,Alto,maio,2025,PC.12-LA,Prédio comercial (12 pavimentos),2149.68,Sudeste
35,São Paulo,Alto,junho,2025,CR.1-3Q,"Casa residencial (1 pav, 3 quartos)",2374.29,Sudeste
35,São Paulo,Alto,junho,2025,PR4-3QP,Prédio residencial (4 pavimentos),2081.13,Sudeste
35,São Paulo,Alto,junho,2025,PC.12-LA,Prédio comercial (12 pavimentos),2181.85,Sudeste
35,São Paulo,Alto,julho,2025,CR.1-3Q,"Casa residencial (1 pav, 3 quartos)",2380.29,Sudeste
35,São Paulo,Alto,julho,2025,PR4-3QP,Prédio residencial (4 pavimentos),2079.99,Sudeste
35,São Paulo,Alto,julho,2025,PC.12-LA,Prédio comercial (12 pavimentos),2183.25,Sudeste
35,São Paulo,Alto,agosto,2025,CR.1-3Q,"Casa residencial (1 pav, 3 quartos)",2413.32,Sudeste
35,São Paulo,Alto,agosto,2025,PR4-3QP,Prédio residencial (4 pavimentos),2088.89,Sudeste
35,São Paulo,Alto,agosto,2025,PC.12-LA,Prédio comercial (12 pavimentos),2182.09,Sudeste
35,São Paulo,Alto,setembro,2025,CR.1-3Q,"Casa residencial (1 pav, 3 quartos)",2413.33,Sudeste
35,São Paulo,Alto,setembro,2025,PR4-3QP,Prédio residencial (4 pavimentos),2085.4,Sudeste
35,São Paulo,Alto,setembro,2025,PC.12-LA,Prédio comercial (12 pavimentos),2181.44,Sudeste
35,São Paulo,Alto,outubro,2025,CR.1-3Q,"Casa residencial (1 pav, 3 quartos)",2408.71,Sudeste
35,São Paulo,Alto,outubro,2025,PR4-3QP,Prédio residencial (4 pavimentos),2090.02,Sudeste
35,São Paulo,Alto,outubro,2025,PC.12-LA,Prédio comercial (12 pavimentos),2195.55,Sudeste
35,São Paulo,Alto,novembro,2025,CR.1-3Q,"Casa residencial (1 pav, 3 quartos)",2440.02,Sudeste
35,São Paulo,Alto,novembro,2025,PR4-3QP,Prédio residencial (4 pavimentos),2104.81,Sudeste
35,São Paulo,Alto,novembro,2025,PC.12-LA,Prédio comercial (12 pavimentos),2204.23,Sudeste
35,São Paulo,Alto,dezembro,2025,CR.1-3Q,"Casa residencial (1 pav, 3 quartos)",2448.58,Sudeste
35,São Paulo,Alto,dezembro,2025,PR4-3QP,Prédio residencial (4 pavimentos),2113.25,Sudeste
35,São Paulo,Alto,dezembro,2025,PC.12-LA,Prédio comercial (12 pavimentos),2203.93,Sudeste
35,São Paulo,Normal,janeiro,2025,CP.1-2Q,"Casa popular (1 pav, varanda, sala, 2 quartos)",2049.83,Sudeste
35,São Paulo,Normal,janeiro,2025,CR.1-3Q,"Casa residencial (1 pav, 3 quartos)",1937.04,Sudeste
35,São Paulo,Normal,janeiro,2025,PR4-3QP,Prédio residencial (4 pavimentos),1632.68,Sudeste
35,São Paulo,Normal,janeiro,2025,PC.12-LA,Prédio comercial (12 pavimentos),1646.85,Sudeste
35,São Paulo,Normal,fevereiro,2025,CP.1-2Q,"Casa popular (1 pav, varanda, sala, 2 quartos)",2059.01,Sudeste
35,São Paulo,Normal,fevereiro,2025,CR.1-3Q,"Casa residencial (1 pav, 3 quartos)",1945.84,Sudeste
35,São Paulo,Normal,fevereiro,2025,PR4-3QP,Prédio residencial (4 pavimentos),1643.54,Sudeste
35,São Paulo,Normal,fevereiro,2025,PC.12-LA,Prédio comercial (12 pavimentos),1662.1,Sudeste
35,São Paulo,Normal,março,2025,CP.1-2Q,"Casa popular (1 pav, varanda, sala, 2 quartos)",2067.53,Sudeste
35,São Paulo,Normal,março,2025,CR.1-3Q,"Casa residencial (1 pav, 3 quartos)",1952.92,Sudeste
35,São Paulo,Normal,março,2025,PR4-3QP,Prédio residencial (4 pavimentos),1654.19,Sudeste
35,São Paulo,Normal,março,2025,PC.12-LA,Prédio comercial (12 pavimentos),1670.24,Sudeste
35,São Paulo,Normal,abril,2025,CP.1-2Q,"Casa popular (1 pav, varanda, sala, 2 quartos)",2064.91,Sudeste
35,São Paulo,Normal,abril,2025,CR.1-3Q,"Casa residencial (1 pav, 3 quartos)",1949.09,Sudeste
35,São Paulo,Normal,abril,2025,PR4-3QP,Prédio residencial (4 pavimentos),1655.16,Sudeste
35,São Paulo,Normal,abril,2025,PC.12-LA,Prédio comercial (12 pavimentos),1674.21,Sudeste
35,São Paulo,Normal,maio,2025,CP.1-2Q,"Casa popular (1 pav, varanda, sala, 2 quartos)",2076.54,Sudeste
35,São Paulo,Normal,maio,2025,CR.1-3Q,"Casa residencial (1 pav, 3 quartos)",1961.2,Sudeste
35,São Paulo,Normal,maio,2025,PR4-3QP,Prédio residencial (4 pavimentos),1658.05,Sudeste
35,São Paulo,Normal,maio,2025,PC.12-LA,Prédio comercial (12 pavimentos),1680.54,Sudeste
35,São Paulo,Normal,junho,2025,CP.1-2Q,"Casa popular (1 pav, varanda, sala, 2 quartos)",2121.44,Sudeste
35,São Paulo,Normal,junho,2025,CR.1-3Q,"Casa residencial (1 pav, 3 quartos)",2006.24,Sudeste
35,São Paulo,Normal,junho,2025,PR4-3QP,Prédio residencial (4 pavimentos),1691.44,Sudeste
35,São Paulo,Normal,junho,2025,PC.12-LA,Prédio comercial (12 pavimentos),1712.5,Sudeste
35,São Paulo,Normal,julho,2025,CP.1-2Q,"Casa popular (1 pav, varanda, sala, 2 quartos)",2125.63,Sudeste
35,São Paulo,Normal,julho,2025,CR.1-3Q,"Casa residencial (1 pav, 3 quartos)",2008.73,Sudeste
35,São Paulo,Normal,julho,2025,PR4-3QP,Prédio residencial (4 pavimentos),1692.49,Sudeste
35,São Paulo,Normal,julho,2025,PC.12-LA,Prédio comercial (12 pavimentos),1713.61,Sudeste
35,São Paulo,Normal,agosto,2025,CP.1-2Q,"Casa popular (1 pav, varanda, sala, 2 quartos)",2148.41,Sudeste
35,São Paulo,Normal,agosto,2025,CR.1-3Q,"Casa residencial (1 pav, 3 quartos)",2030.29,Sudeste
35,São Paulo,Normal,agosto,2025,PR4-3QP,Prédio residencial (4 pavimentos),1696.75,Sudeste
35,São Paulo,Normal,agosto,2025,PC.12-LA,Prédio comercial (12 pavimentos),1709.5,Sudeste
35,São Paulo,Normal,setembro,2025,CP.1-2Q,"Casa popular (1 pav, varanda, sala, 2 quartos)",2151.17,Sudeste
35,São Paulo,Normal,setembro,2025,CR.1-3Q,"Casa residencial (1 pav, 3 quartos)",2031.68,Sudeste
35,São Paulo,Normal,setembro,2025,PR4-3QP,Prédio residencial (4 pavimentos),1698.06,Sudeste
35,São Paulo,Normal,setembro,2025,PC.12-LA,Prédio comercial (12 pavimentos),1710.2,Sudeste
35,São Paulo,Normal,outubro,2025,CP.1-2Q,"Casa popular (1 pav, varanda, sala, 2 quartos)",2153.3,Sudeste
35,São Paulo,Normal,outubro,2025,CR.1-3Q,"Casa residencial (1 pav, 3 quartos)",2032.13,Sudeste
35,São Paulo,Normal,outubro,2025,PR4-3QP,Prédio residencial (4 pavimentos),1700.8,Sudeste
35,São Paulo,Normal,outubro,2025,PC.12-LA,Prédio comercial (12 pavimentos),1710.2,Sudeste
35,São Paulo,Normal,novembro,2025,CP.1-2Q,"Casa popular (1 pav, varanda, sala, 2 quartos)",2166.76,Sudeste
35,São Paulo,Normal,novembro,2025,CR.1-3Q,"Casa residencial (1 pav, 3 quartos)",2046.98,Sudeste
35,São Paulo,Normal,novembro,2025,PR4-3QP,Prédio residencial (4 pavimentos),1710.86,Sudeste
35,São Paulo,Normal,novembro,2025,PC.12-LA,Prédio comercial (12 pavimentos),1719.75,Sudeste
35,São Paulo,Normal,dezembro,2025,CP.1-2Q,"Casa popular (1 pav, varanda, sala, 2 quartos)",2169.2,Sudeste
35,São Paulo,Normal,dezembro,2025,CR.1-3Q,"Casa residencial (1 pav, 3 quartos)",2047.58,Sudeste
35,São Paulo,Normal,dezembro,2025,PR4-3QP,Prédio residencial (4 pavimentos),1712.41,Sudeste
35,São Paulo,Normal,dezembro,2025,PC.12-LA,Prédio comercial (12 pavimentos),1718.28,Sudeste
35,São Paulo,Baixo,janeiro,2025,CP.1-2Q,"Casa popular (1 pav, varanda, sala, 2 quartos)",1444.16,Sudeste
35,São Paulo,Baixo,janeiro,2025,CR.1-3Q,"Casa residencial (1 pav, 3 quartos)",1358.16,Sudeste
35,São Paulo,Baixo,janeiro,2025,PR4-3QP,Prédio residencial (4 pavimentos),1319.1,Sudeste
35,São Paulo,Baixo,fevereiro,2025,CP.1-2Q,"Casa popular (1 pav, varanda, sala, 2 quartos)",1445.4,Sudeste
35,São Paulo,Baixo,fevereiro,2025,CR.1-3Q,"Casa residencial (1 pav, 3 quartos)",1359.48,Sudeste
35,São Paulo,Baixo,fevereiro,2025,PR4-3QP,Prédio residencial (4 pavimentos),1319.3,Sudeste
35,São Paulo,Baixo,março,2025,CP.1-2Q,"Casa popular (1 pav, varanda, sala, 2 quartos)",1450.02,Sudeste
35,São Paulo,Baixo,março,2025,CR.1-3Q,"Casa residencial (1 pav, 3 quartos)",1363.18,Sudeste
35,São Paulo,Baixo,março,2025,PR4-3QP,Prédio residencial (4 pavimentos),1326.96,Sudeste
35,São Paulo,Baixo,abril,2025,CP.1-2Q,"Casa popular (1 pav, varanda, sala, 2 quartos)",1451.88,Sudeste
35,São Paulo,Baixo,abril,2025,CR.1-3Q,"Casa residencial (1 pav, 3 quartos)",1364.44,Sudeste
35,São Paulo,Baixo,abril,2025,PR4-3QP,Prédio residencial (4 pavimentos),1328.05,Sudeste
35,São Paulo,Baixo,maio,2025,CP.1-2Q,"Casa popular (1 pav, varanda, sala, 2 quartos)",1458.48,Sudeste
35,São Paulo,Baixo,maio,2025,CR.1-3Q,"Casa residencial (1 pav, 3 quartos)",1371.64,Sudeste
35,São Paulo,Baixo,maio,2025,PR4-3QP,Prédio residencial (4 pavimentos),1327.3,Sudeste
35,São Paulo,Baixo,junho,2025,CP.1-2Q,"Casa popular (1 pav, varanda, sala, 2 quartos)",1493.26,Sudeste
35,São Paulo,Baixo,junho,2025,CR.1-3Q,"Casa residencial (1 pav, 3 quartos)",1405.7,Sudeste
35,São Paulo,Baixo,junho,2025,PR4-3QP,Prédio residencial (4 pavimentos),1357.22,Sudeste
35,São Paulo,Baixo,julho,2025,CP.1-2Q,"Casa popular (1 pav, varanda, sala, 2 quartos)",1494.58,Sudeste
35,São Paulo,Baixo,julho,2025,CR.1-3Q,"Casa residencial (1 pav, 3 quartos)",1406.32,Sudeste
35,São Paulo,Baixo,julho,2025,PR4-3QP,Prédio residencial (4 pavimentos),1358.45,Sudeste
35,São Paulo,Baixo,agosto,2025,CP.1-2Q,"Casa popular (1 pav, varanda, sala, 2 quartos)",1504.82,Sudeste
35,São Paulo,Baixo,agosto,2025,CR.1-3Q,"Casa residencial (1 pav, 3 quartos)",1416.37,Sudeste
35,São Paulo,Baixo,agosto,2025,PR4-3QP,Prédio residencial (4 pavimentos),1358.1,Sudeste
35,São Paulo,Baixo,setembro,2025,CP.1-2Q,"Casa popular (1 pav, varanda, sala, 2 quartos)",1508.31,Sudeste
35,São Paulo,Baixo,setembro,2025,CR.1-3Q,"Casa residencial (1 pav, 3 quartos)",1418.68,Sudeste
35,São Paulo,Baixo,setembro,2025,PR4-3QP,Prédio residencial (4 pavimentos),1358.83,Sudeste
35,São Paulo,Baixo,outubro,2025,CP.1-2Q,"Casa popular (1 pav, varanda, sala, 2 quartos)",1508.86,Sudeste
35,São Paulo,Baixo,outubro,2025,CR.1-3Q,"Casa residencial (1 pav, 3 quartos)",1418.06,Sudeste
35,São Paulo,Baixo,outubro,2025,PR4-3QP,Prédio residencial (4 pavimentos),1357.81,Sudeste
35,São Paulo,Baixo,novembro,2025,CP.1-2Q,"Casa popular (1 pav, varanda, sala, 2 quartos)",1516.8,Sudeste
35,São Paulo,Baixo,novembro,2025,CR.1-3Q,"Casa residencial (1 pav, 3 quartos)",1426.49,Sudeste
35,São Paulo,Baixo,novembro,2025,PR4-3QP,Prédio residencial (4 pavimentos),1366.16,Sudeste
35,São Paulo,Baixo,dezembro,2025,CP.1-2Q,"Casa popular (1 pav, varanda, sala, 2 quartos)",1517.45,Sudeste
35,São Paulo,Baixo,dezembro,2025,CR.1-3Q,"Casa residencial (1 pav, 3 quartos)",1426.28,Sudeste
35,São Paulo,Baixo,dezembro,2025,PR4-3QP,Prédio residencial (4 pavimentos),1365.46,Sudeste
35,São Paulo,Mínimo,janeiro,2025,CP.1-2Q,"Casa popular (1 pav, varanda, sala, 2 quartos)",1248.27,Sudeste
35,São Paulo,Mínimo,janeiro,2025,CB-MMO,Cesta básica construção,1172.4,Sudeste
35,São Paulo,Mínimo,fevereiro,2025,CP.1-2Q,"Casa popular (1 pav, varanda, sala, 2 quartos)",1247.77,Sudeste
35,São Paulo,Mínimo,fevereiro,2025,CB-MMO,Cesta básica construção,1170.95,Sudeste
35,São Paulo,Mínimo,março,2025,CP.1-2Q,"Casa popular (1 pav, varanda, sala, 2 quartos)",1249.62,Sudeste
35,São Paulo,Mínimo,março,2025,CB-MMO,Cesta básica construção,1171.25,Sudeste
35,São Paulo,Mínimo,abril,2025,CP.1-2Q,"Casa popular (1 pav, varanda, sala, 2 quartos)",1248.79,Sudeste
35,São Paulo,Mínimo,abril,2025,CB-MMO,Cesta básica construção,1170.89,Sudeste
35,São Paulo,Mínimo,maio,2025,CP.1-2Q,"Casa popular (1 pav, varanda, sala, 2 quartos)",1252.97,Sudeste
35,São Paulo,Mínimo,maio,2025,CB-MMO,Cesta básica construção,1174.44,Sudeste
35,São Paulo,Mínimo,junho,2025,CP.1-2Q,"Casa popular (1 pav, varanda, sala, 2 quartos)",1286.23,Sudeste
35,São Paulo,Mínimo,junho,2025,CB-MMO,Cesta básica construção,1210.9,Sudeste
35,São Paulo,Mínimo,julho,2025,CP.1-2Q,"Casa popular (1 pav, varanda, sala, 2 quartos)",1287.82,Sudeste
35,São Paulo,Mínimo,julho,2025,CB-MMO,Cesta básica construção,1212.6,Sudeste
35,São Paulo,Mínimo,agosto,2025,CP.1-2Q,"Casa popular (1 pav, varanda, sala, 2 quartos)",1296.11,Sudeste
35,São Paulo,Mínimo,agosto,2025,CB-MMO,Cesta básica construção,1218.8,Sudeste
35,São Paulo,Mínimo,setembro,2025,CP.1-2Q,"Casa popular (1 pav, varanda, sala, 2 quartos)",1299.53,Sudeste
35,São Paulo,Mínimo,setembro,2025,CB-MMO,Cesta básica construção,1221.29,Sudeste
35,São Paulo,Mínimo,outubro,2025,CP.1-2Q,"Casa popular (1 pav, varanda, sala, 2 quartos)",1301.01,Sudeste
35,São Paulo,Mínimo,outubro,2025,CB-MMO,Cesta básica construção,1220.18,Sudeste
35,São Paulo,Mínimo,novembro,2025,CP.1-2Q,"Casa popular (1 pav, varanda, sala, 2 quartos)",1306.71,Sudeste
35,São Paulo,Mínimo,novembro,2025,CB-MMO,Cesta básica construção,1225.53,Sudeste
35,São Paulo,Mínimo,dezembro,2025,CP.1-2Q,"Casa popular (1 pav, varanda, sala, 2 quartos)",1307.36,Sudeste
35,São Paulo,Mínimo,dezembro,2025,CB-MMO,Cesta básica construção,1225.77,Sudeste
41,Paraná,Alto,janeiro,2025,CR.1-3Q,"Casa residencial (1 pav, 3 quartos)",2370.73,Sul
41,Paraná,Alto,janeiro,2025,PR4-3QP,Prédio residencial (4 pavimentos),2135.14,Sul
41,Paraná,Alto,janeiro,2025,PC.12-LA,Prédio comercial (12 pavimentos),2111.43,Sul
41,Paraná,Alto,fevereiro,2025,CR.1-3Q,"Casa residencial (1 pav, 3 quartos)",2369.28,Sul
41,Paraná,Alto,fevereiro,2025,PR4-3QP,Prédio residencial (4 pavimentos),2123.71,Sul
41,Paraná,Alto,fevereiro,2025,PC.12-LA,Prédio comercial (12 pavimentos),2111.18,Sul
41,Paraná,Alto,março,2025,CR.1-3Q,"Casa residencial (1 pav, 3 quartos)",2376.78,Sul
41,Paraná,Alto,março,2025,PR4-3QP,Prédio residencial (4 pavimentos),2139.45,Sul
41,Paraná,Alto,março,2025,PC.12-LA,Prédio comercial (12 pavimentos),2126.2,Sul
41,Paraná,Alto,abril,2025,CR.1-3Q,"Casa residencial (1 pav, 3 quartos)",2395.44,Sul
41,Paraná,Alto,abril,2025,PR4-3QP,Prédio residencial (4 pavimentos),2154.18,Sul
41,Paraná,Alto,abril,2025,PC.12-LA,Prédio comercial (12 pavimentos),2131.69,Sul
41,Paraná,Alto,maio,2025,CR.1-3Q,"Casa residencial (1 pav, 3 quartos)",2394.65,Sul
41,Paraná,Alto,maio,2025,PR4-3QP,Prédio residencial (4 pavimentos),2164.73,Sul
41,Paraná,Alto,maio,2025,PC.12-LA,Prédio comercial (12 pavimentos),2126.21,Sul
41,Paraná,Alto,junho,2025,CR.1-3Q,"Casa residencial (1 pav, 3 quartos)",2403.79,Sul
41,Paraná,Alto,junho,2025,PR4-3QP,Prédio residencial (4 pavimentos),2184.85,Sul
41,Paraná,Alto,junho,2025,PC.12-LA,Prédio comercial (12 pavimentos),2133.94,Sul
41,Paraná,Alto,julho,2025,CR.1-3Q,"Casa residencial (1 pav, 3 quartos)",2405.64,Sul
41,Paraná,Alto,julho,2025,PR4-3QP,Prédio residencial (4 pavimentos),2163.08,Sul
41,Paraná,Alto,julho,2025,PC.12-LA,Prédio comercial (12 pavimentos),2131.4,Sul
41,Paraná,Alto,agosto,2025,CR.1-3Q,"Casa residencial (1 pav, 3 quartos)",2469.47,Sul
41,Paraná,Alto,agosto,2025,PR4-3QP,Prédio residencial (4 pavimentos),2226.31,Sul
41,Paraná,Alto,agosto,2025,PC.12-LA,Prédio comercial (12 pavimentos),2195.37,Sul
41,Paraná,Alto,setembro,2025,CR.1-3Q,"Casa residencial (1 pav, 3 quartos)",2475.79,Sul
41,Paraná,Alto,setembro,2025,PR4-3QP,Prédio residencial (4 pavimentos),2234.2,Sul
41,Paraná,Alto,setembro,2025,PC.12-LA,Prédio comercial (12 pavimentos),2196.41,Sul
41,Paraná,Alto,outubro,2025,CR.1-3Q,"Casa residencial (1 pav, 3 quartos)",2512.63,Sul
41,Paraná,Alto,outubro,2025,PR4-3QP,Prédio residencial (4 pavimentos),2240.23,Sul
41,Paraná,Alto,outubro,2025,PC.12-LA,Prédio comercial (12 pavimentos),2193.82,Sul
41,Paraná,Alto,novembro,2025,CR.1-3Q,"Casa residencial (1 pav, 3 quartos)",2514.68,Sul
41,Paraná,Alto,novembro,2025,PR4-3QP,Prédio residencial (4 pavimentos),2240.47,Sul
41,Paraná,Alto,novembro,2025,PC.12-LA,Prédio comercial (12 pavimentos),2196.1,Sul
41,Paraná,Alto,dezembro,2025,CR.1-3Q,"Casa residencial (1 pav, 3 quartos)",2522.46,Sul
41,Paraná,Alto,dezembro,2025,PR4-3QP,Prédio residencial (4 pavimentos),2248.86,Sul
41,Paraná,Alto,dezembro,2025,PC.12-LA,Prédio comercial (12 pavimentos),2204.65,Sul
41,Paraná,Normal,janeiro,2025,CP.1-2Q,"Casa popular (1 pav, varanda, sala, 2 quartos)",2108.92,Sul
41,Paraná,Normal,janeiro,2025,CR.1-3Q,"Casa residencial (1 pav, 3 quartos)",2000.21,Sul
41,Paraná,Normal,janeiro,2025,PR4-3QP,Prédio residencial (4 pavimentos),1725.22,Sul
41,Paraná,Normal,janeiro,2025,PC.12-LA,Prédio comercial (12 pavimentos),1680.04,Sul
41,Paraná,Normal,fevereiro,2025,CP.1-2Q,"Casa popular (1 pav, varanda, sala, 2 quartos)",2122.02,Sul
41,Paraná,Normal,fevereiro,2025,CR.1-3Q,"Casa residencial (1 pav, 3 quartos)",2013.49,Sul
41,Paraná,Normal,fevereiro,2025,PR4-3QP,Prédio residencial (4 pavimentos),1730.58,Sul
41,Paraná,Normal,fevereiro,2025,PC.12-LA,Prédio comercial (12 pavimentos),1682.17,Sul
41,Paraná,Normal,março,2025,CP.1-2Q,"Casa popular (1 pav, varanda, sala, 2 quartos)",2127.72,Sul
41,Paraná,Normal,março,2025,CR.1-3Q,"Casa residencial (1 pav, 3 quartos)",2017.18,Sul
41,Paraná,Normal,março,2025,PR4-3QP,Prédio residencial (4 pavimentos),1736.2,Sul
41,Paraná,Normal,março,2025,PC.12-LA,Prédio comercial (12 pavimentos),1694.74,Sul
41,Paraná,Normal,abril,2025,CP.1-2Q,"Casa popular (1 pav, varanda, sala, 2 quartos)",2145.22,Sul
41,Paraná,Normal,abril,2025,CR.1-3Q,"Casa residencial (1 pav, 3 quartos)",2033.34,Sul
41,Paraná,Normal,abril,2025,PR4-3QP,Prédio residencial (4 pavimentos),1741.76,Sul
41,Paraná,Normal,abril,2025,PC.12-LA,Prédio comercial (12 pavimentos),1696.52,Sul
41,Paraná,Normal,maio,2025,CP.1-2Q,"Casa popular (1 pav, varanda, sala, 2 quartos)",2143.35,Sul
41,Paraná,Normal,maio,2025,CR.1-3Q,"Casa residencial (1 pav, 3 quartos)",2034.34,Sul
41,Paraná,Normal,maio,2025,PR4-3QP,Prédio residencial (4 pavimentos),1747.81,Sul
41,Paraná,Normal,maio,2025,PC.12-LA,Prédio comercial (12 pavimentos),1692.04,Sul
41,Paraná,Normal,junho,2025,CP.1-2Q,"Casa popular (1 pav, varanda, sala, 2 quartos)",2151.87,Sul
41,Paraná,Normal,junho,2025,CR.1-3Q,"Casa residencial (1 pav, 3 quartos)",2044.84,Sul
41,Paraná,Normal,junho,2025,PR4-3QP,Prédio residencial (4 pavimentos),1759.17,Sul
41,Paraná,Normal,junho,2025,PC.12-LA,Prédio comercial (12 pavimentos),1688.73,Sul
41,Paraná,Normal,julho,2025,CP.1-2Q,"Casa popular (1 pav, varanda, sala, 2 quartos)",2162.24,Sul
41,Paraná,Normal,julho,2025,CR.1-3Q,"Casa residencial (1 pav, 3 quartos)",2052.51,Sul
41,Paraná,Normal,julho,2025,PR4-3QP,Prédio residencial (4 pavimentos),1756.35,Sul
41,Paraná,Normal,julho,2025,PC.12-LA,Prédio comercial (12 pavimentos),1694.68,Sul
41,Paraná,Normal,agosto,2025,CP.1-2Q,"Casa popular (1 pav, varanda, sala, 2 quartos)",2225.26,Sul
41,Paraná,Normal,agosto,2025,CR.1-3Q,"Casa residencial (1 pav, 3 quartos)",2110.21,Sul
41,Paraná,Normal,agosto,2025,PR4-3QP,Prédio residencial (4 pavimentos),1803.34,Sul
41,Paraná,Normal,agosto,2025,PC.12-LA,Prédio comercial (12 pavimentos),1738.61,Sul
41,Paraná,Normal,setembro,2025,CP.1-2Q,"Casa popular (1 pav, varanda, sala, 2 quartos)",2225.37,Sul
41,Paraná,Normal,setembro,2025,CR.1-3Q,"Casa residencial (1 pav, 3 quartos)",2109.89,Sul
41,Paraná,Normal,setembro,2025,PR4-3QP,Prédio residencial (4 pavimentos),1803.67,Sul
41,Paraná,Normal,setembro,2025,PC.12-LA,Prédio comercial (12 pavimentos),1737.96,Sul
41,Paraná,Normal,outubro,2025,CP.1-2Q,"Casa popular (1 pav, varanda, sala, 2 quartos)",2250.15,Sul
41,Paraná,Normal,outubro,2025,CR.1-3Q,"Casa residencial (1 pav, 3 quartos)",2129.46,Sul
41,Paraná,Normal,outubro,2025,PR4-3QP,Prédio residencial (4 pavimentos),1800.66,Sul
41,Paraná,Normal,outubro,2025,PC.12-LA,Prédio comercial (12 pavimentos),1735.39,Sul
41,Paraná,Normal,novembro,2025,CP.1-2Q,"Casa popular (1 pav, varanda, sala, 2 quartos)",2251.6,Sul
41,Paraná,Normal,novembro,2025,CR.1-3Q,"Casa residencial (1 pav, 3 quartos)",2131.14,Sul
41,Paraná,Normal,novembro,2025,PR4-3QP,Prédio residencial (4 pavimentos),1800.73,Sul
41,Paraná,Normal,novembro,2025,PC.12-LA,Prédio comercial (12 pavimentos),1736.69,Sul
41,Paraná,Normal,dezembro,2025,CP.1-2Q,"Casa popular (1 pav, varanda, sala, 2 quartos)",2254.1,Sul
41,Paraná,Normal,dezembro,2025,CR.1-3Q,"Casa residencial (1 pav, 3 quartos)",2134.89,Sul
41,Paraná,Normal,dezembro,2025,PR4-3QP,Prédio residencial (4 pavimentos),1806.44,Sul
41,Paraná,Normal,dezembro,2025,PC.12-LA,Prédio comercial (12 pavimentos),1741.75,Sul
41,Paraná,Baixo,janeiro,2025,CP.1-2Q,"Casa popular (1 pav, varanda, sala, 2 quartos)",1455.41,Sul
41,Paraná,Baixo,janeiro,2025,CR.1-3Q,"Casa residencial (1 pav, 3 quartos)",1375.81,Sul
41,Paraná,Baixo,janeiro,2025,PR4-3QP,Prédio residencial (4 pavimentos),1378.15,Sul
41,Paraná,Baixo,fevereiro,2025,CP.1-2Q,"Casa popular (1 pav, varanda, sala, 2 quartos)",1458.02,Sul
41,Paraná,Baixo,fevereiro,2025,CR.1-3Q,"Casa residencial (1 pav, 3 quartos)",1378.95,Sul
41,Paraná,Baixo,fevereiro,2025,PR4-3QP,Prédio residencial (4 pavimentos),1380.22,Sul
41,Paraná,Baixo,março,2025,CP.1-2Q,"Casa popular (1 pav, varanda, sala, 2 quartos)",1467.35,Sul
41,Paraná,Baixo,março,2025,CR.1-3Q,"Casa residencial (1 pav, 3 quartos)",1387.65,Sul
41,Paraná,Baixo,março,2025,PR4-3QP,Prédio residencial (4 pavimentos),1390.13,Sul
41,Paraná,Baixo,abril,2025,CP.1-2Q,"Casa popular (1 pav, varanda, sala, 2 quartos)",1474.51,Sul
41,Paraná,Baixo,abril,2025,CR.1-3Q,"Casa residencial (1 pav, 3 quartos)",1395.06,Sul
41,Paraná,Baixo,abril,2025,PR4-3QP,Prédio residencial (4 pavimentos),1394.37,Sul
41,Paraná,Baixo,maio,2025,CP.1-2Q,"Casa popular (1 pav, varanda, sala, 2 quartos)",1473.67,Sul
41,Paraná,Baixo,maio,2025,CR.1-3Q,"Casa residencial (1 pav, 3 quartos)",1395.53,Sul
41,Paraná,Baixo,maio,2025,PR4-3QP,Prédio residencial (4 pavimentos),1396.79,Sul
41,Paraná,Baixo,junho,2025,CP.1-2Q,"Casa popular (1 pav, varanda, sala, 2 quartos)",1475.47,Sul
41,Paraná,Baixo,junho,2025,CR.1-3Q,"Casa residencial (1 pav, 3 quartos)",1398.51,Sul
41,Paraná,Baixo,junho,2025,PR4-3QP,Prédio residencial (4 pavimentos),1402.04,Sul
41,Paraná,Baixo,julho,2025,CP.1-2Q,"Casa popular (1 pav, varanda, sala, 2 quartos)",1480.64,Sul
41,Paraná,Baixo,julho,2025,CR.1-3Q,"Casa residencial (1 pav, 3 quartos)",1402.22,Sul
41,Paraná,Baixo,julho,2025,PR4-3QP,Prédio residencial (4 pavimentos),1399.67,Sul
41,Paraná,Baixo,agosto,2025,CP.1-2Q,"Casa popular (1 pav, varanda, sala, 2 quartos)",1527.4,Sul
41,Paraná,Baixo,agosto,2025,CR.1-3Q,"Casa residencial (1 pav, 3 quartos)",1445.61,Sul
41,Paraná,Baixo,agosto,2025,PR4-3QP,Prédio residencial (4 pavimentos),1436.69,Sul
41,Paraná,Baixo,setembro,2025,CP.1-2Q,"Casa popular (1 pav, varanda, sala, 2 quartos)",1527.61,Sul
41,Paraná,Baixo,setembro,2025,CR.1-3Q,"Casa residencial (1 pav, 3 quartos)",1445.16,Sul
41,Paraná,Baixo,setembro,2025,PR4-3QP,Prédio residencial (4 pavimentos),1436.23,Sul
41,Paraná,Baixo,outubro,2025,CP.1-2Q,"Casa popular (1 pav, varanda, sala, 2 quartos)",1545.07,Sul
41,Paraná,Baixo,outubro,2025,CR.1-3Q,"Casa residencial (1 pav, 3 quartos)",1459.14,Sul
41,Paraná,Baixo,outubro,2025,PR4-3QP,Prédio residencial (4 pavimentos),1435.5,Sul
41,Paraná,Baixo,novembro,2025,CP.1-2Q,"Casa popular (1 pav, varanda, sala, 2 quartos)",1547.65,Sul
41,Paraná,Baixo,novembro,2025,CR.1-3Q,"Casa residencial (1 pav, 3 quartos)",1461.81,Sul
41,Paraná,Baixo,novembro,2025,PR4-3QP,Prédio residencial (4 pavimentos),1436.46,Sul
41,Paraná,Baixo,dezembro,2025,CP.1-2Q,"Casa popular (1 pav, varanda, sala, 2 quartos)",1545.8,Sul
41,Paraná,Baixo,dezembro,2025,CR.1-3Q,"Casa residencial (1 pav, 3 quartos)",1461.17,Sul
41,Paraná,Baixo,dezembro,2025,PR4-3QP,Prédio residencial (4 pavimentos),1440.34,Sul
41,Paraná,Mínimo,janeiro,2025,CP.1-2Q,"Casa popular (1 pav, varanda, sala, 2 quartos)",1258.77,Sul
41,Paraná,Mínimo,janeiro,2025,CB-MMO,Cesta básica construção,1173.79,Sul
41,Paraná,Mínimo,fevereiro,2025,CP.1-2Q,"Casa popular (1 pav, varanda, sala, 2 quartos)",1262.55,Sul
41,Paraná,Mínimo,fevereiro,2025,CB-MMO,Cesta básica construção,1174.74,Sul
41,Paraná,Mínimo,março,2025,CP.1-2Q,"Casa popular (1 pav, varanda, sala, 2 quartos)",1267.91,Sul
41,Paraná,Mínimo,março,2025,CB-MMO,Cesta básica construção,1179.26,Sul
41,Paraná,Mínimo,abril,2025,CP.1-2Q,"Casa popular (1 pav, varanda, sala, 2 quartos)",1272.96,Sul
41,Paraná,Mínimo,abril,2025,CB-MMO,Cesta básica construção,1181.62,Sul
41,Paraná,Mínimo,maio,2025,CP.1-2Q,"Casa popular (1 pav, varanda, sala, 2 quartos)",1270.61,Sul
41,Paraná,Mínimo,maio,2025,CB-MMO,Cesta básica construção,1182.09,Sul
41,Paraná,Mínimo,junho,2025,CP.1-2Q,"Casa popular (1 pav, varanda, sala, 2 quartos)",1273.63,Sul
41,Paraná,Mínimo,junho,2025,CB-MMO,Cesta básica construção,1184.32,Sul
41,Paraná,Mínimo,julho,2025,CP.1-2Q,"Casa popular (1 pav, varanda, sala, 2 quartos)",1278.81,Sul
41,Paraná,Mínimo,julho,2025,CB-MMO,Cesta básica construção,1187.73,Sul
41,Paraná,Mínimo,agosto,2025,CP.1-2Q,"Casa popular (1 pav, varanda, sala, 2 quartos)",1321.74,Sul
41,Paraná,Mínimo,agosto,2025,CB-MMO,Cesta básica construção,1233.64,Sul
41,Paraná,Mínimo,setembro,2025,CP.1-2Q,"Casa popular (1 pav, varanda, sala, 2 quartos)",1322.14,Sul
41,Paraná,Mínimo,setembro,2025,CB-MMO,Cesta básica construção,1233.64,Sul
41,Paraná,Mínimo,outubro,2025,CP.1-2Q,"Casa popular (1 pav, varanda, sala, 2 quartos)",1340.6,Sul
41,Paraná,Mínimo,outubro,2025,CB-MMO,Cesta básica construção,1244.4,Sul
41,Paraná,Mínimo,novembro,2025,CP.1-2Q,"Casa popular (1 pav, varanda, sala, 2 quartos)",1342.94,Sul
41,Paraná,Mínimo,novembro,2025,CB-MMO,Cesta básica construção,1245.53,Sul
41,Paraná,Mínimo,dezembro,2025,CP.1-2Q,"Casa popular (1 pav, varanda, sala, 2 quartos)",1343.23,Sul
41,Paraná,Mínimo,dezembro,2025,CB-MMO,Cesta básica construção,1245.28,Sul
42,Santa Catarina,Alto,janeiro,2025,CR.1-3Q,"Casa residencial (1 pav, 3 quartos)",2581.46,Sul
42,Santa Catarina,Alto,janeiro,2025,PR4-3QP,Prédio residencial (4 pavimentos),2178.89,Sul
42,Santa Catarina,Alto,janeiro,2025,PC.12-LA,Prédio comercial (12 pavimentos),2127.07,Sul
42,Santa Catarina,Alto,fevereiro,2025,CR.1-3Q,"Casa residencial (1 pav, 3 quartos)",2570.87,Sul
42,Santa Catarina,Alto,fevereiro,2025,PR4-3QP,Prédio residencial (4 pavimentos),2169.84,Sul
42,Santa Catarina,Alto,fevereiro,2025,PC.12-LA,Prédio comercial (12 pavimentos),2129.52,Sul
42,Santa Catarina,Alto,março,2025,CR.1-3Q,"Casa residencial (1 pav, 3 quartos)",2602.27,Sul
42,Santa Catarina,Alto,março,2025,PR4-3QP,Prédio residencial (4 pavimentos),2181.89,Sul
42,Santa Catarina,Alto,março,2025,PC.12-LA,Prédio comercial (12 pavimentos),2138.48,Sul
42,Santa Catarina,Alto,abril,2025,CR.1-3Q,"Casa residencial (1 pav, 3 quartos)",2610.01,Sul
42,Santa Catarina,Alto,abril,2025,PR4-3QP,Prédio residencial (4 pavimentos),2183.87,Sul
42,Santa Catarina,Alto,abril,2025,PC.12-LA,Prédio comercial (12 pavimentos),2137.95,Sul
42,Santa Catarina,Alto,maio,2025,CR.1-3Q,"Casa residencial (1 pav, 3 quartos)",2613.11,Sul
42,Santa Catarina,Alto,maio,2025,PR4-3QP,Prédio residencial (4 pavimentos),2188.44,Sul
42,Santa Catarina,Alto,maio,2025,PC.12-LA,Prédio comercial (12 pavimentos),2143.05,Sul
42,Santa Catarina,Alto,junho,2025,CR.1-3Q,"Casa residencial (1 pav, 3 quartos)",2653.83,Sul
42,Santa Catarina,Alto,junho,2025,PR4-3QP,Prédio residencial (4 pavimentos),2221.54,Sul
42,Santa Catarina,Alto,junho,2025,PC.12-LA,Prédio comercial (12 pavimentos),2171.17,Sul
42,Santa Catarina,Alto,julho,2025,CR.1-3Q,"Casa residencial (1 pav, 3 quartos)",2648.1,Sul
42,Santa Catarina,Alto,julho,2025,PR4-3QP,Prédio residencial (4 pavimentos),2224.77,Sul
42,Santa Catarina,Alto,julho,2025,PC.12-LA,Prédio comercial (12 pavimentos),2172.03,Sul
42,Santa Catarina,Alto,agosto,2025,CR.1-3Q,"Casa residencial (1 pav, 3 quartos)",2659.44,Sul
42,Santa Catarina,Alto,agosto,2025,PR4-3QP,Prédio residencial (4 pavimentos),2250.9,Sul
42,Santa Catarina,Alto,agosto,2025,PC.12-LA,Prédio comercial (12 pavimentos),2196.16,Sul
42,Santa Catarina,Alto,setembro,2025,CR.1-3Q,"Casa residencial (1 pav, 3 quartos)",2687.27,Sul
42,Santa Catarina,Alto,setembro,2025,PR4-3QP,Prédio residencial (4 pavimentos),2252.65,Sul
42,Santa Catarina,Alto,setembro,2025,PC.12-LA,Prédio comercial (12 pavimentos),2197.61,Sul
42,Santa Catarina,Alto,outubro,2025,CR.1-3Q,"Casa residencial (1 pav, 3 quartos)",2685.35,Sul
42,Santa Catarina,Alto,outubro,2025,PR4-3QP,Prédio residencial (4 pavimentos),2258.93,Sul
42,Santa Catarina,Alto,outubro,2025,PC.12-LA,Prédio comercial (12 pavimentos),2204.36,Sul
42,Santa Catarina,Alto,novembro,2025,CR.1-3Q,"Casa residencial (1 pav, 3 quartos)",2712.98,Sul
42,Santa Catarina,Alto,novembro,2025,PR4-3QP,Prédio residencial (4 pavimentos),2277.88,Sul
42,Santa Catarina,Alto,novembro,2025,PC.12-LA,Prédio comercial (12 pavimentos),2222.3,Sul
42,Santa Catarina,Alto,dezembro,2025,CR.1-3Q,"Casa residencial (1 pav, 3 quartos)",2714.79,Sul
42,Santa Catarina,Alto,dezembro,2025,PR4-3QP,Prédio residencial (4 pavimentos),2277.61,Sul
42,Santa Catarina,Alto,dezembro,2025,PC.12-LA,Prédio comercial (12 pavimentos),2220.6,Sul
42,Santa Catarina,Normal,janeiro,2025,CP.1-2Q,"Casa popular (1 pav, varanda, sala, 2 quartos)",2294.67,Sul
42,Santa Catarina,Normal,janeiro,2025,CR.1-3Q,"Casa residencial (1 pav, 3 quartos)",2155.19,Sul
42,Santa Catarina,Normal,janeiro,2025,PR4-3QP,Prédio residencial (4 pavimentos),1755.64,Sul
42,Santa Catarina,Normal,janeiro,2025,PC.12-LA,Prédio comercial (12 pavimentos),1730.33,Sul
42,Santa Catarina,Normal,fevereiro,2025,CP.1-2Q,"Casa popular (1 pav, varanda, sala, 2 quartos)",2295.71,Sul
42,Santa Catarina,Normal,fevereiro,2025,CR.1-3Q,"Casa residencial (1 pav, 3 quartos)",2155.62,Sul
42,Santa Catarina,Normal,fevereiro,2025,PR4-3QP,Prédio residencial (4 pavimentos),1756.41,Sul
42,Santa Catarina,Normal,fevereiro,2025,PC.12-LA,Prédio comercial (12 pavimentos),1732.06,Sul
42,Santa Catarina,Normal,março,2025,CP.1-2Q,"Casa popular (1 pav, varanda, sala, 2 quartos)",2324.87,Sul
42,Santa Catarina,Normal,março,2025,CR.1-3Q,"Casa residencial (1 pav, 3 quartos)",2180.69,Sul
42,Santa Catarina,Normal,março,2025,PR4-3QP,Prédio residencial (4 pavimentos),1767.67,Sul
42,Santa Catarina,Normal,março,2025,PC.12-LA,Prédio comercial (12 pavimentos),1743.99,Sul
42,Santa Catarina,Normal,abril,2025,CP.1-2Q,"Casa popular (1 pav, varanda, sala, 2 quartos)",2325.44,Sul
42,Santa Catarina,Normal,abril,2025,CR.1-3Q,"Casa residencial (1 pav, 3 quartos)",2182.58,Sul
42,Santa Catarina,Normal,abril,2025,PR4-3QP,Prédio residencial (4 pavimentos),1774.58,Sul
42,Santa Catarina,Normal,abril,2025,PC.12-LA,Prédio comercial (12 pavimentos),1748.1,Sul
42,Santa Catarina,Normal,maio,2025,CP.1-2Q,"Casa popular (1 pav, varanda, sala, 2 quartos)",2328.47,Sul
42,Santa Catarina,Normal,maio,2025,CR.1-3Q,"Casa residencial (1 pav, 3 quartos)",2186.81,Sul
42,Santa Catarina,Normal,maio,2025,PR4-3QP,Prédio residencial (4 pavimentos),1778.81,Sul
42,Santa Catarina,Normal,maio,2025,PC.12-LA,Prédio comercial (12 pavimentos),1748.35,Sul
42,Santa Catarina,Normal,junho,2025,CP.1-2Q,"Casa popular (1 pav, varanda, sala, 2 quartos)",2361.72,Sul
42,Santa Catarina,Normal,junho,2025,CR.1-3Q,"Casa residencial (1 pav, 3 quartos)",2220.04,Sul
42,Santa Catarina,Normal,junho,2025,PR4-3QP,Prédio residencial (4 pavimentos),1805.35,Sul
42,Santa Catarina,Normal,junho,2025,PC.12-LA,Prédio comercial (12 pavimentos),1769.8,Sul
42,Santa Catarina,Normal,julho,2025,CP.1-2Q,"Casa popular (1 pav, varanda, sala, 2 quartos)",2356.53,Sul
42,Santa Catarina,Normal,julho,2025,CR.1-3Q,"Casa residencial (1 pav, 3 quartos)",2215.3,Sul
42,Santa Catarina,Normal,julho,2025,PR4-3QP,Prédio residencial (4 pavimentos),1809.64,Sul
42,Santa Catarina,Normal,julho,2025,PC.12-LA,Prédio comercial (12 pavimentos),1772.84,Sul
42,Santa Catarina,Normal,agosto,2025,CP.1-2Q,"Casa popular (1 pav, varanda, sala, 2 quartos)",2365.16,Sul
42,Santa Catarina,Normal,agosto,2025,CR.1-3Q,"Casa residencial (1 pav, 3 quartos)",2224.87,Sul
42,Santa Catarina,Normal,agosto,2025,PR4-3QP,Prédio residencial (4 pavimentos),1830.41,Sul
42,Santa Catarina,Normal,agosto,2025,PC.12-LA,Prédio comercial (12 pavimentos),1789.3,Sul
42,Santa Catarina,Normal,setembro,2025,CP.1-2Q,"Casa popular (1 pav, varanda, sala, 2 quartos)",2385.87,Sul
42,Santa Catarina,Normal,setembro,2025,CR.1-3Q,"Casa residencial (1 pav, 3 quartos)",2243.73,Sul
42,Santa Catarina,Normal,setembro,2025,PR4-3QP,Prédio residencial (4 pavimentos),1827.48,Sul
42,Santa Catarina,Normal,setembro,2025,PC.12-LA,Prédio comercial (12 pavimentos),1789.87,Sul
42,Santa Catarina,Normal,outubro,2025,CP.1-2Q,"Casa popular (1 pav, varanda, sala, 2 quartos)",2382.58,Sul
42,Santa Catarina,Normal,outubro,2025,CR.1-3Q,"Casa residencial (1 pav, 3 quartos)",2240.83,Sul
42,Santa Catarina,Normal,outubro,2025,PR4-3QP,Prédio residencial (4 pavimentos),1832.92,Sul
42,Santa Catarina,Normal,outubro,2025,PC.12-LA,Prédio comercial (12 pavimentos),1798.22,Sul
42,Santa Catarina,Normal,novembro,2025,CP.1-2Q,"Casa popular (1 pav, varanda, sala, 2 quartos)",2412.56,Sul
42,Santa Catarina,Normal,novembro,2025,CR.1-3Q,"Casa residencial (1 pav, 3 quartos)",2269.51,Sul
42,Santa Catarina,Normal,novembro,2025,PR4-3QP,Prédio residencial (4 pavimentos),1848.42,Sul
42,Santa Catarina,Normal,novembro,2025,PC.12-LA,Prédio comercial (12 pavimentos),1811.69,Sul
42,Santa Catarina,Normal,dezembro,2025,CP.1-2Q,"Casa popular (1 pav, varanda, sala, 2 quartos)",2413.03,Sul
42,Santa Catarina,Normal,dezembro,2025,CR.1-3Q,"Casa residencial (1 pav, 3 quartos)",2268.81,Sul
42,Santa Catarina,Normal,dezembro,2025,PR4-3QP,Prédio residencial (4 pavimentos),1845.29,Sul
42,Santa Catarina,Normal,dezembro,2025,PC.12-LA,Prédio comercial (12 pavimentos),1806.2,Sul
42,Santa Catarina,Baixo,janeiro,2025,CP.1-2Q,"Casa popular (1 pav, varanda, sala, 2 quartos)",1583.32,Sul
42,Santa Catarina,Baixo,janeiro,2025,CR.1-3Q,"Casa residencial (1 pav, 3 quartos)",1486.09,Sul
42,Santa Catarina,Baixo,janeiro,2025,PR4-3QP,Prédio residencial (4 pavimentos),1423.88,Sul
42,Santa Catarina,Baixo,fevereiro,2025,CP.1-2Q,"Casa popular (1 pav, varanda, sala, 2 quartos)",1582.52,Sul
42,Santa Catarina,Baixo,fevereiro,2025,CR.1-3Q,"Casa residencial (1 pav, 3 quartos)",1484.83,Sul
42,Santa Catarina,Baixo,fevereiro,2025,PR4-3QP,Prédio residencial (4 pavimentos),1422.49,Sul
42,Santa Catarina,Baixo,março,2025,CP.1-2Q,"Casa popular (1 pav, varanda, sala, 2 quartos)",1598.16,Sul
42,Santa Catarina,Baixo,março,2025,CR.1-3Q,"Casa residencial (1 pav, 3 quartos)",1498.63,Sul
42,Santa Catarina,Baixo,março,2025,PR4-3QP,Prédio residencial (4 pavimentos),1433.09,Sul
42,Santa Catarina,Baixo,abril,2025,CP.1-2Q,"Casa popular (1 pav, varanda, sala, 2 quartos)",1601.93,Sul
42,Santa Catarina,Baixo,abril,2025,CR.1-3Q,"Casa residencial (1 pav, 3 quartos)",1502.46,Sul
42,Santa Catarina,Baixo,abril,2025,PR4-3QP,Prédio residencial (4 pavimentos),1439.06,Sul
42,Santa Catarina,Baixo,maio,2025,CP.1-2Q,"Casa popular (1 pav, varanda, sala, 2 quartos)",1600.01,Sul
42,Santa Catarina,Baixo,maio,2025,CR.1-3Q,"Casa residencial (1 pav, 3 quartos)",1501.21,Sul
42,Santa Catarina,Baixo,maio,2025,PR4-3QP,Prédio residencial (4 pavimentos),1438.19,Sul
42,Santa Catarina,Baixo,junho,2025,CP.1-2Q,"Casa popular (1 pav, varanda, sala, 2 quartos)",1628.35,Sul
42,Santa Catarina,Baixo,junho,2025,CR.1-3Q,"Casa residencial (1 pav, 3 quartos)",1528.8,Sul
42,Santa Catarina,Baixo,junho,2025,PR4-3QP,Prédio residencial (4 pavimentos),1460.23,Sul
42,Santa Catarina,Baixo,julho,2025,CP.1-2Q,"Casa popular (1 pav, varanda, sala, 2 quartos)",1627.64,Sul
42,Santa Catarina,Baixo,julho,2025,CR.1-3Q,"Casa residencial (1 pav, 3 quartos)",1528.44,Sul
42,Santa Catarina,Baixo,julho,2025,PR4-3QP,Prédio residencial (4 pavimentos),1463.19,Sul
42,Santa Catarina,Baixo,agosto,2025,CP.1-2Q,"Casa popular (1 pav, varanda, sala, 2 quartos)",1637.78,Sul
42,Santa Catarina,Baixo,agosto,2025,CR.1-3Q,"Casa residencial (1 pav, 3 quartos)",1537.25,Sul
42,Santa Catarina,Baixo,agosto,2025,PR4-3QP,Prédio residencial (4 pavimentos),1476.8,Sul
42,Santa Catarina,Baixo,setembro,2025,CP.1-2Q,"Casa popular (1 pav, varanda, sala, 2 quartos)",1647.31,Sul
42,Santa Catarina,Baixo,setembro,2025,CR.1-3Q,"Casa residencial (1 pav, 3 quartos)",1545.65,Sul
42,Santa Catarina,Baixo,setembro,2025,PR4-3QP,Prédio residencial (4 pavimentos),1473.65,Sul
42,Santa Catarina,Baixo,outubro,2025,CP.1-2Q,"Casa popular (1 pav, varanda, sala, 2 quartos)",1646.08,Sul
42,Santa Catarina,Baixo,outubro,2025,CR.1-3Q,"Casa residencial (1 pav, 3 quartos)",1545.03,Sul
42,Santa Catarina,Baixo,outubro,2025,PR4-3QP,Prédio residencial (4 pavimentos),1480.55,Sul
42,Santa Catarina,Baixo,novembro,2025,CP.1-2Q,"Casa popular (1 pav, varanda, sala, 2 quartos)",1665.45,Sul
42,Santa Catarina,Baixo,novembro,2025,CR.1-3Q,"Casa residencial (1 pav, 3 quartos)",1563.39,Sul
42,Santa Catarina,Baixo,novembro,2025,PR4-3QP,Prédio residencial (4 pavimentos),1491.36,Sul
42,Santa Catarina,Baixo,dezembro,2025,CP.1-2Q,"Casa popular (1 pav, varanda, sala, 2 quartos)",1661.78,Sul
42,Santa Catarina,Baixo,dezembro,2025,CR.1-3Q,"Casa residencial (1 pav, 3 quartos)",1559.63,Sul
42,Santa Catarina,Baixo,dezembro,2025,PR4-3QP,Prédio residencial (4 pavimentos),1487.12,Sul
42,Santa Catarina,Mínimo,janeiro,2025,CP.1-2Q,"Casa popular (1 pav, varanda, sala, 2 quartos)",1396.67,Sul
42,Santa Catarina,Mínimo,janeiro,2025,CB-MMO,Cesta básica construção,1262.46,Sul
42,Santa Catarina,Mínimo,fevereiro,2025,CP.1-2Q,"Casa popular (1 pav, varanda, sala, 2 quartos)",1395.48,Sul
42,Santa Catarina,Mínimo,fevereiro,2025,CB-MMO,Cesta básica construção,1261.21,Sul
42,Santa Catarina,Mínimo,março,2025,CP.1-2Q,"Casa popular (1 pav, varanda, sala, 2 quartos)",1411.36,Sul
42,Santa Catarina,Mínimo,março,2025,CB-MMO,Cesta básica construção,1267.92,Sul
42,Santa Catarina,Mínimo,abril,2025,CP.1-2Q,"Casa popular (1 pav, varanda, sala, 2 quartos)",1411.12,Sul
42,Santa Catarina,Mínimo,abril,2025,CB-MMO,Cesta básica construção,1267.73,Sul
42,Santa Catarina,Mínimo,maio,2025,CP.1-2Q,"Casa popular (1 pav, varanda, sala, 2 quartos)",1410.66,Sul
42,Santa Catarina,Mínimo,maio,2025,CB-MMO,Cesta básica construção,1267.15,Sul
42,Santa Catarina,Mínimo,junho,2025,CP.1-2Q,"Casa popular (1 pav, varanda, sala, 2 quartos)",1436.91,Sul
42,Santa Catarina,Mínimo,junho,2025,CB-MMO,Cesta básica construção,1288.85,Sul
42,Santa Catarina,Mínimo,julho,2025,CP.1-2Q,"Casa popular (1 pav, varanda, sala, 2 quartos)",1435.8,Sul
42,Santa Catarina,Mínimo,julho,2025,CB-MMO,Cesta básica construção,1290.87,Sul
42,Santa Catarina,Mínimo,agosto,2025,CP.1-2Q,"Casa popular (1 pav, varanda, sala, 2 quartos)",1445.71,Sul
42,Santa Catarina,Mínimo,agosto,2025,CB-MMO,Cesta básica construção,1308.88,Sul
42,Santa Catarina,Mínimo,setembro,2025,CP.1-2Q,"Casa popular (1 pav, varanda, sala, 2 quartos)",1454.53,Sul
42,Santa Catarina,Mínimo,setembro,2025,CB-MMO,Cesta básica construção,1309.92,Sul
42,Santa Catarina,Mínimo,outubro,2025,CP.1-2Q,"Casa popular (1 pav, varanda, sala, 2 quartos)",1453.72,Sul
42,Santa Catarina,Mínimo,outubro,2025,CB-MMO,Cesta básica construção,1308.98,Sul
42,Santa Catarina,Mínimo,novembro,2025,CP.1-2Q,"Casa popular (1 pav, varanda, sala, 2 quartos)",1472.59,Sul
42,Santa Catarina,Mínimo,novembro,2025,CB-MMO,Cesta básica construção,1327.8,Sul
42,Santa Catarina,Mínimo,dezembro,2025,CP.1-2Q,"Casa popular (1 pav, varanda, sala, 2 quartos)",1469.33,Sul
42,Santa Catarina,Mínimo,dezembro,2025,CB-MMO,Cesta básica construção,1324.67,Sul
43,Rio Grande do Sul,Alto,janeiro,2025,CR.1-3Q,"Casa residencial (1 pav, 3 quartos)",2189.43,Sul
43,Rio Grande do Sul,Alto,janeiro,2025,PR4-3QP,Prédio residencial (4 pavimentos),1959.58,Sul
43,Rio Grande do Sul,Alto,janeiro,2025,PC.12-LA,Prédio comercial (12 pavimentos),1891.55,Sul
43,Rio Grande do Sul,Alto,fevereiro,2025,CR.1-3Q,"Casa residencial (1 pav, 3 quartos)",2160.18,Sul
43,Rio Grande do Sul,Alto,fevereiro,2025,PR4-3QP,Prédio residencial (4 pavimentos),1928.06,Sul
43,Rio Grande do Sul,Alto,fevereiro,2025,PC.12-LA,Prédio comercial (12 pavimentos),1882.17,Sul
43,Rio Grande do Sul,Alto,março,2025,CR.1-3Q,"Casa residencial (1 pav, 3 quartos)",2158.68,Sul
43,Rio Grande do Sul,Alto,março,2025,PR4-3QP,Prédio residencial (4 pavimentos),1932.5,Sul
43,Rio Grande do Sul,Alto,março,2025,PC.12-LA,Prédio comercial (12 pavimentos),1884.52,Sul
43,Rio Grande do Sul,Alto,abril,2025,CR.1-3Q,"Casa residencial (1 pav, 3 quartos)",2183.78,Sul
43,Rio Grande do Sul,Alto,abril,2025,PR4-3QP,Prédio residencial (4 pavimentos),1945.39,Sul
43,Rio Grande do Sul,Alto,abril,2025,PC.12-LA,Prédio comercial (12 pavimentos),1896.5,Sul
43,Rio Grande do Sul,Alto,maio,2025,CR.1-3Q,"Casa residencial (1 pav, 3 quartos)",2200.37,Sul
43,Rio Grande do Sul,Alto,maio,2025,PR4-3QP,Prédio residencial (4 pavimentos),1960.8,Sul
43,Rio Grande do Sul,Alto,maio,2025,PC.12-LA,Prédio comercial (12 pavimentos),1914.04,Sul
43,Rio Grande do Sul,Alto,junho,2025,CR.1-3Q,"Casa residencial (1 pav, 3 quartos)",2224.31,Sul
43,Rio Grande do Sul,Alto,junho,2025,PR4-3QP,Prédio residencial (4 pavimentos),1984.41,Sul
43,Rio Grande do Sul,Alto,junho,2025,PC.12-LA,Prédio comercial (12 pavimentos),1920.55,Sul
43,Rio Grande do Sul,Alto,julho,2025,CR.1-3Q,"Casa residencial (1 pav, 3 quartos)",2251.6,Sul
43,Rio Grande do Sul,Alto,julho,2025,PR4-3QP,Prédio residencial (4 pavimentos),1984.96,Sul
43,Rio Grande do Sul,Alto,julho,2025,PC.12-LA,Prédio comercial (12 pavimentos),1931.35,Sul
43,Rio Grande do Sul,Alto,agosto,2025,CR.1-3Q,"Casa residencial (1 pav, 3 quartos)",2301.47,Sul
43,Rio Grande do Sul,Alto,agosto,2025,PR4-3QP,Prédio residencial (4 pavimentos),2050.77,Sul
43,Rio Grande do Sul,Alto,agosto,2025,PC.12-LA,Prédio comercial (12 pavimentos),1989.67,Sul
43,Rio Grande do Sul,Alto,setembro,2025,CR.1-3Q,"Casa residencial (1 pav, 3 quartos)",2310.74,Sul
43,Rio Grande do Sul,Alto,setembro,2025,PR4-3QP,Prédio residencial (4 pavimentos),2056.33,Sul
43,Rio Grande do Sul,Alto,setembro,2025,PC.12-LA,Prédio comercial (12 pavimentos),1990.07,Sul
43,Rio Grande do Sul,Alto,outubro,2025,CR.1-3Q,"Casa residencial (1 pav, 3 quartos)",2311.76,Sul
43,Rio Grande do Sul,Alto,outubro,2025,PR4-3QP,Prédio residencial (4 pavimentos),2056.11,Sul
43,Rio Grande do Sul,Alto,outubro,2025,PC.12-LA,Prédio comercial (12 pavimentos),1993.72,Sul
43,Rio Grande do Sul,Alto,novembro,2025,CR.1-3Q,"Casa residencial (1 pav, 3 quartos)",2324.62,Sul
43,Rio Grande do Sul,Alto,novembro,2025,PR4-3QP,Prédio residencial (4 pavimentos),2058.68,Sul
43,Rio Grande do Sul,Alto,novembro,2025,PC.12-LA,Prédio comercial (12 pavimentos),1991.19,Sul
43,Rio Grande do Sul,Alto,dezembro,2025,CR.1-3Q,"Casa residencial (1 pav, 3 quartos)",2325.65,Sul
43,Rio Grande do Sul,Alto,dezembro,2025,PR4-3QP,Prédio residencial (4 pavimentos),2060.36,Sul
43,Rio Grande do Sul,Alto,dezembro,2025,PC.12-LA,Prédio comercial (12 pavimentos),1989.99,Sul
43,Rio Grande do Sul,Normal,janeiro,2025,CP.1-2Q,"Casa popular (1 pav, varanda, sala, 2 quartos)",1913.46,Sul
43,Rio Grande do Sul,Normal,janeiro,2025,CR.1-3Q,"Casa residencial (1 pav, 3 quartos)",1808.22,Sul
43,Rio Grande do Sul,Normal,janeiro,2025,PR4-3QP,Prédio residencial (4 pavimentos),1580.45,Sul
43,Rio Grande do Sul,Normal,janeiro,2025,PC.12-LA,Prédio comercial (12 pavimentos),1543.86,Sul
43,Rio Grande do Sul,Normal,fevereiro,2025,CP.1-2Q,"Casa popular (1 pav, varanda, sala, 2 quartos)",1919.82,Sul
43,Rio Grande do Sul,Normal,fevereiro,2025,CR.1-3Q,"Casa residencial (1 pav, 3 quartos)",1814.72,Sul
43,Rio Grande do Sul,Normal,fevereiro,2025,PR4-3QP,Prédio residencial (4 pavimentos),1578.34,Sul
43,Rio Grande do Sul,Normal,fevereiro,2025,PC.12-LA,Prédio comercial (12 pavimentos),1538.76,Sul
43,Rio Grande do Sul,Normal,março,2025,CP.1-2Q,"Casa popular (1 pav, varanda, sala, 2 quartos)",1923.13,Sul
43,Rio Grande do Sul,Normal,março,2025,CR.1-3Q,"Casa residencial (1 pav, 3 quartos)",1818.1,Sul
43,Rio Grande do Sul,Normal,março,2025,PR4-3QP,Prédio residencial (4 pavimentos),1581.42,Sul
43,Rio Grande do Sul,Normal,março,2025,PC.12-LA,Prédio comercial (12 pavimentos),1540.97,Sul
43,Rio Grande do Sul,Normal,abril,2025,CP.1-2Q,"Casa popular (1 pav, varanda, sala, 2 quartos)",1938.86,Sul
43,Rio Grande do Sul,Normal,abril,2025,CR.1-3Q,"Casa residencial (1 pav, 3 quartos)",1836.67,Sul
43,Rio Grande do Sul,Normal,abril,2025,PR4-3QP,Prédio residencial (4 pavimentos),1589.74,Sul
43,Rio Grande do Sul,Normal,abril,2025,PC.12-LA,Prédio comercial (12 pavimentos),1551.19,Sul
43,Rio Grande do Sul,Normal,maio,2025,CP.1-2Q,"Casa popular (1 pav, varanda, sala, 2 quartos)",1953.87,Sul
43,Rio Grande do Sul,Normal,maio,2025,CR.1-3Q,"Casa residencial (1 pav, 3 quartos)",1850.0,Sul
43,Rio Grande do Sul,Normal,maio,2025,PR4-3QP,Prédio residencial (4 pavimentos),1600.17,Sul
43,Rio Grande do Sul,Normal,maio,2025,PC.12-LA,Prédio comercial (12 pavimentos),1559.69,Sul
43,Rio Grande do Sul,Normal,junho,2025,CP.1-2Q,"Casa popular (1 pav, varanda, sala, 2 quartos)",1957.45,Sul
43,Rio Grande do Sul,Normal,junho,2025,CR.1-3Q,"Casa residencial (1 pav, 3 quartos)",1851.32,Sul
43,Rio Grande do Sul,Normal,junho,2025,PR4-3QP,Prédio residencial (4 pavimentos),1602.77,Sul
43,Rio Grande do Sul,Normal,junho,2025,PC.12-LA,Prédio comercial (12 pavimentos),1557.6,Sul
43,Rio Grande do Sul,Normal,julho,2025,CP.1-2Q,"Casa popular (1 pav, varanda, sala, 2 quartos)",1984.02,Sul
43,Rio Grande do Sul,Normal,julho,2025,CR.1-3Q,"Casa residencial (1 pav, 3 quartos)",1874.48,Sul
43,Rio Grande do Sul,Normal,julho,2025,PR4-3QP,Prédio residencial (4 pavimentos),1605.23,Sul
43,Rio Grande do Sul,Normal,julho,2025,PC.12-LA,Prédio comercial (12 pavimentos),1563.99,Sul
43,Rio Grande do Sul,Normal,agosto,2025,CP.1-2Q,"Casa popular (1 pav, varanda, sala, 2 quartos)",2032.41,Sul
43,Rio Grande do Sul,Normal,agosto,2025,CR.1-3Q,"Casa residencial (1 pav, 3 quartos)",1918.58,Sul
43,Rio Grande do Sul,Normal,agosto,2025,PR4-3QP,Prédio residencial (4 pavimentos),1652.31,Sul
43,Rio Grande do Sul,Normal,agosto,2025,PC.12-LA,Prédio comercial (12 pavimentos),1599.32,Sul
43,Rio Grande do Sul,Normal,setembro,2025,CP.1-2Q,"Casa popular (1 pav, varanda, sala, 2 quartos)",2034.53,Sul
43,Rio Grande do Sul,Normal,setembro,2025,CR.1-3Q,"Casa residencial (1 pav, 3 quartos)",1921.54,Sul
43,Rio Grande do Sul,Normal,setembro,2025,PR4-3QP,Prédio residencial (4 pavimentos),1653.26,Sul
43,Rio Grande do Sul,Normal,setembro,2025,PC.12-LA,Prédio comercial (12 pavimentos),1597.36,Sul
43,Rio Grande do Sul,Normal,outubro,2025,CP.1-2Q,"Casa popular (1 pav, varanda, sala, 2 quartos)",2035.83,Sul
43,Rio Grande do Sul,Normal,outubro,2025,CR.1-3Q,"Casa residencial (1 pav, 3 quartos)",1922.59,Sul
43,Rio Grande do Sul,Normal,outubro,2025,PR4-3QP,Prédio residencial (4 pavimentos),1653.06,Sul
43,Rio Grande do Sul,Normal,outubro,2025,PC.12-LA,Prédio comercial (12 pavimentos),1599.69,Sul
43,Rio Grande do Sul,Normal,novembro,2025,CP.1-2Q,"Casa popular (1 pav, varanda, sala, 2 quartos)",2041.52,Sul
43,Rio Grande do Sul,Normal,novembro,2025,CR.1-3Q,"Casa residencial (1 pav, 3 quartos)",1928.92,Sul
43,Rio Grande do Sul,Normal,novembro,2025,PR4-3QP,Prédio residencial (4 pavimentos),1652.62,Sul
43,Rio Grande do Sul,Normal,novembro,2025,PC.12-LA,Prédio comercial (12 pavimentos),1595.17,Sul
43,Rio Grande do Sul,Normal,dezembro,2025,CP.1-2Q,"Casa popular (1 pav, varanda, sala, 2 quartos)",2042.43,Sul
43,Rio Grande do Sul,Normal,dezembro,2025,CR.1-3Q,"Casa residencial (1 pav, 3 quartos)",1929.69,Sul
43,Rio Grande do Sul,Normal,dezembro,2025,PR4-3QP,Prédio residencial (4 pavimentos),1652.52,Sul
43,Rio Grande do Sul,Normal,dezembro,2025,PC.12-LA,Prédio comercial (12 pavimentos),1590.84,Sul
43,Rio Grande do Sul,Baixo,janeiro,2025,CP.1-2Q,"Casa popular (1 pav, varanda, sala, 2 quartos)",1318.98,Sul
43,Rio Grande do Sul,Baixo,janeiro,2025,CR.1-3Q,"Casa residencial (1 pav, 3 quartos)",1240.39,Sul
43,Rio Grande do Sul,Baixo,janeiro,2025,PR4-3QP,Prédio residencial (4 pavimentos),1260.07,Sul
43,Rio Grande do Sul,Baixo,fevereiro,2025,CP.1-2Q,"Casa popular (1 pav, varanda, sala, 2 quartos)",1324.12,Sul
43,Rio Grande do Sul,Baixo,fevereiro,2025,CR.1-3Q,"Casa residencial (1 pav, 3 quartos)",1245.41,Sul
43,Rio Grande do Sul,Baixo,fevereiro,2025,PR4-3QP,Prédio residencial (4 pavimentos),1260.71,Sul
43,Rio Grande do Sul,Baixo,março,2025,CP.1-2Q,"Casa popular (1 pav, varanda, sala, 2 quartos)",1328.38,Sul
43,Rio Grande do Sul,Baixo,março,2025,CR.1-3Q,"Casa residencial (1 pav, 3 quartos)",1249.83,Sul
43,Rio Grande do Sul,Baixo,março,2025,PR4-3QP,Prédio residencial (4 pavimentos),1263.69,Sul
43,Rio Grande do Sul,Baixo,abril,2025,CP.1-2Q,"Casa popular (1 pav, varanda, sala, 2 quartos)",1332.2,Sul
43,Rio Grande do Sul,Baixo,abril,2025,CR.1-3Q,"Casa residencial (1 pav, 3 quartos)",1254.68,Sul
43,Rio Grande do Sul,Baixo,abril,2025,PR4-3QP,Prédio residencial (4 pavimentos),1268.36,Sul
43,Rio Grande do Sul,Baixo,maio,2025,CP.1-2Q,"Casa popular (1 pav, varanda, sala, 2 quartos)",1344.27,Sul
43,Rio Grande do Sul,Baixo,maio,2025,CR.1-3Q,"Casa residencial (1 pav, 3 quartos)",1265.63,Sul
43,Rio Grande do Sul,Baixo,maio,2025,PR4-3QP,Prédio residencial (4 pavimentos),1274.53,Sul
43,Rio Grande do Sul,Baixo,junho,2025,CP.1-2Q,"Casa popular (1 pav, varanda, sala, 2 quartos)",1347.09,Sul
43,Rio Grande do Sul,Baixo,junho,2025,CR.1-3Q,"Casa residencial (1 pav, 3 quartos)",1267.43,Sul
43,Rio Grande do Sul,Baixo,junho,2025,PR4-3QP,Prédio residencial (4 pavimentos),1274.0,Sul
43,Rio Grande do Sul,Baixo,julho,2025,CP.1-2Q,"Casa popular (1 pav, varanda, sala, 2 quartos)",1359.93,Sul
43,Rio Grande do Sul,Baixo,julho,2025,CR.1-3Q,"Casa residencial (1 pav, 3 quartos)",1278.63,Sul
43,Rio Grande do Sul,Baixo,julho,2025,PR4-3QP,Prédio residencial (4 pavimentos),1275.67,Sul
43,Rio Grande do Sul,Baixo,agosto,2025,CP.1-2Q,"Casa popular (1 pav, varanda, sala, 2 quartos)",1400.26,Sul
43,Rio Grande do Sul,Baixo,agosto,2025,CR.1-3Q,"Casa residencial (1 pav, 3 quartos)",1316.96,Sul
43,Rio Grande do Sul,Baixo,agosto,2025,PR4-3QP,Prédio residencial (4 pavimentos),1312.21,Sul
43,Rio Grande do Sul,Baixo,setembro,2025,CP.1-2Q,"Casa popular (1 pav, varanda, sala, 2 quartos)",1398.68,Sul
43,Rio Grande do Sul,Baixo,setembro,2025,CR.1-3Q,"Casa residencial (1 pav, 3 quartos)",1316.19,Sul
43,Rio Grande do Sul,Baixo,setembro,2025,PR4-3QP,Prédio residencial (4 pavimentos),1309.74,Sul
43,Rio Grande do Sul,Baixo,outubro,2025,CP.1-2Q,"Casa popular (1 pav, varanda, sala, 2 quartos)",1397.06,Sul
43,Rio Grande do Sul,Baixo,outubro,2025,CR.1-3Q,"Casa residencial (1 pav, 3 quartos)",1314.62,Sul
43,Rio Grande do Sul,Baixo,outubro,2025,PR4-3QP,Prédio residencial (4 pavimentos),1309.48,Sul
43,Rio Grande do Sul,Baixo,novembro,2025,CP.1-2Q,"Casa popular (1 pav, varanda, sala, 2 quartos)",1394.26,Sul
43,Rio Grande do Sul,Baixo,novembro,2025,CR.1-3Q,"Casa residencial (1 pav, 3 quartos)",1311.99,Sul
43,Rio Grande do Sul,Baixo,novembro,2025,PR4-3QP,Prédio residencial (4 pavimentos),1309.43,Sul
43,Rio Grande do Sul,Baixo,dezembro,2025,CP.1-2Q,"Casa popular (1 pav, varanda, sala, 2 quartos)",1396.23,Sul
43,Rio Grande do Sul,Baixo,dezembro,2025,CR.1-3Q,"Casa residencial (1 pav, 3 quartos)",1313.78,Sul
43,Rio Grande do Sul,Baixo,dezembro,2025,PR4-3QP,Prédio residencial (4 pavimentos),1307.04,Sul
43,Rio Grande do Sul,Mínimo,janeiro,2025,CP.1-2Q,"Casa popular (1 pav, varanda, sala, 2 quartos)",1132.15,Sul
43,Rio Grande do Sul,Mínimo,janeiro,2025,CB-MMO,Cesta básica construção,1067.03,Sul
43,Rio Grande do Sul,Mínimo,fevereiro,2025,CP.1-2Q,"Casa popular (1 pav, varanda, sala, 2 quartos)",1135.91,Sul
43,Rio Grande do Sul,Mínimo,fevereiro,2025,CB-MMO,Cesta básica construção,1071.72,Sul
43,Rio Grande do Sul,Mínimo,março,2025,CP.1-2Q,"Casa popular (1 pav, varanda, sala, 2 quartos)",1140.11,Sul
43,Rio Grande do Sul,Mínimo,março,2025,CB-MMO,Cesta básica construção,1074.76,Sul
43,Rio Grande do Sul,Mínimo,abril,2025,CP.1-2Q,"Casa popular (1 pav, varanda, sala, 2 quartos)",1143.55,Sul
43,Rio Grande do Sul,Mínimo,abril,2025,CB-MMO,Cesta básica construção,1078.33,Sul
43,Rio Grande do Sul,Mínimo,maio,2025,CP.1-2Q,"Casa popular (1 pav, varanda, sala, 2 quartos)",1153.64,Sul
43,Rio Grande do Sul,Mínimo,maio,2025,CB-MMO,Cesta básica construção,1088.15,Sul
43,Rio Grande do Sul,Mínimo,junho,2025,CP.1-2Q,"Casa popular (1 pav, varanda, sala, 2 quartos)",1160.11,Sul
43,Rio Grande do Sul,Mínimo,junho,2025,CB-MMO,Cesta básica construção,1094.18,Sul
43,Rio Grande do Sul,Mínimo,julho,2025,CP.1-2Q,"Casa popular (1 pav, varanda, sala, 2 quartos)",1171.75,Sul
43,Rio Grande do Sul,Mínimo,julho,2025,CB-MMO,Cesta básica construção,1096.06,Sul
43,Rio Grande do Sul,Mínimo,agosto,2025,CP.1-2Q,"Casa popular (1 pav, varanda, sala, 2 quartos)",1209.91,Sul
43,Rio Grande do Sul,Mínimo,agosto,2025,CB-MMO,Cesta básica construção,1136.39,Sul
43,Rio Grande do Sul,Mínimo,setembro,2025,CP.1-2Q,"Casa popular (1 pav, varanda, sala, 2 quartos)",1205.87,Sul
43,Rio Grande do Sul,Mínimo,setembro,2025,CB-MMO,Cesta básica construção,1133.01,Sul
43,Rio Grande do Sul,Mínimo,outubro,2025,CP.1-2Q,"Casa popular (1 pav, varanda, sala, 2 quartos)",1204.39,Sul
43,Rio Grande do Sul,Mínimo,outubro,2025,CB-MMO,Cesta básica construção,1131.12,Sul
43,Rio Grande do Sul,Mínimo,novembro,2025,CP.1-2Q,"Casa popular (1 pav, varanda, sala, 2 quartos)",1201.25,Sul
43,Rio Grande do Sul,Mínimo,novembro,2025,CB-MMO,Cesta básica construção,1129.6,Sul
43,Rio Grande do Sul,Mínimo,dezembro,2025,CP.1-2Q,"Casa popular (1 pav, varanda, sala, 2 quartos)",1203.78,Sul
43,Rio Grande do Sul,Mínimo,dezembro,2025,CB-MMO,Cesta básica construção,1133.05,Sul
50,Mato Grosso do Sul,Alto,janeiro,2025,CR.1-3Q,"Casa residencial (1 pav, 3 quartos)",2058.65,Centro-Oeste
50,Mato Grosso do Sul,Alto,janeiro,2025,PR4-3QP,Prédio residencial (4 pavimentos),1909.55,Centro-Oeste
50,Mato Grosso do Sul,Alto,janeiro,2025,PC.12-LA,Prédio comercial (12 pavimentos),1910.2,Centro-Oeste
50,Mato Grosso do Sul,Alto,fevereiro,2025,CR.1-3Q,"Casa residencial (1 pav, 3 quartos)",2050.2,Centro-Oeste
50,Mato Grosso do Sul,Alto,fevereiro,2025,PR4-3QP,Prédio residencial (4 pavimentos),1904.55,Centro-Oeste
50,Mato Grosso do Sul,Alto,fevereiro,2025,PC.12-LA,Prédio comercial (12 pavimentos),1923.46,Centro-Oeste
50,Mato Grosso do Sul,Alto,março,2025,CR.1-3Q,"Casa residencial (1 pav, 3 quartos)",2056.25,Centro-Oeste
50,Mato Grosso do Sul,Alto,março,2025,PR4-3QP,Prédio residencial (4 pavimentos),1905.78,Centro-Oeste
50,Mato Grosso do Sul,Alto,março,2025,PC.12-LA,Prédio comercial (12 pavimentos),1920.05,Centro-Oeste
50,Mato Grosso do Sul,Alto,abril,2025,CR.1-3Q,"Casa residencial (1 pav, 3 quartos)",2078.6,Centro-Oeste
50,Mato Grosso do Sul,Alto,abril,2025,PR4-3QP,Prédio residencial (4 pavimentos),1918.14,Centro-Oeste
50,Mato Grosso do Sul,Alto,abril,2025,PC.12-LA,Prédio comercial (12 pavimentos),1935.57,Centro-Oeste
50,Mato Grosso do Sul,Alto,maio,2025,CR.1-3Q,"Casa residencial (1 pav, 3 quartos)",2076.27,Centro-Oeste
50,Mato Grosso do Sul,Alto,maio,2025,PR4-3QP,Prédio residencial (4 pavimentos),1912.45,Centro-Oeste
50,Mato Grosso do Sul,Alto,maio,2025,PC.12-LA,Prédio comercial (12 pavimentos),1934.71,Centro-Oeste
50,Mato Grosso do Sul,Alto,junho,2025,CR.1-3Q,"Casa residencial (1 pav, 3 quartos)",2080.74,Centro-Oeste
50,Mato Grosso do Sul,Alto,junho,2025,PR4-3QP,Prédio residencial (4 pavimentos),1916.42,Centro-Oeste
50,Mato Grosso do Sul,Alto,junho,2025,PC.12-LA,Prédio comercial (12 pavimentos),1928.99,Centro-Oeste
50,Mato Grosso do Sul,Alto,julho,2025,CR.1-3Q,"Casa residencial (1 pav, 3 quartos)",2090.01,Centro-Oeste
50,Mato Grosso do Sul,Alto,julho,2025,PR4-3QP,Prédio residencial (4 pavimentos),1929.43,Centro-Oeste
50,Mato Grosso do Sul,Alto,julho,2025,PC.12-LA,Prédio comercial (12 pavimentos),1952.08,Centro-Oeste
50,Mato Grosso do Sul,Alto,agosto,2025,CR.1-3Q,"Casa residencial (1 pav, 3 quartos)",2147.5,Centro-Oeste
50,Mato Grosso do Sul,Alto,agosto,2025,PR4-3QP,Prédio residencial (4 pavimentos),1973.29,Centro-Oeste
50,Mato Grosso do Sul,Alto,agosto,2025,PC.12-LA,Prédio comercial (12 pavimentos),2012.98,Centro-Oeste
50,Mato Grosso do Sul,Alto,setembro,2025,CR.1-3Q,"Casa residencial (1 pav, 3 quartos)",2151.44,Centro-Oeste
50,Mato Grosso do Sul,Alto,setembro,2025,PR4-3QP,Prédio residencial (4 pavimentos),1971.91,Centro-Oeste
50,Mato Grosso do Sul,Alto,setembro,2025,PC.12-LA,Prédio comercial (12 pavimentos),1995.96,Centro-Oeste
50,Mato Grosso do Sul,Alto,outubro,2025,CR.1-3Q,"Casa residencial (1 pav, 3 quartos)",2158.48,Centro-Oeste
50,Mato Grosso do Sul,Alto,outubro,2025,PR4-3QP,Prédio residencial (4 pavimentos),1975.49,Centro-Oeste
50,Mato Grosso do Sul,Alto,outubro,2025,PC.12-LA,Prédio comercial (12 pavimentos),2001.68,Centro-Oeste
50,Mato Grosso do Sul,Alto,novembro,2025,CR.1-3Q,"Casa residencial (1 pav, 3 quartos)",2159.13,Centro-Oeste
50,Mato Grosso do Sul,Alto,novembro,2025,PR4-3QP,Prédio residencial (4 pavimentos),1984.34,Centro-Oeste
50,Mato Grosso do Sul,Alto,novembro,2025,PC.12-LA,Prédio comercial (12 pavimentos),2013.46,Centro-Oeste
50,Mato Grosso do Sul,Alto,dezembro,2025,CR.1-3Q,"Casa residencial (1 pav, 3 quartos)",2175.38,Centro-Oeste
50,Mato Grosso do Sul,Alto,dezembro,2025,PR4-3QP,Prédio residencial (4 pavimentos),1991.84,Centro-Oeste
50,Mato Grosso do Sul,Alto,dezembro,2025,PC.12-LA,Prédio comercial (12 pavimentos),2017.83,Centro-Oeste
50,Mato Grosso do Sul,Normal,janeiro,2025,CP.1-2Q,"Casa popular (1 pav, varanda, sala, 2 quartos)",1764.38,Centro-Oeste
50,Mato Grosso do Sul,Normal,janeiro,2025,CR.1-3Q,"Casa residencial (1 pav, 3 quartos)",1666.82,Centro-Oeste
50,Mato Grosso do Sul,Normal,janeiro,2025,PR4-3QP,Prédio residencial (4 pavimentos),1474.64,Centro-Oeste
50,Mato Grosso do Sul,Normal,janeiro,2025,PC.12-LA,Prédio comercial (12 pavimentos),1509.68,Centro-Oeste
50,Mato Grosso do Sul,Normal,fevereiro,2025,CP.1-2Q,"Casa popular (1 pav, varanda, sala, 2 quartos)",1771.69,Centro-Oeste
50,Mato Grosso do Sul,Normal,fevereiro,2025,CR.1-3Q,"Casa residencial (1 pav, 3 quartos)",1672.44,Centro-Oeste
50,Mato Grosso do Sul,Normal,fevereiro,2025,PR4-3QP,Prédio residencial (4 pavimentos),1478.12,Centro-Oeste
50,Mato Grosso do Sul,Normal,fevereiro,2025,PC.12-LA,Prédio comercial (12 pavimentos),1510.34,Centro-Oeste
50,Mato Grosso do Sul,Normal,março,2025,CP.1-2Q,"Casa popular (1 pav, varanda, sala, 2 quartos)",1776.21,Centro-Oeste
50,Mato Grosso do Sul,Normal,março,2025,CR.1-3Q,"Casa residencial (1 pav, 3 quartos)",1675.7,Centro-Oeste
50,Mato Grosso do Sul,Normal,março,2025,PR4-3QP,Prédio residencial (4 pavimentos),1477.37,Centro-Oeste
50,Mato Grosso do Sul,Normal,março,2025,PC.12-LA,Prédio comercial (12 pavimentos),1507.09,Centro-Oeste
50,Mato Grosso do Sul,Normal,abril,2025,CP.1-2Q,"Casa popular (1 pav, varanda, sala, 2 quartos)",1787.96,Centro-Oeste
50,Mato Grosso do Sul,Normal,abril,2025,CR.1-3Q,"Casa residencial (1 pav, 3 quartos)",1685.2,Centro-Oeste
50,Mato Grosso do Sul,Normal,abril,2025,PR4-3QP,Prédio residencial (4 pavimentos),1479.53,Centro-Oeste
50,Mato Grosso do Sul,Normal,abril,2025,PC.12-LA,Prédio comercial (12 pavimentos),1516.56,Centro-Oeste
50,Mato Grosso do Sul,Normal,maio,2025,CP.1-2Q,"Casa popular (1 pav, varanda, sala, 2 quartos)",1788.39,Centro-Oeste
50,Mato Grosso do Sul,Normal,maio,2025,CR.1-3Q,"Casa residencial (1 pav, 3 quartos)",1685.76,Centro-Oeste
50,Mato Grosso do Sul,Normal,maio,2025,PR4-3QP,Prédio residencial (4 pavimentos),1476.59,Centro-Oeste
50,Mato Grosso do Sul,Normal,maio,2025,PC.12-LA,Prédio comercial (12 pavimentos),1516.0,Centro-Oeste
50,Mato Grosso do Sul,Normal,junho,2025,CP.1-2Q,"Casa popular (1 pav, varanda, sala, 2 quartos)",1783.92,Centro-Oeste
50,Mato Grosso do Sul,Normal,junho,2025,CR.1-3Q,"Casa residencial (1 pav, 3 quartos)",1681.64,Centro-Oeste
50,Mato Grosso do Sul,Normal,junho,2025,PR4-3QP,Prédio residencial (4 pavimentos),1473.42,Centro-Oeste
50,Mato Grosso do Sul,Normal,junho,2025,PC.12-LA,Prédio comercial (12 pavimentos),1510.23,Centro-Oeste
50,Mato Grosso do Sul,Normal,julho,2025,CP.1-2Q,"Casa popular (1 pav, varanda, sala, 2 quartos)",1791.09,Centro-Oeste
50,Mato Grosso do Sul,Normal,julho,2025,CR.1-3Q,"Casa residencial (1 pav, 3 quartos)",1687.99,Centro-Oeste
50,Mato Grosso do Sul,Normal,julho,2025,PR4-3QP,Prédio residencial (4 pavimentos),1483.37,Centro-Oeste
50,Mato Grosso do Sul,Normal,julho,2025,PC.12-LA,Prédio comercial (12 pavimentos),1523.34,Centro-Oeste
50,Mato Grosso do Sul,Normal,agosto,2025,CP.1-2Q,"Casa popular (1 pav, varanda, sala, 2 quartos)",1844.43,Centro-Oeste
50,Mato Grosso do Sul,Normal,agosto,2025,CR.1-3Q,"Casa residencial (1 pav, 3 quartos)",1740.22,Centro-Oeste
50,Mato Grosso do Sul,Normal,agosto,2025,PR4-3QP,Prédio residencial (4 pavimentos),1521.69,Centro-Oeste
50,Mato Grosso do Sul,Normal,agosto,2025,PC.12-LA,Prédio comercial (12 pavimentos),1566.57,Centro-Oeste
50,Mato Grosso do Sul,Normal,setembro,2025,CP.1-2Q,"Casa popular (1 pav, varanda, sala, 2 quartos)",1846.36,Centro-Oeste
50,Mato Grosso do Sul,Normal,setembro,2025,CR.1-3Q,"Casa residencial (1 pav, 3 quartos)",1741.89,Centro-Oeste
50,Mato Grosso do Sul,Normal,setembro,2025,PR4-3QP,Prédio residencial (4 pavimentos),1519.02,Centro-Oeste
50,Mato Grosso do Sul,Normal,setembro,2025,PC.12-LA,Prédio comercial (12 pavimentos),1554.54,Centro-Oeste
50,Mato Grosso do Sul,Normal,outubro,2025,CP.1-2Q,"Casa popular (1 pav, varanda, sala, 2 quartos)",1847.61,Centro-Oeste
50,Mato Grosso do Sul,Normal,outubro,2025,CR.1-3Q,"Casa residencial (1 pav, 3 quartos)",1743.15,Centro-Oeste
50,Mato Grosso do Sul,Normal,outubro,2025,PR4-3QP,Prédio residencial (4 pavimentos),1519.11,Centro-Oeste
50,Mato Grosso do Sul,Normal,outubro,2025,PC.12-LA,Prédio comercial (12 pavimentos),1562.41,Centro-Oeste
50,Mato Grosso do Sul,Normal,novembro,2025,CP.1-2Q,"Casa popular (1 pav, varanda, sala, 2 quartos)",1848.31,Centro-Oeste
50,Mato Grosso do Sul,Normal,novembro,2025,CR.1-3Q,"Casa residencial (1 pav, 3 quartos)",1743.46,Centro-Oeste
50,Mato Grosso do Sul,Normal,novembro,2025,PR4-3QP,Prédio residencial (4 pavimentos),1525.95,Centro-Oeste
50,Mato Grosso do Sul,Normal,novembro,2025,PC.12-LA,Prédio comercial (12 pavimentos),1572.06,Centro-Oeste
50,Mato Grosso do Sul,Normal,dezembro,2025,CP.1-2Q,"Casa popular (1 pav, varanda, sala, 2 quartos)",1862.07,Centro-Oeste
50,Mato Grosso do Sul,Normal,dezembro,2025,CR.1-3Q,"Casa residencial (1 pav, 3 quartos)",1757.29,Centro-Oeste
50,Mato Grosso do Sul,Normal,dezembro,2025,PR4-3QP,Prédio residencial (4 pavimentos),1532.26,Centro-Oeste
50,Mato Grosso do Sul,Normal,dezembro,2025,PC.12-LA,Prédio comercial (12 pavimentos),1577.35,Centro-Oeste
50,Mato Grosso do Sul,Baixo,janeiro,2025,CP.1-2Q,"Casa popular (1 pav, varanda, sala, 2 quartos)",1239.16,Centro-Oeste
50,Mato Grosso do Sul,Baixo,janeiro,2025,CR.1-3Q,"Casa residencial (1 pav, 3 quartos)",1164.63,Centro-Oeste
50,Mato Grosso do Sul,Baixo,janeiro,2025,PR4-3QP,Prédio residencial (4 pavimentos),1179.54,Centro-Oeste
50,Mato Grosso do Sul,Baixo,fevereiro,2025,CP.1-2Q,"Casa popular (1 pav, varanda, sala, 2 quartos)",1239.68,Centro-Oeste
50,Mato Grosso do Sul,Baixo,fevereiro,2025,CR.1-3Q,"Casa residencial (1 pav, 3 quartos)",1165.44,Centro-Oeste
50,Mato Grosso do Sul,Baixo,fevereiro,2025,PR4-3QP,Prédio residencial (4 pavimentos),1180.19,Centro-Oeste
50,Mato Grosso do Sul,Baixo,março,2025,CP.1-2Q,"Casa popular (1 pav, varanda, sala, 2 quartos)",1243.57,Centro-Oeste
50,Mato Grosso do Sul,Baixo,março,2025,CR.1-3Q,"Casa residencial (1 pav, 3 quartos)",1168.48,Centro-Oeste
50,Mato Grosso do Sul,Baixo,março,2025,PR4-3QP,Prédio residencial (4 pavimentos),1180.03,Centro-Oeste
50,Mato Grosso do Sul,Baixo,abril,2025,CP.1-2Q,"Casa popular (1 pav, varanda, sala, 2 quartos)",1251.76,Centro-Oeste
50,Mato Grosso do Sul,Baixo,abril,2025,CR.1-3Q,"Casa residencial (1 pav, 3 quartos)",1174.92,Centro-Oeste
50,Mato Grosso do Sul,Baixo,abril,2025,PR4-3QP,Prédio residencial (4 pavimentos),1180.97,Centro-Oeste
50,Mato Grosso do Sul,Baixo,maio,2025,CP.1-2Q,"Casa popular (1 pav, varanda, sala, 2 quartos)",1252.28,Centro-Oeste
50,Mato Grosso do Sul,Baixo,maio,2025,CR.1-3Q,"Casa residencial (1 pav, 3 quartos)",1175.23,Centro-Oeste
50,Mato Grosso do Sul,Baixo,maio,2025,PR4-3QP,Prédio residencial (4 pavimentos),1179.61,Centro-Oeste
50,Mato Grosso do Sul,Baixo,junho,2025,CP.1-2Q,"Casa popular (1 pav, varanda, sala, 2 quartos)",1250.75,Centro-Oeste
50,Mato Grosso do Sul,Baixo,junho,2025,CR.1-3Q,"Casa residencial (1 pav, 3 quartos)",1174.43,Centro-Oeste
50,Mato Grosso do Sul,Baixo,junho,2025,PR4-3QP,Prédio residencial (4 pavimentos),1176.46,Centro-Oeste
50,Mato Grosso do Sul,Baixo,julho,2025,CP.1-2Q,"Casa popular (1 pav, varanda, sala, 2 quartos)",1256.89,Centro-Oeste
50,Mato Grosso do Sul,Baixo,julho,2025,CR.1-3Q,"Casa residencial (1 pav, 3 quartos)",1178.95,Centro-Oeste
50,Mato Grosso do Sul,Baixo,julho,2025,PR4-3QP,Prédio residencial (4 pavimentos),1182.95,Centro-Oeste
50,Mato Grosso do Sul,Baixo,agosto,2025,CP.1-2Q,"Casa popular (1 pav, varanda, sala, 2 quartos)",1296.02,Centro-Oeste
50,Mato Grosso do Sul,Baixo,agosto,2025,CR.1-3Q,"Casa residencial (1 pav, 3 quartos)",1217.63,Centro-Oeste
50,Mato Grosso do Sul,Baixo,agosto,2025,PR4-3QP,Prédio residencial (4 pavimentos),1215.51,Centro-Oeste
50,Mato Grosso do Sul,Baixo,setembro,2025,CP.1-2Q,"Casa popular (1 pav, varanda, sala, 2 quartos)",1295.7,Centro-Oeste
50,Mato Grosso do Sul,Baixo,setembro,2025,CR.1-3Q,"Casa residencial (1 pav, 3 quartos)",1217.13,Centro-Oeste
50,Mato Grosso do Sul,Baixo,setembro,2025,PR4-3QP,Prédio residencial (4 pavimentos),1211.02,Centro-Oeste
50,Mato Grosso do Sul,Baixo,outubro,2025,CP.1-2Q,"Casa popular (1 pav, varanda, sala, 2 quartos)",1297.75,Centro-Oeste
50,Mato Grosso do Sul,Baixo,outubro,2025,CR.1-3Q,"Casa residencial (1 pav, 3 quartos)",1218.81,Centro-Oeste
50,Mato Grosso do Sul,Baixo,outubro,2025,PR4-3QP,Prédio residencial (4 pavimentos),1213.54,Centro-Oeste
50,Mato Grosso do Sul,Baixo,novembro,2025,CP.1-2Q,"Casa popular (1 pav, varanda, sala, 2 quartos)",1297.71,Centro-Oeste
50,Mato Grosso do Sul,Baixo,novembro,2025,CR.1-3Q,"Casa residencial (1 pav, 3 quartos)",1218.44,Centro-Oeste
50,Mato Grosso do Sul,Baixo,novembro,2025,PR4-3QP,Prédio residencial (4 pavimentos),1219.95,Centro-Oeste
50,Mato Grosso do Sul,Baixo,dezembro,2025,CP.1-2Q,"Casa popular (1 pav, varanda, sala, 2 quartos)",1306.18,Centro-Oeste
50,Mato Grosso do Sul,Baixo,dezembro,2025,CR.1-3Q,"Casa residencial (1 pav, 3 quartos)",1226.3,Centro-Oeste
50,Mato Grosso do Sul,Baixo,dezembro,2025,PR4-3QP,Prédio residencial (4 pavimentos),1224.14,Centro-Oeste
50,Mato Grosso do Sul,Mínimo,janeiro,2025,CP.1-2Q,"Casa popular (1 pav, varanda, sala, 2 quartos)",1070.51,Centro-Oeste
50,Mato Grosso do Sul,Mínimo,janeiro,2025,CB-MMO,Cesta básica construção,989.71,Centro-Oeste
50,Mato Grosso do Sul,Mínimo,fevereiro,2025,CP.1-2Q,"Casa popular (1 pav, varanda, sala, 2 quartos)",1070.2,Centro-Oeste
50,Mato Grosso do Sul,Mínimo,fevereiro,2025,CB-MMO,Cesta básica construção,987.47,Centro-Oeste
50,Mato Grosso do Sul,Mínimo,março,2025,CP.1-2Q,"Casa popular (1 pav, varanda, sala, 2 quartos)",1074.22,Centro-Oeste
50,Mato Grosso do Sul,Mínimo,março,2025,CB-MMO,Cesta básica construção,993.26,Centro-Oeste
50,Mato Grosso do Sul,Mínimo,abril,2025,CP.1-2Q,"Casa popular (1 pav, varanda, sala, 2 quartos)",1080.85,Centro-Oeste
50,Mato Grosso do Sul,Mínimo,abril,2025,CB-MMO,Cesta básica construção,995.46,Centro-Oeste
50,Mato Grosso do Sul,Mínimo,maio,2025,CP.1-2Q,"Casa popular (1 pav, varanda, sala, 2 quartos)",1082.23,Centro-Oeste
50,Mato Grosso do Sul,Mínimo,maio,2025,CB-MMO,Cesta básica construção,997.06,Centro-Oeste
50,Mato Grosso do Sul,Mínimo,junho,2025,CP.1-2Q,"Casa popular (1 pav, varanda, sala, 2 quartos)",1081.89,Centro-Oeste
50,Mato Grosso do Sul,Mínimo,junho,2025,CB-MMO,Cesta básica construção,997.51,Centro-Oeste
50,Mato Grosso do Sul,Mínimo,julho,2025,CP.1-2Q,"Casa popular (1 pav, varanda, sala, 2 quartos)",1087.99,Centro-Oeste
50,Mato Grosso do Sul,Mínimo,julho,2025,CB-MMO,Cesta básica construção,1003.94,Centro-Oeste
50,Mato Grosso do Sul,Mínimo,agosto,2025,CP.1-2Q,"Casa popular (1 pav, varanda, sala, 2 quartos)",1125.12,Centro-Oeste
50,Mato Grosso do Sul,Mínimo,agosto,2025,CB-MMO,Cesta básica construção,1040.61,Centro-Oeste
50,Mato Grosso do Sul,Mínimo,setembro,2025,CP.1-2Q,"Casa popular (1 pav, varanda, sala, 2 quartos)",1123.41,Centro-Oeste
50,Mato Grosso do Sul,Mínimo,setembro,2025,CB-MMO,Cesta básica construção,1039.34,Centro-Oeste
50,Mato Grosso do Sul,Mínimo,outubro,2025,CP.1-2Q,"Casa popular (1 pav, varanda, sala, 2 quartos)",1127.5,Centro-Oeste
50,Mato Grosso do Sul,Mínimo,outubro,2025,CB-MMO,Cesta básica construção,1043.06,Centro-Oeste
50,Mato Grosso do Sul,Mínimo,novembro,2025,CP.1-2Q,"Casa popular (1 pav, varanda, sala, 2 quartos)",1127.68,Centro-Oeste
50,Mato Grosso do Sul,Mínimo,novembro,2025,CB-MMO,Cesta básica construção,1043.08,Centro-Oeste
50,Mato Grosso do Sul,Mínimo,dezembro,2025,CP.1-2Q,"Casa popular (1 pav, varanda, sala, 2 quartos)",1130.83,Centro-Oeste
50,Mato Grosso do Sul,Mínimo,dezembro,2025,CB-MMO,Cesta básica construção,1044.36,Centro-Oeste
51,Mato Grosso,Alto,janeiro,2025,CR.1-3Q,"Casa residencial (1 pav, 3 quartos)",2189.52,Centro-Oeste
51,Mato Grosso,Alto,janeiro,2025,PR4-3QP,Prédio residencial (4 pavimentos),1993.32,Centro-Oeste
51,Mato Grosso,Alto,janeiro,2025,PC.12-LA,Prédio comercial (12 pavimentos),1948.4,Centro-Oeste
51,Mato Grosso,Alto,fevereiro,2025,CR.1-3Q,"Casa residencial (1 pav, 3 quartos)",2182.95,Centro-Oeste
51,Mato Grosso,Alto,fevereiro,2025,PR4-3QP,Prédio residencial (4 pavimentos),1993.18,Centro-Oeste
51,Mato Grosso,Alto,fevereiro,2025,PC.12-LA,Prédio comercial (12 pavimentos),1955.88,Centro-Oeste
51,Mato Grosso,Alto,março,2025,CR.1-3Q,"Casa residencial (1 pav, 3 quartos)",2197.29,Centro-Oeste
51,Mato Grosso,Alto,março,2025,PR4-3QP,Prédio residencial (4 pavimentos),1996.69,Centro-Oeste
51,Mato Grosso,Alto,março,2025,PC.12-LA,Prédio comercial (12 pavimentos),1949.63,Centro-Oeste
51,Mato Grosso,Alto,abril,2025,CR.1-3Q,"Casa residencial (1 pav, 3 quartos)",2211.23,Centro-Oeste
51,Mato Grosso,Alto,abril,2025,PR4-3QP,Prédio residencial (4 pavimentos),2001.63,Centro-Oeste
51,Mato Grosso,Alto,abril,2025,PC.12-LA,Prédio comercial (12 pavimentos),1951.29,Centro-Oeste
51,Mato Grosso,Alto,maio,2025,CR.1-3Q,"Casa residencial (1 pav, 3 quartos)",2205.3,Centro-Oeste
51,Mato Grosso,Alto,maio,2025,PR4-3QP,Prédio residencial (4 pavimentos),1995.03,Centro-Oeste
51,Mato Grosso,Alto,maio,2025,PC.12-LA,Prédio comercial (12 pavimentos),1943.04,Centro-Oeste
51,Mato Grosso,Alto,junho,2025,CR.1-3Q,"Casa residencial (1 pav, 3 quartos)",2219.67,Centro-Oeste
51,Mato Grosso,Alto,junho,2025,PR4-3QP,Prédio residencial (4 pavimentos),2009.87,Centro-Oeste
51,Mato Grosso,Alto,junho,2025,PC.12-LA,Prédio comercial (12 pavimentos),1950.05,Centro-Oeste
51,Mato Grosso,Alto,julho,2025,CR.1-3Q,"Casa residencial (1 pav, 3 quartos)",2225.89,Centro-Oeste
51,Mato Grosso,Alto,julho,2025,PR4-3QP,Prédio residencial (4 pavimentos),2006.3,Centro-Oeste
51,Mato Grosso,Alto,julho,2025,PC.12-LA,Prédio comercial (12 pavimentos),1951.73,Centro-Oeste
51,Mato Grosso,Alto,agosto,2025,CR.1-3Q,"Casa residencial (1 pav, 3 quartos)",2239.02,Centro-Oeste
51,Mato Grosso,Alto,agosto,2025,PR4-3QP,Prédio residencial (4 pavimentos),2018.73,Centro-Oeste
51,Mato Grosso,Alto,agosto,2025,PC.12-LA,Prédio comercial (12 pavimentos),1961.82,Centro-Oeste
51,Mato Grosso,Alto,setembro,2025,CR.1-3Q,"Casa residencial (1 pav, 3 quartos)",2353.36,Centro-Oeste
51,Mato Grosso,Alto,setembro,2025,PR4-3QP,Prédio residencial (4 pavimentos),2118.78,Centro-Oeste
51,Mato Grosso,Alto,setembro,2025,PC.12-LA,Prédio comercial (12 pavimentos),2062.53,Centro-Oeste
51,Mato Grosso,Alto,outubro,2025,CR.1-3Q,"Casa residencial (1 pav, 3 quartos)",2358.78,Centro-Oeste
51,Mato Grosso,Alto,outubro,2025,PR4-3QP,Prédio residencial (4 pavimentos),2124.98,Centro-Oeste
51,Mato Grosso,Alto,outubro,2025,PC.12-LA,Prédio comercial (12 pavimentos),2061.54,Centro-Oeste
51,Mato Grosso,Alto,novembro,2025,CR.1-3Q,"Casa residencial (1 pav, 3 quartos)",2364.31,Centro-Oeste
51,Mato Grosso,Alto,novembro,2025,PR4-3QP,Prédio residencial (4 pavimentos),2131.44,Centro-Oeste
51,Mato Grosso,Alto,novembro,2025,PC.12-LA,Prédio comercial (12 pavimentos),2067.01,Centro-Oeste
51,Mato Grosso,Alto,dezembro,2025,CR.1-3Q,"Casa residencial (1 pav, 3 quartos)",2373.91,Centro-Oeste
51,Mato Grosso,Alto,dezembro,2025,PR4-3QP,Prédio residencial (4 pavimentos),2139.89,Centro-Oeste
51,Mato Grosso,Alto,dezembro,2025,PC.12-LA,Prédio comercial (12 pavimentos),2078.63,Centro-Oeste
51,Mato Grosso,Normal,janeiro,2025,CP.1-2Q,"Casa popular (1 pav, varanda, sala, 2 quartos)",1911.7,Centro-Oeste
51,Mato Grosso,Normal,janeiro,2025,CR.1-3Q,"Casa residencial (1 pav, 3 quartos)",1812.33,Centro-Oeste
51,Mato Grosso,Normal,janeiro,2025,PR4-3QP,Prédio residencial (4 pavimentos),1574.43,Centro-Oeste
51,Mato Grosso,Normal,janeiro,2025,PC.12-LA,Prédio comercial (12 pavimentos),1558.95,Centro-Oeste
51,Mato Grosso,Normal,fevereiro,2025,CP.1-2Q,"Casa popular (1 pav, varanda, sala, 2 quartos)",1913.79,Centro-Oeste
51,Mato Grosso,Normal,fevereiro,2025,CR.1-3Q,"Casa residencial (1 pav, 3 quartos)",1813.43,Centro-Oeste
51,Mato Grosso,Normal,fevereiro,2025,PR4-3QP,Prédio residencial (4 pavimentos),1580.12,Centro-Oeste
51,Mato Grosso,Normal,fevereiro,2025,PC.12-LA,Prédio comercial (12 pavimentos),1566.07,Centro-Oeste
51,Mato Grosso,Normal,março,2025,CP.1-2Q,"Casa popular (1 pav, varanda, sala, 2 quartos)",1922.63,Centro-Oeste
51,Mato Grosso,Normal,março,2025,CR.1-3Q,"Casa residencial (1 pav, 3 quartos)",1821.2,Centro-Oeste
51,Mato Grosso,Normal,março,2025,PR4-3QP,Prédio residencial (4 pavimentos),1583.45,Centro-Oeste
51,Mato Grosso,Normal,março,2025,PC.12-LA,Prédio comercial (12 pavimentos),1566.96,Centro-Oeste
51,Mato Grosso,Normal,abril,2025,CP.1-2Q,"Casa popular (1 pav, varanda, sala, 2 quartos)",1929.57,Centro-Oeste
51,Mato Grosso,Normal,abril,2025,CR.1-3Q,"Casa residencial (1 pav, 3 quartos)",1829.46,Centro-Oeste
51,Mato Grosso,Normal,abril,2025,PR4-3QP,Prédio residencial (4 pavimentos),1585.11,Centro-Oeste
51,Mato Grosso,Normal,abril,2025,PC.12-LA,Prédio comercial (12 pavimentos),1569.65,Centro-Oeste
51,Mato Grosso,Normal,maio,2025,CP.1-2Q,"Casa popular (1 pav, varanda, sala, 2 quartos)",1930.31,Centro-Oeste
51,Mato Grosso,Normal,maio,2025,CR.1-3Q,"Casa residencial (1 pav, 3 quartos)",1830.46,Centro-Oeste
51,Mato Grosso,Normal,maio,2025,PR4-3QP,Prédio residencial (4 pavimentos),1583.13,Centro-Oeste
51,Mato Grosso,Normal,maio,2025,PC.12-LA,Prédio comercial (12 pavimentos),1559.01,Centro-Oeste
51,Mato Grosso,Normal,junho,2025,CP.1-2Q,"Casa popular (1 pav, varanda, sala, 2 quartos)",1935.05,Centro-Oeste
51,Mato Grosso,Normal,junho,2025,CR.1-3Q,"Casa residencial (1 pav, 3 quartos)",1835.03,Centro-Oeste
51,Mato Grosso,Normal,junho,2025,PR4-3QP,Prédio residencial (4 pavimentos),1587.98,Centro-Oeste
51,Mato Grosso,Normal,junho,2025,PC.12-LA,Prédio comercial (12 pavimentos),1558.54,Centro-Oeste
51,Mato Grosso,Normal,julho,2025,CP.1-2Q,"Casa popular (1 pav, varanda, sala, 2 quartos)",1939.17,Centro-Oeste
51,Mato Grosso,Normal,julho,2025,CR.1-3Q,"Casa residencial (1 pav, 3 quartos)",1837.84,Centro-Oeste
51,Mato Grosso,Normal,julho,2025,PR4-3QP,Prédio residencial (4 pavimentos),1584.41,Centro-Oeste
51,Mato Grosso,Normal,julho,2025,PC.12-LA,Prédio comercial (12 pavimentos),1561.45,Centro-Oeste
51,Mato Grosso,Normal,agosto,2025,CP.1-2Q,"Casa popular (1 pav, varanda, sala, 2 quartos)",1948.38,Centro-Oeste
51,Mato Grosso,Normal,agosto,2025,CR.1-3Q,"Casa residencial (1 pav, 3 quartos)",1845.9,Centro-Oeste
51,Mato Grosso,Normal,agosto,2025,PR4-3QP,Prédio residencial (4 pavimentos),1591.8,Centro-Oeste
51,Mato Grosso,Normal,agosto,2025,PC.12-LA,Prédio comercial (12 pavimentos),1559.01,Centro-Oeste
51,Mato Grosso,Normal,setembro,2025,CP.1-2Q,"Casa popular (1 pav, varanda, sala, 2 quartos)",2054.04,Centro-Oeste
51,Mato Grosso,Normal,setembro,2025,CR.1-3Q,"Casa residencial (1 pav, 3 quartos)",1946.04,Centro-Oeste
51,Mato Grosso,Normal,setembro,2025,PR4-3QP,Prédio residencial (4 pavimentos),1682.76,Centro-Oeste
51,Mato Grosso,Normal,setembro,2025,PC.12-LA,Prédio comercial (12 pavimentos),1654.81,Centro-Oeste
51,Mato Grosso,Normal,outubro,2025,CP.1-2Q,"Casa popular (1 pav, varanda, sala, 2 quartos)",2057.62,Centro-Oeste
51,Mato Grosso,Normal,outubro,2025,CR.1-3Q,"Casa residencial (1 pav, 3 quartos)",1950.09,Centro-Oeste
51,Mato Grosso,Normal,outubro,2025,PR4-3QP,Prédio residencial (4 pavimentos),1687.98,Centro-Oeste
51,Mato Grosso,Normal,outubro,2025,PC.12-LA,Prédio comercial (12 pavimentos),1652.88,Centro-Oeste
51,Mato Grosso,Normal,novembro,2025,CP.1-2Q,"Casa popular (1 pav, varanda, sala, 2 quartos)",2059.28,Centro-Oeste
51,Mato Grosso,Normal,novembro,2025,CR.1-3Q,"Casa residencial (1 pav, 3 quartos)",1951.69,Centro-Oeste
51,Mato Grosso,Normal,novembro,2025,PR4-3QP,Prédio residencial (4 pavimentos),1690.98,Centro-Oeste
51,Mato Grosso,Normal,novembro,2025,PC.12-LA,Prédio comercial (12 pavimentos),1656.03,Centro-Oeste
51,Mato Grosso,Normal,dezembro,2025,CP.1-2Q,"Casa popular (1 pav, varanda, sala, 2 quartos)",2071.98,Centro-Oeste
51,Mato Grosso,Normal,dezembro,2025,CR.1-3Q,"Casa residencial (1 pav, 3 quartos)",1963.91,Centro-Oeste
51,Mato Grosso,Normal,dezembro,2025,PR4-3QP,Prédio residencial (4 pavimentos),1699.01,Centro-Oeste
51,Mato Grosso,Normal,dezembro,2025,PC.12-LA,Prédio comercial (12 pavimentos),1663.99,Centro-Oeste
51,Mato Grosso,Baixo,janeiro,2025,CP.1-2Q,"Casa popular (1 pav, varanda, sala, 2 quartos)",1306.42,Centro-Oeste
51,Mato Grosso,Baixo,janeiro,2025,CR.1-3Q,"Casa residencial (1 pav, 3 quartos)",1235.81,Centro-Oeste
51,Mato Grosso,Baixo,janeiro,2025,PR4-3QP,Prédio residencial (4 pavimentos),1262.89,Centro-Oeste
51,Mato Grosso,Baixo,fevereiro,2025,CP.1-2Q,"Casa popular (1 pav, varanda, sala, 2 quartos)",1305.52,Centro-Oeste
51,Mato Grosso,Baixo,fevereiro,2025,CR.1-3Q,"Casa residencial (1 pav, 3 quartos)",1235.28,Centro-Oeste
51,Mato Grosso,Baixo,fevereiro,2025,PR4-3QP,Prédio residencial (4 pavimentos),1265.13,Centro-Oeste
51,Mato Grosso,Baixo,março,2025,CP.1-2Q,"Casa popular (1 pav, varanda, sala, 2 quartos)",1317.88,Centro-Oeste
51,Mato Grosso,Baixo,março,2025,CR.1-3Q,"Casa residencial (1 pav, 3 quartos)",1246.52,Centro-Oeste
51,Mato Grosso,Baixo,março,2025,PR4-3QP,Prédio residencial (4 pavimentos),1271.17,Centro-Oeste
51,Mato Grosso,Baixo,abril,2025,CP.1-2Q,"Casa popular (1 pav, varanda, sala, 2 quartos)",1326.57,Centro-Oeste
51,Mato Grosso,Baixo,abril,2025,CR.1-3Q,"Casa residencial (1 pav, 3 quartos)",1256.07,Centro-Oeste
51,Mato Grosso,Baixo,abril,2025,PR4-3QP,Prédio residencial (4 pavimentos),1274.64,Centro-Oeste
51,Mato Grosso,Baixo,maio,2025,CP.1-2Q,"Casa popular (1 pav, varanda, sala, 2 quartos)",1327.71,Centro-Oeste
51,Mato Grosso,Baixo,maio,2025,CR.1-3Q,"Casa residencial (1 pav, 3 quartos)",1256.89,Centro-Oeste
51,Mato Grosso,Baixo,maio,2025,PR4-3QP,Prédio residencial (4 pavimentos),1270.93,Centro-Oeste
51,Mato Grosso,Baixo,junho,2025,CP.1-2Q,"Casa popular (1 pav, varanda, sala, 2 quartos)",1328.77,Centro-Oeste
51,Mato Grosso,Baixo,junho,2025,CR.1-3Q,"Casa residencial (1 pav, 3 quartos)",1257.69,Centro-Oeste
51,Mato Grosso,Baixo,junho,2025,PR4-3QP,Prédio residencial (4 pavimentos),1269.68,Centro-Oeste
51,Mato Grosso,Baixo,julho,2025,CP.1-2Q,"Casa popular (1 pav, varanda, sala, 2 quartos)",1329.47,Centro-Oeste
51,Mato Grosso,Baixo,julho,2025,CR.1-3Q,"Casa residencial (1 pav, 3 quartos)",1258.52,Centro-Oeste
51,Mato Grosso,Baixo,julho,2025,PR4-3QP,Prédio residencial (4 pavimentos),1266.99,Centro-Oeste
51,Mato Grosso,Baixo,agosto,2025,CP.1-2Q,"Casa popular (1 pav, varanda, sala, 2 quartos)",1332.02,Centro-Oeste
51,Mato Grosso,Baixo,agosto,2025,CR.1-3Q,"Casa residencial (1 pav, 3 quartos)",1260.36,Centro-Oeste
51,Mato Grosso,Baixo,agosto,2025,PR4-3QP,Prédio residencial (4 pavimentos),1267.95,Centro-Oeste
51,Mato Grosso,Baixo,setembro,2025,CP.1-2Q,"Casa popular (1 pav, varanda, sala, 2 quartos)",1413.19,Centro-Oeste
51,Mato Grosso,Baixo,setembro,2025,CR.1-3Q,"Casa residencial (1 pav, 3 quartos)",1336.82,Centro-Oeste
51,Mato Grosso,Baixo,setembro,2025,PR4-3QP,Prédio residencial (4 pavimentos),1346.15,Centro-Oeste
51,Mato Grosso,Baixo,outubro,2025,CP.1-2Q,"Casa popular (1 pav, varanda, sala, 2 quartos)",1414.39,Centro-Oeste
51,Mato Grosso,Baixo,outubro,2025,CR.1-3Q,"Casa residencial (1 pav, 3 quartos)",1337.98,Centro-Oeste
51,Mato Grosso,Baixo,outubro,2025,PR4-3QP,Prédio residencial (4 pavimentos),1349.81,Centro-Oeste
51,Mato Grosso,Baixo,novembro,2025,CP.1-2Q,"Casa popular (1 pav, varanda, sala, 2 quartos)",1417.61,Centro-Oeste
51,Mato Grosso,Baixo,novembro,2025,CR.1-3Q,"Casa residencial (1 pav, 3 quartos)",1341.14,Centro-Oeste
51,Mato Grosso,Baixo,novembro,2025,PR4-3QP,Prédio residencial (4 pavimentos),1351.42,Centro-Oeste
51,Mato Grosso,Baixo,dezembro,2025,CP.1-2Q,"Casa popular (1 pav, varanda, sala, 2 quartos)",1429.01,Centro-Oeste
51,Mato Grosso,Baixo,dezembro,2025,CR.1-3Q,"Casa residencial (1 pav, 3 quartos)",1352.24,Centro-Oeste
51,Mato Grosso,Baixo,dezembro,2025,PR4-3QP,Prédio residencial (4 pavimentos),1360.36,Centro-Oeste
51,Mato Grosso,Mínimo,janeiro,2025,CP.1-2Q,"Casa popular (1 pav, varanda, sala, 2 quartos)",1129.75,Centro-Oeste
51,Mato Grosso,Mínimo,janeiro,2025,CB-MMO,Cesta básica construção,1072.24,Centro-Oeste
51,Mato Grosso,Mínimo,fevereiro,2025,CP.1-2Q,"Casa popular (1 pav, varanda, sala, 2 quartos)",1128.98,Centro-Oeste
51,Mato Grosso,Mínimo,fevereiro,2025,CB-MMO,Cesta básica construção,1073.52,Centro-Oeste
51,Mato Grosso,Mínimo,março,2025,CP.1-2Q,"Casa popular (1 pav, varanda, sala, 2 quartos)",1138.88,Centro-Oeste
51,Mato Grosso,Mínimo,março,2025,CB-MMO,Cesta básica construção,1079.82,Centro-Oeste
51,Mato Grosso,Mínimo,abril,2025,CP.1-2Q,"Casa popular (1 pav, varanda, sala, 2 quartos)",1145.61,Centro-Oeste
51,Mato Grosso,Mínimo,abril,2025,CB-MMO,Cesta básica construção,1085.23,Centro-Oeste
51,Mato Grosso,Mínimo,maio,2025,CP.1-2Q,"Casa popular (1 pav, varanda, sala, 2 quartos)",1145.62,Centro-Oeste
51,Mato Grosso,Mínimo,maio,2025,CB-MMO,Cesta básica construção,1082.25,Centro-Oeste
51,Mato Grosso,Mínimo,junho,2025,CP.1-2Q,"Casa popular (1 pav, varanda, sala, 2 quartos)",1147.14,Centro-Oeste
51,Mato Grosso,Mínimo,junho,2025,CB-MMO,Cesta básica construção,1082.8,Centro-Oeste
51,Mato Grosso,Mínimo,julho,2025,CP.1-2Q,"Casa popular (1 pav, varanda, sala, 2 quartos)",1147.9,Centro-Oeste
51,Mato Grosso,Mínimo,julho,2025,CB-MMO,Cesta básica construção,1081.06,Centro-Oeste
51,Mato Grosso,Mínimo,agosto,2025,CP.1-2Q,"Casa popular (1 pav, varanda, sala, 2 quartos)",1149.95,Centro-Oeste
51,Mato Grosso,Mínimo,agosto,2025,CB-MMO,Cesta básica construção,1082.49,Centro-Oeste
51,Mato Grosso,Mínimo,setembro,2025,CP.1-2Q,"Casa popular (1 pav, varanda, sala, 2 quartos)",1222.79,Centro-Oeste
51,Mato Grosso,Mínimo,setembro,2025,CB-MMO,Cesta básica construção,1157.32,Centro-Oeste
51,Mato Grosso,Mínimo,outubro,2025,CP.1-2Q,"Casa popular (1 pav, varanda, sala, 2 quartos)",1223.16,Centro-Oeste
51,Mato Grosso,Mínimo,outubro,2025,CB-MMO,Cesta básica construção,1156.26,Centro-Oeste
51,Mato Grosso,Mínimo,novembro,2025,CP.1-2Q,"Casa popular (1 pav, varanda, sala, 2 quartos)",1226.66,Centro-Oeste
51,Mato Grosso,Mínimo,novembro,2025,CB-MMO,Cesta básica construção,1159.94,Centro-Oeste
51,Mato Grosso,Mínimo,dezembro,2025,CP.1-2Q,"Casa popular (1 pav, varanda, sala, 2 quartos)",1238.61,Centro-Oeste
51,Mato Grosso,Mínimo,dezembro,2025,CB-MMO,Cesta básica construção,1171.9,Centro-Oeste
52,Goiás,Alto,janeiro,2025,CR.1-3Q,"Casa residencial (1 pav, 3 quartos)",2111.36,Centro-Oeste
52,Goiás,Alto,janeiro,2025,PR4-3QP,Prédio residencial (4 pavimentos),1924.52,Centro-Oeste
52,Goiás,Alto,janeiro,2025,PC.12-LA,Prédio comercial (12 pavimentos),1950.0,Centro-Oeste
52,Goiás,Alto,fevereiro,2025,CR.1-3Q,"Casa residencial (1 pav, 3 quartos)",2107.0,Centro-Oeste
52,Goiás,Alto,fevereiro,2025,PR4-3QP,Prédio residencial (4 pavimentos),1920.7,Centro-Oeste
52,Goiás,Alto,fevereiro,2025,PC.12-LA,Prédio comercial (12 pavimentos),1950.12,Centro-Oeste
52,Goiás,Alto,março,2025,CR.1-3Q,"Casa residencial (1 pav, 3 quartos)",2113.62,Centro-Oeste
52,Goiás,Alto,março,2025,PR4-3QP,Prédio residencial (4 pavimentos),1915.79,Centro-Oeste
52,Goiás,Alto,março,2025,PC.12-LA,Prédio comercial (12 pavimentos),1950.09,Centro-Oeste
52,Goiás,Alto,abril,2025,CR.1-3Q,"Casa residencial (1 pav, 3 quartos)",2118.57,Centro-Oeste
52,Goiás,Alto,abril,2025,PR4-3QP,Prédio residencial (4 pavimentos),1917.48,Centro-Oeste
52,Goiás,Alto,abril,2025,PC.12-LA,Prédio comercial (12 pavimentos),1946.62,Centro-Oeste
52,Goiás,Alto,maio,2025,CR.1-3Q,"Casa residencial (1 pav, 3 quartos)",2123.46,Centro-Oeste
52,Goiás,Alto,maio,2025,PR4-3QP,Prédio residencial (4 pavimentos),1913.99,Centro-Oeste
52,Goiás,Alto,maio,2025,PC.12-LA,Prédio comercial (12 pavimentos),1948.46,Centro-Oeste
52,Goiás,Alto,junho,2025,CR.1-3Q,"Casa residencial (1 pav, 3 quartos)",2166.71,Centro-Oeste
52,Goiás,Alto,junho,2025,PR4-3QP,Prédio residencial (4 pavimentos),1954.41,Centro-Oeste
52,Goiás,Alto,junho,2025,PC.12-LA,Prédio comercial (12 pavimentos),1990.66,Centro-Oeste
52,Goiás,Alto,julho,2025,CR.1-3Q,"Casa residencial (1 pav, 3 quartos)",2177.22,Centro-Oeste
52,Goiás,Alto,julho,2025,PR4-3QP,Prédio residencial (4 pavimentos),1965.84,Centro-Oeste
52,Goiás,Alto,julho,2025,PC.12-LA,Prédio comercial (12 pavimentos),1999.73,Centro-Oeste
52,Goiás,Alto,agosto,2025,CR.1-3Q,"Casa residencial (1 pav, 3 quartos)",2181.1,Centro-Oeste
52,Goiás,Alto,agosto,2025,PR4-3QP,Prédio residencial (4 pavimentos),1969.75,Centro-Oeste
52,Goiás,Alto,agosto,2025,PC.12-LA,Prédio comercial (12 pavimentos),1999.51,Centro-Oeste
52,Goiás,Alto,setembro,2025,CR.1-3Q,"Casa residencial (1 pav, 3 quartos)",2182.67,Centro-Oeste
52,Goiás,Alto,setembro,2025,PR4-3QP,Prédio residencial (4 pavimentos),1980.71,Centro-Oeste
52,Goiás,Alto,setembro,2025,PC.12-LA,Prédio comercial (12 pavimentos),2003.03,Centro-Oeste
52,Goiás,Alto,outubro,2025,CR.1-3Q,"Casa residencial (1 pav, 3 quartos)",2195.53,Centro-Oeste
52,Goiás,Alto,outubro,2025,PR4-3QP,Prédio residencial (4 pavimentos),1985.04,Centro-Oeste
52,Goiás,Alto,outubro,2025,PC.12-LA,Prédio comercial (12 pavimentos),2016.29,Centro-Oeste
52,Goiás,Alto,novembro,2025,CR.1-3Q,"Casa residencial (1 pav, 3 quartos)",2199.88,Centro-Oeste
52,Goiás,Alto,novembro,2025,PR4-3QP,Prédio residencial (4 pavimentos),1975.07,Centro-Oeste
52,Goiás,Alto,novembro,2025,PC.12-LA,Prédio comercial (12 pavimentos),2018.44,Centro-Oeste
52,Goiás,Alto,dezembro,2025,CR.1-3Q,"Casa residencial (1 pav, 3 quartos)",2210.79,Centro-Oeste
52,Goiás,Alto,dezembro,2025,PR4-3QP,Prédio residencial (4 pavimentos),1977.32,Centro-Oeste
52,Goiás,Alto,dezembro,2025,PC.12-LA,Prédio comercial (12 pavimentos),2021.35,Centro-Oeste
52,Goiás,Normal,janeiro,2025,CP.1-2Q,"Casa popular (1 pav, varanda, sala, 2 quartos)",1851.05,Centro-Oeste
52,Goiás,Normal,janeiro,2025,CR.1-3Q,"Casa residencial (1 pav, 3 quartos)",1751.87,Centro-Oeste
52,Goiás,Normal,janeiro,2025,PR4-3QP,Prédio residencial (4 pavimentos),1546.52,Centro-Oeste
52,Goiás,Normal,janeiro,2025,PC.12-LA,Prédio comercial (12 pavimentos),1590.83,Centro-Oeste
52,Goiás,Normal,fevereiro,2025,CP.1-2Q,"Casa popular (1 pav, varanda, sala, 2 quartos)",1858.69,Centro-Oeste
52,Goiás,Normal,fevereiro,2025,CR.1-3Q,"Casa residencial (1 pav, 3 quartos)",1759.17,Centro-Oeste
52,Goiás,Normal,fevereiro,2025,PR4-3QP,Prédio residencial (4 pavimentos),1548.51,Centro-Oeste
52,Goiás,Normal,fevereiro,2025,PC.12-LA,Prédio comercial (12 pavimentos),1587.17,Centro-Oeste
52,Goiás,Normal,março,2025,CP.1-2Q,"Casa popular (1 pav, varanda, sala, 2 quartos)",1867.61,Centro-Oeste
52,Goiás,Normal,março,2025,CR.1-3Q,"Casa residencial (1 pav, 3 quartos)",1765.94,Centro-Oeste
52,Goiás,Normal,março,2025,PR4-3QP,Prédio residencial (4 pavimentos),1549.7,Centro-Oeste
52,Goiás,Normal,março,2025,PC.12-LA,Prédio comercial (12 pavimentos),1588.65,Centro-Oeste
52,Goiás,Normal,abril,2025,CP.1-2Q,"Casa popular (1 pav, varanda, sala, 2 quartos)",1867.61,Centro-Oeste
52,Goiás,Normal,abril,2025,CR.1-3Q,"Casa residencial (1 pav, 3 quartos)",1767.72,Centro-Oeste
52,Goiás,Normal,abril,2025,PR4-3QP,Prédio residencial (4 pavimentos),1549.35,Centro-Oeste
52,Goiás,Normal,abril,2025,PC.12-LA,Prédio comercial (12 pavimentos),1585.11,Centro-Oeste
52,Goiás,Normal,maio,2025,CP.1-2Q,"Casa popular (1 pav, varanda, sala, 2 quartos)",1875.75,Centro-Oeste
52,Goiás,Normal,maio,2025,CR.1-3Q,"Casa residencial (1 pav, 3 quartos)",1775.05,Centro-Oeste
52,Goiás,Normal,maio,2025,PR4-3QP,Prédio residencial (4 pavimentos),1557.22,Centro-Oeste
52,Goiás,Normal,maio,2025,PC.12-LA,Prédio comercial (12 pavimentos),1590.81,Centro-Oeste
52,Goiás,Normal,junho,2025,CP.1-2Q,"Casa popular (1 pav, varanda, sala, 2 quartos)",1912.16,Centro-Oeste
52,Goiás,Normal,junho,2025,CR.1-3Q,"Casa residencial (1 pav, 3 quartos)",1808.27,Centro-Oeste
52,Goiás,Normal,junho,2025,PR4-3QP,Prédio residencial (4 pavimentos),1588.92,Centro-Oeste
52,Goiás,Normal,junho,2025,PC.12-LA,Prédio comercial (12 pavimentos),1629.44,Centro-Oeste
52,Goiás,Normal,julho,2025,CP.1-2Q,"Casa popular (1 pav, varanda, sala, 2 quartos)",1921.79,Centro-Oeste
52,Goiás,Normal,julho,2025,CR.1-3Q,"Casa residencial (1 pav, 3 quartos)",1818.17,Centro-Oeste
52,Goiás,Normal,julho,2025,PR4-3QP,Prédio residencial (4 pavimentos),1591.88,Centro-Oeste
52,Goiás,Normal,julho,2025,PC.12-LA,Prédio comercial (12 pavimentos),1634.95,Centro-Oeste
52,Goiás,Normal,agosto,2025,CP.1-2Q,"Casa popular (1 pav, varanda, sala, 2 quartos)",1922.17,Centro-Oeste
52,Goiás,Normal,agosto,2025,CR.1-3Q,"Casa residencial (1 pav, 3 quartos)",1819.09,Centro-Oeste
52,Goiás,Normal,agosto,2025,PR4-3QP,Prédio residencial (4 pavimentos),1593.54,Centro-Oeste
52,Goiás,Normal,agosto,2025,PC.12-LA,Prédio comercial (12 pavimentos),1634.24,Centro-Oeste
52,Goiás,Normal,setembro,2025,CP.1-2Q,"Casa popular (1 pav, varanda, sala, 2 quartos)",1917.55,Centro-Oeste
52,Goiás,Normal,setembro,2025,CR.1-3Q,"Casa residencial (1 pav, 3 quartos)",1814.66,Centro-Oeste
52,Goiás,Normal,setembro,2025,PR4-3QP,Prédio residencial (4 pavimentos),1598.72,Centro-Oeste
52,Goiás,Normal,setembro,2025,PC.12-LA,Prédio comercial (12 pavimentos),1635.97,Centro-Oeste
52,Goiás,Normal,outubro,2025,CP.1-2Q,"Casa popular (1 pav, varanda, sala, 2 quartos)",1928.31,Centro-Oeste
52,Goiás,Normal,outubro,2025,CR.1-3Q,"Casa residencial (1 pav, 3 quartos)",1825.26,Centro-Oeste
52,Goiás,Normal,outubro,2025,PR4-3QP,Prédio residencial (4 pavimentos),1602.58,Centro-Oeste
52,Goiás,Normal,outubro,2025,PC.12-LA,Prédio comercial (12 pavimentos),1643.87,Centro-Oeste
52,Goiás,Normal,novembro,2025,CP.1-2Q,"Casa popular (1 pav, varanda, sala, 2 quartos)",1933.58,Centro-Oeste
52,Goiás,Normal,novembro,2025,CR.1-3Q,"Casa residencial (1 pav, 3 quartos)",1830.52,Centro-Oeste
52,Goiás,Normal,novembro,2025,PR4-3QP,Prédio residencial (4 pavimentos),1606.37,Centro-Oeste
52,Goiás,Normal,novembro,2025,PC.12-LA,Prédio comercial (12 pavimentos),1648.65,Centro-Oeste
52,Goiás,Normal,dezembro,2025,CP.1-2Q,"Casa popular (1 pav, varanda, sala, 2 quartos)",1940.43,Centro-Oeste
52,Goiás,Normal,dezembro,2025,CR.1-3Q,"Casa residencial (1 pav, 3 quartos)",1837.76,Centro-Oeste
52,Goiás,Normal,dezembro,2025,PR4-3QP,Prédio residencial (4 pavimentos),1609.45,Centro-Oeste
52,Goiás,Normal,dezembro,2025,PC.12-LA,Prédio comercial (12 pavimentos),1650.44,Centro-Oeste
52,Goiás,Baixo,janeiro,2025,CP.1-2Q,"Casa popular (1 pav, varanda, sala, 2 quartos)",1319.44,Centro-Oeste
52,Goiás,Baixo,janeiro,2025,CR.1-3Q,"Casa residencial (1 pav, 3 quartos)",1246.32,Centro-Oeste
52,Goiás,Baixo,janeiro,2025,PR4-3QP,Prédio residencial (4 pavimentos),1272.43,Centro-Oeste
52,Goiás,Baixo,fevereiro,2025,CP.1-2Q,"Casa popular (1 pav, varanda, sala, 2 quartos)",1324.16,Centro-Oeste
52,Goiás,Baixo,fevereiro,2025,CR.1-3Q,"Casa residencial (1 pav, 3 quartos)",1250.42,Centro-Oeste
52,Goiás,Baixo,fevereiro,2025,PR4-3QP,Prédio residencial (4 pavimentos),1267.46,Centro-Oeste
52,Goiás,Baixo,março,2025,CP.1-2Q,"Casa popular (1 pav, varanda, sala, 2 quartos)",1329.09,Centro-Oeste
52,Goiás,Baixo,março,2025,CR.1-3Q,"Casa residencial (1 pav, 3 quartos)",1254.59,Centro-Oeste
52,Goiás,Baixo,março,2025,PR4-3QP,Prédio residencial (4 pavimentos),1269.74,Centro-Oeste
52,Goiás,Baixo,abril,2025,CP.1-2Q,"Casa popular (1 pav, varanda, sala, 2 quartos)",1331.11,Centro-Oeste
52,Goiás,Baixo,abril,2025,CR.1-3Q,"Casa residencial (1 pav, 3 quartos)",1257.2,Centro-Oeste
52,Goiás,Baixo,abril,2025,PR4-3QP,Prédio residencial (4 pavimentos),1266.99,Centro-Oeste
52,Goiás,Baixo,maio,2025,CP.1-2Q,"Casa popular (1 pav, varanda, sala, 2 quartos)",1335.92,Centro-Oeste
52,Goiás,Baixo,maio,2025,CR.1-3Q,"Casa residencial (1 pav, 3 quartos)",1261.14,Centro-Oeste
52,Goiás,Baixo,maio,2025,PR4-3QP,Prédio residencial (4 pavimentos),1274.24,Centro-Oeste
52,Goiás,Baixo,junho,2025,CP.1-2Q,"Casa popular (1 pav, varanda, sala, 2 quartos)",1369.03,Centro-Oeste
52,Goiás,Baixo,junho,2025,CR.1-3Q,"Casa residencial (1 pav, 3 quartos)",1291.6,Centro-Oeste
52,Goiás,Baixo,junho,2025,PR4-3QP,Prédio residencial (4 pavimentos),1303.02,Centro-Oeste
52,Goiás,Baixo,julho,2025,CP.1-2Q,"Casa popular (1 pav, varanda, sala, 2 quartos)",1369.28,Centro-Oeste
52,Goiás,Baixo,julho,2025,CR.1-3Q,"Casa residencial (1 pav, 3 quartos)",1292.51,Centro-Oeste
52,Goiás,Baixo,julho,2025,PR4-3QP,Prédio residencial (4 pavimentos),1306.12,Centro-Oeste
52,Goiás,Baixo,agosto,2025,CP.1-2Q,"Casa popular (1 pav, varanda, sala, 2 quartos)",1375.31,Centro-Oeste
52,Goiás,Baixo,agosto,2025,CR.1-3Q,"Casa residencial (1 pav, 3 quartos)",1298.18,Centro-Oeste
52,Goiás,Baixo,agosto,2025,PR4-3QP,Prédio residencial (4 pavimentos),1308.09,Centro-Oeste
52,Goiás,Baixo,setembro,2025,CP.1-2Q,"Casa popular (1 pav, varanda, sala, 2 quartos)",1372.66,Centro-Oeste
52,Goiás,Baixo,setembro,2025,CR.1-3Q,"Casa residencial (1 pav, 3 quartos)",1295.42,Centro-Oeste
52,Goiás,Baixo,setembro,2025,PR4-3QP,Prédio residencial (4 pavimentos),1310.53,Centro-Oeste
52,Goiás,Baixo,outubro,2025,CP.1-2Q,"Casa popular (1 pav, varanda, sala, 2 quartos)",1377.43,Centro-Oeste
52,Goiás,Baixo,outubro,2025,CR.1-3Q,"Casa residencial (1 pav, 3 quartos)",1300.48,Centro-Oeste
52,Goiás,Baixo,outubro,2025,PR4-3QP,Prédio residencial (4 pavimentos),1312.84,Centro-Oeste
52,Goiás,Baixo,novembro,2025,CP.1-2Q,"Casa popular (1 pav, varanda, sala, 2 quartos)",1383.87,Centro-Oeste
52,Goiás,Baixo,novembro,2025,CR.1-3Q,"Casa residencial (1 pav, 3 quartos)",1306.34,Centro-Oeste
52,Goiás,Baixo,novembro,2025,PR4-3QP,Prédio residencial (4 pavimentos),1315.58,Centro-Oeste
52,Goiás,Baixo,dezembro,2025,CP.1-2Q,"Casa popular (1 pav, varanda, sala, 2 quartos)",1388.46,Centro-Oeste
52,Goiás,Baixo,dezembro,2025,CR.1-3Q,"Casa residencial (1 pav, 3 quartos)",1310.95,Centro-Oeste
52,Goiás,Baixo,dezembro,2025,PR4-3QP,Prédio residencial (4 pavimentos),1315.77,Centro-Oeste
52,Goiás,Mínimo,janeiro,2025,CP.1-2Q,"Casa popular (1 pav, varanda, sala, 2 quartos)",1149.31,Centro-Oeste
52,Goiás,Mínimo,janeiro,2025,CB-MMO,Cesta básica construção,1076.41,Centro-Oeste
52,Goiás,Mínimo,fevereiro,2025,CP.1-2Q,"Casa popular (1 pav, varanda, sala, 2 quartos)",1151.59,Centro-Oeste
52,Goiás,Mínimo,fevereiro,2025,CB-MMO,Cesta básica construção,1077.65,Centro-Oeste
52,Goiás,Mínimo,março,2025,CP.1-2Q,"Casa popular (1 pav, varanda, sala, 2 quartos)",1155.79,Centro-Oeste
52,Goiás,Mínimo,março,2025,CB-MMO,Cesta básica construção,1082.47,Centro-Oeste
52,Goiás,Mínimo,abril,2025,CP.1-2Q,"Casa popular (1 pav, varanda, sala, 2 quartos)",1154.15,Centro-Oeste
52,Goiás,Mínimo,abril,2025,CB-MMO,Cesta básica construção,1084.03,Centro-Oeste
52,Goiás,Mínimo,maio,2025,CP.1-2Q,"Casa popular (1 pav, varanda, sala, 2 quartos)",1162.24,Centro-Oeste
52,Goiás,Mínimo,maio,2025,CB-MMO,Cesta básica construção,1089.67,Centro-Oeste
52,Goiás,Mínimo,junho,2025,CP.1-2Q,"Casa popular (1 pav, varanda, sala, 2 quartos)",1192.12,Centro-Oeste
52,Goiás,Mínimo,junho,2025,CB-MMO,Cesta básica construção,1122.01,Centro-Oeste
52,Goiás,Mínimo,julho,2025,CP.1-2Q,"Casa popular (1 pav, varanda, sala, 2 quartos)",1194.58,Centro-Oeste
52,Goiás,Mínimo,julho,2025,CB-MMO,Cesta básica construção,1125.83,Centro-Oeste
52,Goiás,Mínimo,agosto,2025,CP.1-2Q,"Casa popular (1 pav, varanda, sala, 2 quartos)",1197.33,Centro-Oeste
52,Goiás,Mínimo,agosto,2025,CB-MMO,Cesta básica construção,1129.88,Centro-Oeste
52,Goiás,Mínimo,setembro,2025,CP.1-2Q,"Casa popular (1 pav, varanda, sala, 2 quartos)",1196.46,Centro-Oeste
52,Goiás,Mínimo,setembro,2025,CB-MMO,Cesta básica construção,1131.97,Centro-Oeste
52,Goiás,Mínimo,outubro,2025,CP.1-2Q,"Casa popular (1 pav, varanda, sala, 2 quartos)",1202.87,Centro-Oeste
52,Goiás,Mínimo,outubro,2025,CB-MMO,Cesta básica construção,1138.07,Centro-Oeste
52,Goiás,Mínimo,novembro,2025,CP.1-2Q,"Casa popular (1 pav, varanda, sala, 2 quartos)",1206.58,Centro-Oeste
52,Goiás,Mínimo,novembro,2025,CB-MMO,Cesta básica construção,1141.07,Centro-Oeste
52,Goiás,Mínimo,dezembro,2025,CP.1-2Q,"Casa popular (1 pav, varanda, sala, 2 quartos)",1210.47,Centro-Oeste
52,Goiás,Mínimo,dezembro,2025,CB-MMO,Cesta básica construção,1144.18,Centro-Oeste
53,Distrito Federal,Alto,janeiro,2025,CR.1-3Q,"Casa residencial (1 pav, 3 quartos)",2253.11,Centro-Oeste
53,Distrito Federal,Alto,janeiro,2025,PR4-3QP,Prédio residencial (4 pavimentos),1997.47,Centro-Oeste
53,Distrito Federal,Alto,janeiro,2025,PC.12-LA,Prédio comercial (12 pavimentos),2049.73,Centro-Oeste
53,Distrito Federal,Alto,fevereiro,2025,CR.1-3Q,"Casa residencial (1 pav, 3 quartos)",2238.81,Centro-Oeste
53,Distrito Federal,Alto,fevereiro,2025,PR4-3QP,Prédio residencial (4 pavimentos),1982.38,Centro-Oeste
53,Distrito Federal,Alto,fevereiro,2025,PC.12-LA,Prédio comercial (12 pavimentos),2048.21,Centro-Oeste
53,Distrito Federal,Alto,março,2025,CR.1-3Q,"Casa residencial (1 pav, 3 quartos)",2238.35,Centro-Oeste
53,Distrito Federal,Alto,março,2025,PR4-3QP,Prédio residencial (4 pavimentos),1979.22,Centro-Oeste
53,Distrito Federal,Alto,março,2025,PC.12-LA,Prédio comercial (12 pavimentos),2050.87,Centro-Oeste
53,Distrito Federal,Alto,abril,2025,CR.1-3Q,"Casa residencial (1 pav, 3 quartos)",2247.34,Centro-Oeste
53,Distrito Federal,Alto,abril,2025,PR4-3QP,Prédio residencial (4 pavimentos),1988.15,Centro-Oeste
53,Distrito Federal,Alto,abril,2025,PC.12-LA,Prédio comercial (12 pavimentos),2042.17,Centro-Oeste
53,Distrito Federal,Alto,maio,2025,CR.1-3Q,"Casa residencial (1 pav, 3 quartos)",2246.89,Centro-Oeste
53,Distrito Federal,Alto,maio,2025,PR4-3QP,Prédio residencial (4 pavimentos),1986.72,Centro-Oeste
53,Distrito Federal,Alto,maio,2025,PC.12-LA,Prédio comercial (12 pavimentos),2043.71,Centro-Oeste
53,Distrito Federal,Alto,junho,2025,CR.1-3Q,"Casa residencial (1 pav, 3 quartos)",2313.25,Centro-Oeste
53,Distrito Federal,Alto,junho,2025,PR4-3QP,Prédio residencial (4 pavimentos),2028.89,Centro-Oeste
53,Distrito Federal,Alto,junho,2025,PC.12-LA,Prédio comercial (12 pavimentos),2077.88,Centro-Oeste
53,Distrito Federal,Alto,julho,2025,CR.1-3Q,"Casa residencial (1 pav, 3 quartos)",2318.59,Centro-Oeste
53,Distrito Federal,Alto,julho,2025,PR4-3QP,Prédio residencial (4 pavimentos),2035.14,Centro-Oeste
53,Distrito Federal,Alto,julho,2025,PC.12-LA,Prédio comercial (12 pavimentos),2084.18,Centro-Oeste
53,Distrito Federal,Alto,agosto,2025,CR.1-3Q,"Casa residencial (1 pav, 3 quartos)",2335.45,Centro-Oeste
53,Distrito Federal,Alto,agosto,2025,PR4-3QP,Prédio residencial (4 pavimentos),2059.07,Centro-Oeste
53,Distrito Federal,Alto,agosto,2025,PC.12-LA,Prédio comercial (12 pavimentos),2107.14,Centro-Oeste
53,Distrito Federal,Alto,setembro,2025,CR.1-3Q,"Casa residencial (1 pav, 3 quartos)",2354.96,Centro-Oeste
53,Distrito Federal,Alto,setembro,2025,PR4-3QP,Prédio residencial (4 pavimentos),2086.25,Centro-Oeste
53,Distrito Federal,Alto,setembro,2025,PC.12-LA,Prédio comercial (12 pavimentos),2128.1,Centro-Oeste
53,Distrito Federal,Alto,outubro,2025,CR.1-3Q,"Casa residencial (1 pav, 3 quartos)",2357.9,Centro-Oeste
53,Distrito Federal,Alto,outubro,2025,PR4-3QP,Prédio residencial (4 pavimentos),2089.9,Centro-Oeste
53,Distrito Federal,Alto,outubro,2025,PC.12-LA,Prédio comercial (12 pavimentos),2129.37,Centro-Oeste
53,Distrito Federal,Alto,novembro,2025,CR.1-3Q,"Casa residencial (1 pav, 3 quartos)",2357.57,Centro-Oeste
53,Distrito Federal,Alto,novembro,2025,PR4-3QP,Prédio residencial (4 pavimentos),2093.94,Centro-Oeste
53,Distrito Federal,Alto,novembro,2025,PC.12-LA,Prédio comercial (12 pavimentos),2134.14,Centro-Oeste
53,Distrito Federal,Alto,dezembro,2025,CR.1-3Q,"Casa residencial (1 pav, 3 quartos)",2361.19,Centro-Oeste
53,Distrito Federal,Alto,dezembro,2025,PR4-3QP,Prédio residencial (4 pavimentos),2089.93,Centro-Oeste
53,Distrito Federal,Alto,dezembro,2025,PC.12-LA,Prédio comercial (12 pavimentos),2131.95,Centro-Oeste
53,Distrito Federal,Normal,janeiro,2025,CP.1-2Q,"Casa popular (1 pav, varanda, sala, 2 quartos)",1964.37,Centro-Oeste
53,Distrito Federal,Normal,janeiro,2025,CR.1-3Q,"Casa residencial (1 pav, 3 quartos)",1855.3,Centro-Oeste
53,Distrito Federal,Normal,janeiro,2025,PR4-3QP,Prédio residencial (4 pavimentos),1587.8,Centro-Oeste
53,Distrito Federal,Normal,janeiro,2025,PC.12-LA,Prédio comercial (12 pavimentos),1622.52,Centro-Oeste
53,Distrito Federal,Normal,fevereiro,2025,CP.1-2Q,"Casa popular (1 pav, varanda, sala, 2 quartos)",1963.4,Centro-Oeste
53,Distrito Federal,Normal,fevereiro,2025,CR.1-3Q,"Casa residencial (1 pav, 3 quartos)",1854.29,Centro-Oeste
53,Distrito Federal,Normal,fevereiro,2025,PR4-3QP,Prédio residencial (4 pavimentos),1585.09,Centro-Oeste
53,Distrito Federal,Normal,fevereiro,2025,PC.12-LA,Prédio comercial (12 pavimentos),1622.07,Centro-Oeste
53,Distrito Federal,Normal,março,2025,CP.1-2Q,"Casa popular (1 pav, varanda, sala, 2 quartos)",1963.94,Centro-Oeste
53,Distrito Federal,Normal,março,2025,CR.1-3Q,"Casa residencial (1 pav, 3 quartos)",1855.18,Centro-Oeste
53,Distrito Federal,Normal,março,2025,PR4-3QP,Prédio residencial (4 pavimentos),1584.84,Centro-Oeste
53,Distrito Federal,Normal,março,2025,PC.12-LA,Prédio comercial (12 pavimentos),1622.85,Centro-Oeste
53,Distrito Federal,Normal,abril,2025,CP.1-2Q,"Casa popular (1 pav, varanda, sala, 2 quartos)",1969.54,Centro-Oeste
53,Distrito Federal,Normal,abril,2025,CR.1-3Q,"Casa residencial (1 pav, 3 quartos)",1859.81,Centro-Oeste
53,Distrito Federal,Normal,abril,2025,PR4-3QP,Prédio residencial (4 pavimentos),1589.46,Centro-Oeste
53,Distrito Federal,Normal,abril,2025,PC.12-LA,Prédio comercial (12 pavimentos),1620.65,Centro-Oeste
53,Distrito Federal,Normal,maio,2025,CP.1-2Q,"Casa popular (1 pav, varanda, sala, 2 quartos)",1973.56,Centro-Oeste
53,Distrito Federal,Normal,maio,2025,CR.1-3Q,"Casa residencial (1 pav, 3 quartos)",1862.39,Centro-Oeste
53,Distrito Federal,Normal,maio,2025,PR4-3QP,Prédio residencial (4 pavimentos),1590.49,Centro-Oeste
53,Distrito Federal,Normal,maio,2025,PC.12-LA,Prédio comercial (12 pavimentos),1620.89,Centro-Oeste
53,Distrito Federal,Normal,junho,2025,CP.1-2Q,"Casa popular (1 pav, varanda, sala, 2 quartos)",2030.12,Centro-Oeste
53,Distrito Federal,Normal,junho,2025,CR.1-3Q,"Casa residencial (1 pav, 3 quartos)",1915.9,Centro-Oeste
53,Distrito Federal,Normal,junho,2025,PR4-3QP,Prédio residencial (4 pavimentos),1629.38,Centro-Oeste
53,Distrito Federal,Normal,junho,2025,PC.12-LA,Prédio comercial (12 pavimentos),1648.44,Centro-Oeste
53,Distrito Federal,Normal,julho,2025,CP.1-2Q,"Casa popular (1 pav, varanda, sala, 2 quartos)",2033.24,Centro-Oeste
53,Distrito Federal,Normal,julho,2025,CR.1-3Q,"Casa residencial (1 pav, 3 quartos)",1917.46,Centro-Oeste
53,Distrito Federal,Normal,julho,2025,PR4-3QP,Prédio residencial (4 pavimentos),1631.92,Centro-Oeste
53,Distrito Federal,Normal,julho,2025,PC.12-LA,Prédio comercial (12 pavimentos),1653.19,Centro-Oeste
53,Distrito Federal,Normal,agosto,2025,CP.1-2Q,"Casa popular (1 pav, varanda, sala, 2 quartos)",2048.27,Centro-Oeste
53,Distrito Federal,Normal,agosto,2025,CR.1-3Q,"Casa residencial (1 pav, 3 quartos)",1932.71,Centro-Oeste
53,Distrito Federal,Normal,agosto,2025,PR4-3QP,Prédio residencial (4 pavimentos),1650.2,Centro-Oeste
53,Distrito Federal,Normal,agosto,2025,PC.12-LA,Prédio comercial (12 pavimentos),1664.23,Centro-Oeste
53,Distrito Federal,Normal,setembro,2025,CP.1-2Q,"Casa popular (1 pav, varanda, sala, 2 quartos)",2061.01,Centro-Oeste
53,Distrito Federal,Normal,setembro,2025,CR.1-3Q,"Casa residencial (1 pav, 3 quartos)",1945.44,Centro-Oeste
53,Distrito Federal,Normal,setembro,2025,PR4-3QP,Prédio residencial (4 pavimentos),1665.5,Centro-Oeste
53,Distrito Federal,Normal,setembro,2025,PC.12-LA,Prédio comercial (12 pavimentos),1681.55,Centro-Oeste
53,Distrito Federal,Normal,outubro,2025,CP.1-2Q,"Casa popular (1 pav, varanda, sala, 2 quartos)",2061.19,Centro-Oeste
53,Distrito Federal,Normal,outubro,2025,CR.1-3Q,"Casa residencial (1 pav, 3 quartos)",1945.35,Centro-Oeste
53,Distrito Federal,Normal,outubro,2025,PR4-3QP,Prédio residencial (4 pavimentos),1666.68,Centro-Oeste
53,Distrito Federal,Normal,outubro,2025,PC.12-LA,Prédio comercial (12 pavimentos),1682.83,Centro-Oeste
53,Distrito Federal,Normal,novembro,2025,CP.1-2Q,"Casa popular (1 pav, varanda, sala, 2 quartos)",2060.62,Centro-Oeste
53,Distrito Federal,Normal,novembro,2025,CR.1-3Q,"Casa residencial (1 pav, 3 quartos)",1945.11,Centro-Oeste
53,Distrito Federal,Normal,novembro,2025,PR4-3QP,Prédio residencial (4 pavimentos),1670.59,Centro-Oeste
53,Distrito Federal,Normal,novembro,2025,PC.12-LA,Prédio comercial (12 pavimentos),1686.26,Centro-Oeste
53,Distrito Federal,Normal,dezembro,2025,CP.1-2Q,"Casa popular (1 pav, varanda, sala, 2 quartos)",2063.04,Centro-Oeste
53,Distrito Federal,Normal,dezembro,2025,CR.1-3Q,"Casa residencial (1 pav, 3 quartos)",1948.04,Centro-Oeste
53,Distrito Federal,Normal,dezembro,2025,PR4-3QP,Prédio residencial (4 pavimentos),1669.77,Centro-Oeste
53,Distrito Federal,Normal,dezembro,2025,PC.12-LA,Prédio comercial (12 pavimentos),1683.67,Centro-Oeste
53,Distrito Federal,Baixo,janeiro,2025,CP.1-2Q,"Casa popular (1 pav, varanda, sala, 2 quartos)",1368.15,Centro-Oeste
53,Distrito Federal,Baixo,janeiro,2025,CR.1-3Q,"Casa residencial (1 pav, 3 quartos)",1289.75,Centro-Oeste
53,Distrito Federal,Baixo,janeiro,2025,PR4-3QP,Prédio residencial (4 pavimentos),1271.98,Centro-Oeste
53,Distrito Federal,Baixo,fevereiro,2025,CP.1-2Q,"Casa popular (1 pav, varanda, sala, 2 quartos)",1368.42,Centro-Oeste
53,Distrito Federal,Baixo,fevereiro,2025,CR.1-3Q,"Casa residencial (1 pav, 3 quartos)",1289.64,Centro-Oeste
53,Distrito Federal,Baixo,fevereiro,2025,PR4-3QP,Prédio residencial (4 pavimentos),1268.76,Centro-Oeste
53,Distrito Federal,Baixo,março,2025,CP.1-2Q,"Casa popular (1 pav, varanda, sala, 2 quartos)",1368.68,Centro-Oeste
53,Distrito Federal,Baixo,março,2025,CR.1-3Q,"Casa residencial (1 pav, 3 quartos)",1289.53,Centro-Oeste
53,Distrito Federal,Baixo,março,2025,PR4-3QP,Prédio residencial (4 pavimentos),1267.04,Centro-Oeste
53,Distrito Federal,Baixo,abril,2025,CP.1-2Q,"Casa popular (1 pav, varanda, sala, 2 quartos)",1374.03,Centro-Oeste
53,Distrito Federal,Baixo,abril,2025,CR.1-3Q,"Casa residencial (1 pav, 3 quartos)",1294.25,Centro-Oeste
53,Distrito Federal,Baixo,abril,2025,PR4-3QP,Prédio residencial (4 pavimentos),1272.24,Centro-Oeste
53,Distrito Federal,Baixo,maio,2025,CP.1-2Q,"Casa popular (1 pav, varanda, sala, 2 quartos)",1377.39,Centro-Oeste
53,Distrito Federal,Baixo,maio,2025,CR.1-3Q,"Casa residencial (1 pav, 3 quartos)",1296.68,Centro-Oeste
53,Distrito Federal,Baixo,maio,2025,PR4-3QP,Prédio residencial (4 pavimentos),1272.49,Centro-Oeste
53,Distrito Federal,Baixo,junho,2025,CP.1-2Q,"Casa popular (1 pav, varanda, sala, 2 quartos)",1413.97,Centro-Oeste
53,Distrito Federal,Baixo,junho,2025,CR.1-3Q,"Casa residencial (1 pav, 3 quartos)",1330.87,Centro-Oeste
53,Distrito Federal,Baixo,junho,2025,PR4-3QP,Prédio residencial (4 pavimentos),1298.2,Centro-Oeste
53,Distrito Federal,Baixo,julho,2025,CP.1-2Q,"Casa popular (1 pav, varanda, sala, 2 quartos)",1412.9,Centro-Oeste
53,Distrito Federal,Baixo,julho,2025,CR.1-3Q,"Casa residencial (1 pav, 3 quartos)",1329.76,Centro-Oeste
53,Distrito Federal,Baixo,julho,2025,PR4-3QP,Prédio residencial (4 pavimentos),1300.33,Centro-Oeste
53,Distrito Federal,Baixo,agosto,2025,CP.1-2Q,"Casa popular (1 pav, varanda, sala, 2 quartos)",1420.94,Centro-Oeste
53,Distrito Federal,Baixo,agosto,2025,CR.1-3Q,"Casa residencial (1 pav, 3 quartos)",1337.9,Centro-Oeste
53,Distrito Federal,Baixo,agosto,2025,PR4-3QP,Prédio residencial (4 pavimentos),1311.31,Centro-Oeste
53,Distrito Federal,Baixo,setembro,2025,CP.1-2Q,"Casa popular (1 pav, varanda, sala, 2 quartos)",1430.27,Centro-Oeste
53,Distrito Federal,Baixo,setembro,2025,CR.1-3Q,"Casa residencial (1 pav, 3 quartos)",1346.21,Centro-Oeste
53,Distrito Federal,Baixo,setembro,2025,PR4-3QP,Prédio residencial (4 pavimentos),1322.93,Centro-Oeste
53,Distrito Federal,Baixo,outubro,2025,CP.1-2Q,"Casa popular (1 pav, varanda, sala, 2 quartos)",1430.27,Centro-Oeste
53,Distrito Federal,Baixo,outubro,2025,CR.1-3Q,"Casa residencial (1 pav, 3 quartos)",1346.02,Centro-Oeste
53,Distrito Federal,Baixo,outubro,2025,PR4-3QP,Prédio residencial (4 pavimentos),1325.48,Centro-Oeste
53,Distrito Federal,Baixo,novembro,2025,CP.1-2Q,"Casa popular (1 pav, varanda, sala, 2 quartos)",1429.89,Centro-Oeste
53,Distrito Federal,Baixo,novembro,2025,CR.1-3Q,"Casa residencial (1 pav, 3 quartos)",1346.03,Centro-Oeste
53,Distrito Federal,Baixo,novembro,2025,PR4-3QP,Prédio residencial (4 pavimentos),1329.2,Centro-Oeste
53,Distrito Federal,Baixo,dezembro,2025,CP.1-2Q,"Casa popular (1 pav, varanda, sala, 2 quartos)",1430.85,Centro-Oeste
53,Distrito Federal,Baixo,dezembro,2025,CR.1-3Q,"Casa residencial (1 pav, 3 quartos)",1347.32,Centro-Oeste
53,Distrito Federal,Baixo,dezembro,2025,PR4-3QP,Prédio residencial (4 pavimentos),1327.37,Centro-Oeste
53,Distrito Federal,Mínimo,janeiro,2025,CP.1-2Q,"Casa popular (1 pav, varanda, sala, 2 quartos)",1188.49,Centro-Oeste
53,Distrito Federal,Mínimo,janeiro,2025,CB-MMO,Cesta básica construção,1093.41,Centro-Oeste
53,Distrito Federal,Mínimo,fevereiro,2025,CP.1-2Q,"Casa popular (1 pav, varanda, sala, 2 quartos)",1187.0,Centro-Oeste
53,Distrito Federal,Mínimo,fevereiro,2025,CB-MMO,Cesta básica construção,1092.68,Centro-Oeste
53,Distrito Federal,Mínimo,março,2025,CP.1-2Q,"Casa popular (1 pav, varanda, sala, 2 quartos)",1185.95,Centro-Oeste
53,Distrito Federal,Mínimo,março,2025,CB-MMO,Cesta básica construção,1092.86,Centro-Oeste
53,Distrito Federal,Mínimo,abril,2025,CP.1-2Q,"Casa popular (1 pav, varanda, sala, 2 quartos)",1194.32,Centro-Oeste
53,Distrito Federal,Mínimo,abril,2025,CB-MMO,Cesta básica construção,1100.61,Centro-Oeste
53,Distrito Federal,Mínimo,maio,2025,CP.1-2Q,"Casa popular (1 pav, varanda, sala, 2 quartos)",1194.93,Centro-Oeste
53,Distrito Federal,Mínimo,maio,2025,CB-MMO,Cesta básica construção,1101.68,Centro-Oeste
53,Distrito Federal,Mínimo,junho,2025,CP.1-2Q,"Casa popular (1 pav, varanda, sala, 2 quartos)",1230.89,Centro-Oeste
53,Distrito Federal,Mínimo,junho,2025,CB-MMO,Cesta básica construção,1138.66,Centro-Oeste
53,Distrito Federal,Mínimo,julho,2025,CP.1-2Q,"Casa popular (1 pav, varanda, sala, 2 quartos)",1230.59,Centro-Oeste
53,Distrito Federal,Mínimo,julho,2025,CB-MMO,Cesta básica construção,1138.04,Centro-Oeste
53,Distrito Federal,Mínimo,agosto,2025,CP.1-2Q,"Casa popular (1 pav, varanda, sala, 2 quartos)",1238.87,Centro-Oeste
53,Distrito Federal,Mínimo,agosto,2025,CB-MMO,Cesta básica construção,1146.97,Centro-Oeste
53,Distrito Federal,Mínimo,setembro,2025,CP.1-2Q,"Casa popular (1 pav, varanda, sala, 2 quartos)",1246.03,Centro-Oeste
53,Distrito Federal,Mínimo,setembro,2025,CB-MMO,Cesta básica construção,1153.97,Centro-Oeste
53,Distrito Federal,Mínimo,outubro,2025,CP.1-2Q,"Casa popular (1 pav, varanda, sala, 2 quartos)",1247.91,Centro-Oeste
53,Distrito Federal,Mínimo,outubro,2025,CB-MMO,Cesta básica construção,1156.6,Centro-Oeste
53,Distrito Federal,Mínimo,novembro,2025,CP.1-2Q,"Casa popular (1 pav, varanda, sala, 2 quartos)",1247.01,Centro-Oeste
53,Distrito Federal,Mínimo,novembro,2025,CB-MMO,Cesta básica construção,1155.65,Centro-Oeste
53,Distrito Federal,Mínimo,dezembro,2025,CP.1-2Q,"Casa popular (1 pav, varanda, sala, 2 quartos)",1247.7,Centro-Oeste
53,Distrito Federal,Mínimo,dezembro,2025,CB-MMO,Cesta básica construção,1156.08,Centro-Oeste
